
MDR_project.elf:     file format elf32-littlearm

Sections:
Idx Name          Size      VMA       LMA       File off  Algn
  0 .text         00006914  08000000  08000000  00010000  2**3
                  CONTENTS, ALLOC, LOAD, READONLY, CODE
  1 .data         00000724  20000000  08006914  00020000  2**2
                  CONTENTS, ALLOC, LOAD, CODE
  2 .bss          00000a78  20000724  08007038  00020724  2**2
                  ALLOC
  3 .stack_dummy  00001000  200011a0  200011a0  00020728  2**3
                  CONTENTS, READONLY
  4 .debug_info   0000fb32  00000000  00000000  00021728  2**0
                  CONTENTS, READONLY, DEBUGGING, OCTETS
  5 .debug_abbrev 000032c8  00000000  00000000  0003125a  2**0
                  CONTENTS, READONLY, DEBUGGING, OCTETS
  6 .debug_aranges 00000fa8  00000000  00000000  00034528  2**3
                  CONTENTS, READONLY, DEBUGGING, OCTETS
  7 .debug_ranges 00000d88  00000000  00000000  000354d0  2**0
                  CONTENTS, READONLY, DEBUGGING, OCTETS
  8 .debug_line   00007ddb  00000000  00000000  00036258  2**0
                  CONTENTS, READONLY, DEBUGGING, OCTETS
  9 .debug_str    00006cf0  00000000  00000000  0003e033  2**0
                  CONTENTS, READONLY, DEBUGGING, OCTETS
 10 .comment      00000033  00000000  00000000  00044d23  2**0
                  CONTENTS, READONLY
 11 .ARM.attributes 0000002b  00000000  00000000  00044d56  2**0
                  CONTENTS, READONLY
 12 .debug_frame  00003c44  00000000  00000000  00044d84  2**2
                  CONTENTS, READONLY, DEBUGGING, OCTETS
 13 .debug_loc    0000022c  00000000  00000000  000489c8  2**0
                  CONTENTS, READONLY, DEBUGGING, OCTETS

Disassembly of section .text:

08000000 <__isr_vector>:
 8000000:	20008000 	.word	0x20008000
 8000004:	08005fa9 	.word	0x08005fa9
 8000008:	08005fe5 	.word	0x08005fe5
 800000c:	080001e1 	.word	0x080001e1
 8000010:	080001ed 	.word	0x080001ed
 8000014:	080001f9 	.word	0x080001f9
 8000018:	08000205 	.word	0x08000205
	...
 800002c:	08000211 	.word	0x08000211
 8000030:	0800021d 	.word	0x0800021d
 8000034:	00000000 	.word	0x00000000
 8000038:	08000229 	.word	0x08000229
 800003c:	0800570d 	.word	0x0800570d
 8000040:	08003bd9 	.word	0x08003bd9
 8000044:	08000235 	.word	0x08000235
 8000048:	08000241 	.word	0x08000241
	...
 8000054:	0800024d 	.word	0x0800024d
 8000058:	08000259 	.word	0x08000259
 800005c:	08000265 	.word	0x08000265
 8000060:	08005c59 	.word	0x08005c59
 8000064:	00000000 	.word	0x00000000
 8000068:	08000271 	.word	0x08000271
 800006c:	0800027d 	.word	0x0800027d
 8000070:	08000289 	.word	0x08000289
 8000074:	00000000 	.word	0x00000000
 8000078:	08004fed 	.word	0x08004fed
 800007c:	08000295 	.word	0x08000295
 8000080:	080002a1 	.word	0x080002a1
 8000084:	080002ad 	.word	0x080002ad
 8000088:	00000000 	.word	0x00000000
 800008c:	080002b9 	.word	0x080002b9
 8000090:	080002c5 	.word	0x080002c5
	...
 80000ac:	080002d1 	.word	0x080002d1
 80000b0:	080002dd 	.word	0x080002dd
 80000b4:	080002e9 	.word	0x080002e9
 80000b8:	080002f5 	.word	0x080002f5
 80000bc:	08000301 	.word	0x08000301

080000c0 <SystemCoreClockUpdate>:
  * @note   None
  * @param  None
  * @retval None
  */
void SystemCoreClockUpdate(void)
{
 80000c0:	b480      	push	{r7}
 80000c2:	b085      	sub	sp, #20
 80000c4:	af00      	add	r7, sp, #0
    uint32_t pll_mul;

    /* Compute CPU_CLK frequency */

    /* Determine CPU_C1 frequency */
    if ((MDR_RST_CLK->CPU_CLOCK & (uint32_t)0x00000002) == (uint32_t)0x00000002)
 80000c6:	4b2b      	ldr	r3, [pc, #172]	; (8000174 <SystemCoreClockUpdate+0xb4>)
 80000c8:	68db      	ldr	r3, [r3, #12]
 80000ca:	f003 0302 	and.w	r3, r3, #2
 80000ce:	2b02      	cmp	r3, #2
 80000d0:	d102      	bne.n	80000d8 <SystemCoreClockUpdate+0x18>
    {
        cpu_c1_freq = HSE_Value;
 80000d2:	4b29      	ldr	r3, [pc, #164]	; (8000178 <SystemCoreClockUpdate+0xb8>)
 80000d4:	60fb      	str	r3, [r7, #12]
 80000d6:	e001      	b.n	80000dc <SystemCoreClockUpdate+0x1c>
    }
    else
    {
        cpu_c1_freq = HSI_Value;
 80000d8:	4b27      	ldr	r3, [pc, #156]	; (8000178 <SystemCoreClockUpdate+0xb8>)
 80000da:	60fb      	str	r3, [r7, #12]
    }

    if ((MDR_RST_CLK->CPU_CLOCK & (uint32_t)0x00000001) == (uint32_t)0x00000001)
 80000dc:	4b25      	ldr	r3, [pc, #148]	; (8000174 <SystemCoreClockUpdate+0xb4>)
 80000de:	68db      	ldr	r3, [r3, #12]
 80000e0:	f003 0301 	and.w	r3, r3, #1
 80000e4:	2b01      	cmp	r3, #1
 80000e6:	d102      	bne.n	80000ee <SystemCoreClockUpdate+0x2e>
    {
        cpu_c1_freq /= 2;
 80000e8:	68fb      	ldr	r3, [r7, #12]
 80000ea:	085b      	lsrs	r3, r3, #1
 80000ec:	60fb      	str	r3, [r7, #12]
    }

    /* Determine CPU_C2 frequency */
    cpu_c2_freq = cpu_c1_freq;
 80000ee:	68fb      	ldr	r3, [r7, #12]
 80000f0:	60bb      	str	r3, [r7, #8]

    if ((MDR_RST_CLK->CPU_CLOCK & (uint32_t)0x00000004) == (uint32_t)0x00000004)
 80000f2:	4b20      	ldr	r3, [pc, #128]	; (8000174 <SystemCoreClockUpdate+0xb4>)
 80000f4:	68db      	ldr	r3, [r3, #12]
 80000f6:	f003 0304 	and.w	r3, r3, #4
 80000fa:	2b04      	cmp	r3, #4
 80000fc:	d10b      	bne.n	8000116 <SystemCoreClockUpdate+0x56>
    {
        /* Determine CPU PLL output frequency */
        pll_mul = ((MDR_RST_CLK->PLL_CONTROL >> 8) & (uint32_t)0x0F) + 1;
 80000fe:	4b1d      	ldr	r3, [pc, #116]	; (8000174 <SystemCoreClockUpdate+0xb4>)
 8000100:	685b      	ldr	r3, [r3, #4]
 8000102:	0a1b      	lsrs	r3, r3, #8
 8000104:	f003 030f 	and.w	r3, r3, #15
 8000108:	3301      	adds	r3, #1
 800010a:	607b      	str	r3, [r7, #4]
        cpu_c2_freq *= pll_mul;
 800010c:	68bb      	ldr	r3, [r7, #8]
 800010e:	687a      	ldr	r2, [r7, #4]
 8000110:	fb02 f303 	mul.w	r3, r2, r3
 8000114:	60bb      	str	r3, [r7, #8]
    }

    /*Select CPU_CLK from HSI, CPU_C3, LSE, LSI cases */
    switch ((MDR_RST_CLK->CPU_CLOCK >> 8) & (uint32_t)0x03)
 8000116:	4b17      	ldr	r3, [pc, #92]	; (8000174 <SystemCoreClockUpdate+0xb4>)
 8000118:	68db      	ldr	r3, [r3, #12]
 800011a:	0a1b      	lsrs	r3, r3, #8
 800011c:	f003 0303 	and.w	r3, r3, #3
 8000120:	2b02      	cmp	r3, #2
 8000122:	d018      	beq.n	8000156 <SystemCoreClockUpdate+0x96>
 8000124:	2b02      	cmp	r3, #2
 8000126:	d81b      	bhi.n	8000160 <SystemCoreClockUpdate+0xa0>
 8000128:	2b00      	cmp	r3, #0
 800012a:	d002      	beq.n	8000132 <SystemCoreClockUpdate+0x72>
 800012c:	2b01      	cmp	r3, #1
 800012e:	d004      	beq.n	800013a <SystemCoreClockUpdate+0x7a>
 8000130:	e016      	b.n	8000160 <SystemCoreClockUpdate+0xa0>
    {
        case 0 :
            /* HSI */
            SystemCoreClock = HSI_Value;
 8000132:	4b12      	ldr	r3, [pc, #72]	; (800017c <SystemCoreClockUpdate+0xbc>)
 8000134:	4a10      	ldr	r2, [pc, #64]	; (8000178 <SystemCoreClockUpdate+0xb8>)
 8000136:	601a      	str	r2, [r3, #0]
            break;
 8000138:	e017      	b.n	800016a <SystemCoreClockUpdate+0xaa>
        case 1 :
            /* CPU_C3 */
            /* Determine CPU_C3 frequency */
            cpu_c3_freq = cpu_c2_freq / ((MDR_RST_CLK->CPU_CLOCK >> 4 & (uint32_t)0x0F) + 1);
 800013a:	4b0e      	ldr	r3, [pc, #56]	; (8000174 <SystemCoreClockUpdate+0xb4>)
 800013c:	68db      	ldr	r3, [r3, #12]
 800013e:	091b      	lsrs	r3, r3, #4
 8000140:	f003 030f 	and.w	r3, r3, #15
 8000144:	3301      	adds	r3, #1
 8000146:	68ba      	ldr	r2, [r7, #8]
 8000148:	fbb2 f3f3 	udiv	r3, r2, r3
 800014c:	603b      	str	r3, [r7, #0]
            SystemCoreClock = cpu_c3_freq;
 800014e:	4a0b      	ldr	r2, [pc, #44]	; (800017c <SystemCoreClockUpdate+0xbc>)
 8000150:	683b      	ldr	r3, [r7, #0]
 8000152:	6013      	str	r3, [r2, #0]
            break;
 8000154:	e009      	b.n	800016a <SystemCoreClockUpdate+0xaa>
        case 2 :
            /* LSE */
            SystemCoreClock = LSE_Value;
 8000156:	4b09      	ldr	r3, [pc, #36]	; (800017c <SystemCoreClockUpdate+0xbc>)
 8000158:	f44f 4200 	mov.w	r2, #32768	; 0x8000
 800015c:	601a      	str	r2, [r3, #0]
            break;
 800015e:	e004      	b.n	800016a <SystemCoreClockUpdate+0xaa>
        default : /* case 3 */
            /* LSI */
            SystemCoreClock = LSI_Value;
 8000160:	4b06      	ldr	r3, [pc, #24]	; (800017c <SystemCoreClockUpdate+0xbc>)
 8000162:	f649 4240 	movw	r2, #40000	; 0x9c40
 8000166:	601a      	str	r2, [r3, #0]
            break;
 8000168:	bf00      	nop
    }
}
 800016a:	bf00      	nop
 800016c:	3714      	adds	r7, #20
 800016e:	46bd      	mov	sp, r7
 8000170:	bc80      	pop	{r7}
 8000172:	4770      	bx	lr
 8000174:	40020000 	.word	0x40020000
 8000178:	007a1200 	.word	0x007a1200
 800017c:	2000062c 	.word	0x2000062c

08000180 <SystemInit>:
  * @note   This function should be used only after reset.
  * @param  None
  * @retval None
  */
void SystemInit(void)
{
 8000180:	b580      	push	{r7, lr}
 8000182:	af00      	add	r7, sp, #0
    /* Configure the Vector Table location address */
    SCB->VTOR = (uint32_t) __VECTOR_TABLE_ADDRESS;
 8000184:	4b13      	ldr	r3, [pc, #76]	; (80001d4 <SystemInit+0x54>)
 8000186:	4a14      	ldr	r2, [pc, #80]	; (80001d8 <SystemInit+0x58>)
 8000188:	609a      	str	r2, [r3, #8]

    /* Reset the RST clock configuration to the default reset state */

    /* Reset all clock but RST_CLK bit */
    MDR_RST_CLK->PER_CLOCK     = (uint32_t)0x00000010;
 800018a:	4b14      	ldr	r3, [pc, #80]	; (80001dc <SystemInit+0x5c>)
 800018c:	2210      	movs	r2, #16
 800018e:	61da      	str	r2, [r3, #28]

    /* Reset CPU_CLOCK bits */
    MDR_RST_CLK->CPU_CLOCK     = (uint32_t)0x00000000;
 8000190:	4b12      	ldr	r3, [pc, #72]	; (80001dc <SystemInit+0x5c>)
 8000192:	2200      	movs	r2, #0
 8000194:	60da      	str	r2, [r3, #12]

    /* Reset PLL_CONTROL bits */
    MDR_RST_CLK->PLL_CONTROL   = (uint32_t)0x00000000;
 8000196:	4b11      	ldr	r3, [pc, #68]	; (80001dc <SystemInit+0x5c>)
 8000198:	2200      	movs	r2, #0
 800019a:	605a      	str	r2, [r3, #4]

    /* Reset HSEON and HSEBYP bits */
    MDR_RST_CLK->HS_CONTROL    = (uint32_t)0x00000000;
 800019c:	4b0f      	ldr	r3, [pc, #60]	; (80001dc <SystemInit+0x5c>)
 800019e:	2200      	movs	r2, #0
 80001a0:	609a      	str	r2, [r3, #8]

    /* Reset USB_CLOCK bits */
    MDR_RST_CLK->USB_CLOCK     = (uint32_t)0x00000000;
 80001a2:	4b0e      	ldr	r3, [pc, #56]	; (80001dc <SystemInit+0x5c>)
 80001a4:	2200      	movs	r2, #0
 80001a6:	611a      	str	r2, [r3, #16]

    /* Reset ADC_MCO_CLOCK bits */
    MDR_RST_CLK->ADC_MCO_CLOCK = (uint32_t)0x00000000;
 80001a8:	4b0c      	ldr	r3, [pc, #48]	; (80001dc <SystemInit+0x5c>)
 80001aa:	2200      	movs	r2, #0
 80001ac:	615a      	str	r2, [r3, #20]

    /* Reset RTC_CLOCK bits */
    MDR_RST_CLK->RTC_CLOCK     = (uint32_t)0x00000000;
 80001ae:	4b0b      	ldr	r3, [pc, #44]	; (80001dc <SystemInit+0x5c>)
 80001b0:	2200      	movs	r2, #0
 80001b2:	619a      	str	r2, [r3, #24]

    /* Reset CAN_CLOCK bits */
    MDR_RST_CLK->CAN_CLOCK     = (uint32_t)0x00000000;
 80001b4:	4b09      	ldr	r3, [pc, #36]	; (80001dc <SystemInit+0x5c>)
 80001b6:	2200      	movs	r2, #0
 80001b8:	621a      	str	r2, [r3, #32]

    /* Reset TIM_CLOCK bits */
    MDR_RST_CLK->TIM_CLOCK     = (uint32_t)0x00000000;
 80001ba:	4b08      	ldr	r3, [pc, #32]	; (80001dc <SystemInit+0x5c>)
 80001bc:	2200      	movs	r2, #0
 80001be:	625a      	str	r2, [r3, #36]	; 0x24

    /* Reset UART_CLOCK bits */
    MDR_RST_CLK->UART_CLOCK    = (uint32_t)0x00000000;
 80001c0:	4b06      	ldr	r3, [pc, #24]	; (80001dc <SystemInit+0x5c>)
 80001c2:	2200      	movs	r2, #0
 80001c4:	629a      	str	r2, [r3, #40]	; 0x28

    /* Reset SSP_CLOCK bits */
    MDR_RST_CLK->SSP_CLOCK     = (uint32_t)0x00000000;
 80001c6:	4b05      	ldr	r3, [pc, #20]	; (80001dc <SystemInit+0x5c>)
 80001c8:	2200      	movs	r2, #0
 80001ca:	62da      	str	r2, [r3, #44]	; 0x2c

    SystemCoreClockUpdate();
 80001cc:	f7ff ff78 	bl	80000c0 <SystemCoreClockUpdate>
}
 80001d0:	bf00      	nop
 80001d2:	bd80      	pop	{r7, pc}
 80001d4:	e000ed00 	.word	0xe000ed00
 80001d8:	08000000 	.word	0x08000000
 80001dc:	40020000 	.word	0x40020000

080001e0 <HardFault_Handler>:
* Input          : None
* Output         : None
* Return         : None
*******************************************************************************/
void HardFault_Handler(void)
{
 80001e0:	b480      	push	{r7}
 80001e2:	af00      	add	r7, sp, #0

    /* Go to infinite loop when Hard Fault exception occurs */
    while (1);

#endif /* #if defined (_USE_DEBUG_UART_) */
}
 80001e4:	bf00      	nop
 80001e6:	46bd      	mov	sp, r7
 80001e8:	bc80      	pop	{r7}
 80001ea:	4770      	bx	lr

080001ec <MemManage_Handler>:
* Input          : None
* Output         : None
* Return         : None
*******************************************************************************/
__attribute__((weak)) void MemManage_Handler(void)
{
 80001ec:	b480      	push	{r7}
 80001ee:	af00      	add	r7, sp, #0
}
 80001f0:	bf00      	nop
 80001f2:	46bd      	mov	sp, r7
 80001f4:	bc80      	pop	{r7}
 80001f6:	4770      	bx	lr

080001f8 <BusFault_Handler>:
* Input          : None
* Output         : None
* Return         : None
*******************************************************************************/
__attribute__((weak)) void BusFault_Handler(void)
{
 80001f8:	b480      	push	{r7}
 80001fa:	af00      	add	r7, sp, #0
}
 80001fc:	bf00      	nop
 80001fe:	46bd      	mov	sp, r7
 8000200:	bc80      	pop	{r7}
 8000202:	4770      	bx	lr

08000204 <UsageFault_Handler>:
* Input          : None
* Output         : None
* Return         : None
*******************************************************************************/
__attribute__((weak)) void UsageFault_Handler(void)
{
 8000204:	b480      	push	{r7}
 8000206:	af00      	add	r7, sp, #0
}
 8000208:	bf00      	nop
 800020a:	46bd      	mov	sp, r7
 800020c:	bc80      	pop	{r7}
 800020e:	4770      	bx	lr

08000210 <SVC_Handler>:
* Input          : None
* Output         : None
* Return         : None
*******************************************************************************/
__attribute__((weak)) void SVC_Handler(void)
{
 8000210:	b480      	push	{r7}
 8000212:	af00      	add	r7, sp, #0
}
 8000214:	bf00      	nop
 8000216:	46bd      	mov	sp, r7
 8000218:	bc80      	pop	{r7}
 800021a:	4770      	bx	lr

0800021c <DebugMon_Handler>:
* Input          : None
* Output         : None
* Return         : None
*******************************************************************************/
__attribute__((weak)) void DebugMon_Handler(void)
{
 800021c:	b480      	push	{r7}
 800021e:	af00      	add	r7, sp, #0
}
 8000220:	bf00      	nop
 8000222:	46bd      	mov	sp, r7
 8000224:	bc80      	pop	{r7}
 8000226:	4770      	bx	lr

08000228 <PendSV_Handler>:
* Input          : None
* Output         : None
* Return         : None
*******************************************************************************/
__attribute__((weak)) void PendSV_Handler(void)
{
 8000228:	b480      	push	{r7}
 800022a:	af00      	add	r7, sp, #0
}
 800022c:	bf00      	nop
 800022e:	46bd      	mov	sp, r7
 8000230:	bc80      	pop	{r7}
 8000232:	4770      	bx	lr

08000234 <CAN2_IRQHandler>:
* Input          : None
* Output         : None
* Return         : None
*******************************************************************************/
__attribute__((weak)) void CAN2_IRQHandler(void)
{
 8000234:	b480      	push	{r7}
 8000236:	af00      	add	r7, sp, #0
}
 8000238:	bf00      	nop
 800023a:	46bd      	mov	sp, r7
 800023c:	bc80      	pop	{r7}
 800023e:	4770      	bx	lr

08000240 <USB_IRQHandler>:
* Input          : None
* Output         : None
* Return         : None
*******************************************************************************/
__attribute__((weak)) void USB_IRQHandler(void)
{
 8000240:	b480      	push	{r7}
 8000242:	af00      	add	r7, sp, #0
}
 8000244:	bf00      	nop
 8000246:	46bd      	mov	sp, r7
 8000248:	bc80      	pop	{r7}
 800024a:	4770      	bx	lr

0800024c <DMA_IRQHandler>:
* Input          : None
* Output         : None
* Return         : None
*******************************************************************************/
__attribute__((weak)) void DMA_IRQHandler(void)
{
 800024c:	b480      	push	{r7}
 800024e:	af00      	add	r7, sp, #0
}
 8000250:	bf00      	nop
 8000252:	46bd      	mov	sp, r7
 8000254:	bc80      	pop	{r7}
 8000256:	4770      	bx	lr

08000258 <UART1_IRQHandler>:
* Input          : None
* Output         : None
* Return         : None
*******************************************************************************/
__attribute__((weak)) void UART1_IRQHandler(void)
{
 8000258:	b480      	push	{r7}
 800025a:	af00      	add	r7, sp, #0
}
 800025c:	bf00      	nop
 800025e:	46bd      	mov	sp, r7
 8000260:	bc80      	pop	{r7}
 8000262:	4770      	bx	lr

08000264 <UART2_IRQHandler>:
* Input          : None
* Output         : None
* Return         : None
*******************************************************************************/
__attribute__((weak)) void UART2_IRQHandler(void)
{
 8000264:	b480      	push	{r7}
 8000266:	af00      	add	r7, sp, #0
}
 8000268:	bf00      	nop
 800026a:	46bd      	mov	sp, r7
 800026c:	bc80      	pop	{r7}
 800026e:	4770      	bx	lr

08000270 <I2C_IRQHandler>:
* Input          : None
* Output         : None
* Return         : None
*******************************************************************************/
__attribute__((weak)) void I2C_IRQHandler(void)
{
 8000270:	b480      	push	{r7}
 8000272:	af00      	add	r7, sp, #0
}
 8000274:	bf00      	nop
 8000276:	46bd      	mov	sp, r7
 8000278:	bc80      	pop	{r7}
 800027a:	4770      	bx	lr

0800027c <POWER_IRQHandler>:
* Input          : None
* Output         : None
* Return         : None
*******************************************************************************/
__attribute__((weak)) void POWER_IRQHandler(void)
{
 800027c:	b480      	push	{r7}
 800027e:	af00      	add	r7, sp, #0
}
 8000280:	bf00      	nop
 8000282:	46bd      	mov	sp, r7
 8000284:	bc80      	pop	{r7}
 8000286:	4770      	bx	lr

08000288 <WWDG_IRQHandler>:
* Input          : None
* Output         : None
* Return         : None
*******************************************************************************/
__attribute__((weak)) void WWDG_IRQHandler(void)
{
 8000288:	b480      	push	{r7}
 800028a:	af00      	add	r7, sp, #0
}
 800028c:	bf00      	nop
 800028e:	46bd      	mov	sp, r7
 8000290:	bc80      	pop	{r7}
 8000292:	4770      	bx	lr

08000294 <Timer2_IRQHandler>:
* Input          : None
* Output         : None
* Return         : None
*******************************************************************************/
__attribute__((weak)) void Timer2_IRQHandler(void)
{
 8000294:	b480      	push	{r7}
 8000296:	af00      	add	r7, sp, #0
}
 8000298:	bf00      	nop
 800029a:	46bd      	mov	sp, r7
 800029c:	bc80      	pop	{r7}
 800029e:	4770      	bx	lr

080002a0 <Timer3_IRQHandler>:
* Input          : None
* Output         : None
* Return         : None
*******************************************************************************/
__attribute__((weak)) void Timer3_IRQHandler(void)
{
 80002a0:	b480      	push	{r7}
 80002a2:	af00      	add	r7, sp, #0
}
 80002a4:	bf00      	nop
 80002a6:	46bd      	mov	sp, r7
 80002a8:	bc80      	pop	{r7}
 80002aa:	4770      	bx	lr

080002ac <ADC_IRQHandler>:
* Input          : None
* Output         : None
* Return         : None
*******************************************************************************/
__attribute__((weak)) void ADC_IRQHandler(void)
{
 80002ac:	b480      	push	{r7}
 80002ae:	af00      	add	r7, sp, #0
}
 80002b0:	bf00      	nop
 80002b2:	46bd      	mov	sp, r7
 80002b4:	bc80      	pop	{r7}
 80002b6:	4770      	bx	lr

080002b8 <COMPARATOR_IRQHandler>:
* Input          : None
* Output         : None
* Return         : None
*******************************************************************************/
__attribute__((weak)) void COMPARATOR_IRQHandler(void)
{
 80002b8:	b480      	push	{r7}
 80002ba:	af00      	add	r7, sp, #0
}
 80002bc:	bf00      	nop
 80002be:	46bd      	mov	sp, r7
 80002c0:	bc80      	pop	{r7}
 80002c2:	4770      	bx	lr

080002c4 <SSP2_IRQHandler>:
* Input          : None
* Output         : None
* Return         : None
*******************************************************************************/
__attribute__((weak)) void SSP2_IRQHandler(void)
{
 80002c4:	b480      	push	{r7}
 80002c6:	af00      	add	r7, sp, #0
}
 80002c8:	bf00      	nop
 80002ca:	46bd      	mov	sp, r7
 80002cc:	bc80      	pop	{r7}
 80002ce:	4770      	bx	lr

080002d0 <BACKUP_IRQHandler>:
* Input          : None
* Output         : None
* Return         : None
*******************************************************************************/
__attribute__((weak)) void BACKUP_IRQHandler(void)
{
 80002d0:	b480      	push	{r7}
 80002d2:	af00      	add	r7, sp, #0
}
 80002d4:	bf00      	nop
 80002d6:	46bd      	mov	sp, r7
 80002d8:	bc80      	pop	{r7}
 80002da:	4770      	bx	lr

080002dc <EXT_INT1_IRQHandler>:
* Input          : None
* Output         : None
* Return         : None
*******************************************************************************/
__attribute__((weak)) void EXT_INT1_IRQHandler(void)
{
 80002dc:	b480      	push	{r7}
 80002de:	af00      	add	r7, sp, #0
}
 80002e0:	bf00      	nop
 80002e2:	46bd      	mov	sp, r7
 80002e4:	bc80      	pop	{r7}
 80002e6:	4770      	bx	lr

080002e8 <EXT_INT2_IRQHandler>:
* Input          : None
* Output         : None
* Return         : None
*******************************************************************************/
__attribute__((weak)) void EXT_INT2_IRQHandler(void)
{
 80002e8:	b480      	push	{r7}
 80002ea:	af00      	add	r7, sp, #0
}
 80002ec:	bf00      	nop
 80002ee:	46bd      	mov	sp, r7
 80002f0:	bc80      	pop	{r7}
 80002f2:	4770      	bx	lr

080002f4 <EXT_INT3_IRQHandler>:
* Input          : None
* Output         : None
* Return         : None
*******************************************************************************/
__attribute__((weak)) void EXT_INT3_IRQHandler(void)
{
 80002f4:	b480      	push	{r7}
 80002f6:	af00      	add	r7, sp, #0
}
 80002f8:	bf00      	nop
 80002fa:	46bd      	mov	sp, r7
 80002fc:	bc80      	pop	{r7}
 80002fe:	4770      	bx	lr

08000300 <EXT_INT4_IRQHandler>:
* Input          : None
* Output         : None
* Return         : None
*******************************************************************************/
__attribute__((weak)) void EXT_INT4_IRQHandler(void)
{
 8000300:	b480      	push	{r7}
 8000302:	af00      	add	r7, sp, #0
}
 8000304:	bf00      	nop
 8000306:	46bd      	mov	sp, r7
 8000308:	bc80      	pop	{r7}
 800030a:	4770      	bx	lr

0800030c <BKP_DUccMode>:
  * @brief  Select the internal voltage regulator mode
  * @param  DUccMode - @ref BKP_DUcc_Mode - specifies the DUcc mode.
  * @retval None
  */
void BKP_DUccMode(BKP_DUcc_Mode DUccMode)
{
 800030c:	b480      	push	{r7}
 800030e:	b085      	sub	sp, #20
 8000310:	af00      	add	r7, sp, #0
 8000312:	4603      	mov	r3, r0
 8000314:	71fb      	strb	r3, [r7, #7]

    /* Check the parameters */
    assert_param(IS_BKP_DUCC_MODE(DUccMode));

    /* Clear BKP_REG0E[5:0] bits */
    tmpreg  = MDR_BKP -> REG_0E & (uint32_t) (~DUcc_Mask);
 8000316:	4b09      	ldr	r3, [pc, #36]	; (800033c <BKP_DUccMode+0x30>)
 8000318:	6b9b      	ldr	r3, [r3, #56]	; 0x38
 800031a:	f023 033f 	bic.w	r3, r3, #63	; 0x3f
 800031e:	60fb      	str	r3, [r7, #12]

    /* Set BKP_REG0E[5:0] bits according to DUcc mode */
    tmpreg |= DUcc_Mask & DUccMode;
 8000320:	79fb      	ldrb	r3, [r7, #7]
 8000322:	f003 033f 	and.w	r3, r3, #63	; 0x3f
 8000326:	68fa      	ldr	r2, [r7, #12]
 8000328:	4313      	orrs	r3, r2
 800032a:	60fb      	str	r3, [r7, #12]

    MDR_BKP -> REG_0E = tmpreg;
 800032c:	4a03      	ldr	r2, [pc, #12]	; (800033c <BKP_DUccMode+0x30>)
 800032e:	68fb      	ldr	r3, [r7, #12]
 8000330:	6393      	str	r3, [r2, #56]	; 0x38
}
 8000332:	bf00      	nop
 8000334:	3714      	adds	r7, #20
 8000336:	46bd      	mov	sp, r7
 8000338:	bc80      	pop	{r7}
 800033a:	4770      	bx	lr
 800033c:	400d8000 	.word	0x400d8000

08000340 <CAN_DeInit>:
  * @param  CANx: Select the CAN peripheral.
  *         This parameter can be one of the following values: MDR_CAN1, MDR_CAN2.
  * @retval None
  */
void CAN_DeInit(MDR_CAN_TypeDef* CANx)
{
 8000340:	b480      	push	{r7}
 8000342:	b085      	sub	sp, #20
 8000344:	af00      	add	r7, sp, #0
 8000346:	6078      	str	r0, [r7, #4]
    uint32_t i;

    /* Check the parameters */
    assert_param(IS_CAN_ALL_PERIPH(CANx));

    CANx->CONTROL = 0;
 8000348:	687b      	ldr	r3, [r7, #4]
 800034a:	2200      	movs	r2, #0
 800034c:	601a      	str	r2, [r3, #0]
    CANx->STATUS = 0;
 800034e:	687b      	ldr	r3, [r7, #4]
 8000350:	2200      	movs	r2, #0
 8000352:	605a      	str	r2, [r3, #4]
    CANx->BITTMNG = 0;
 8000354:	687b      	ldr	r3, [r7, #4]
 8000356:	2200      	movs	r2, #0
 8000358:	609a      	str	r2, [r3, #8]
    CANx->INT_EN = 0;
 800035a:	687b      	ldr	r3, [r7, #4]
 800035c:	2200      	movs	r2, #0
 800035e:	611a      	str	r2, [r3, #16]
    CANx->OVER = 0;
 8000360:	687b      	ldr	r3, [r7, #4]
 8000362:	2200      	movs	r2, #0
 8000364:	61da      	str	r2, [r3, #28]
    CANx->INT_RX = 0;
 8000366:	687b      	ldr	r3, [r7, #4]
 8000368:	2200      	movs	r2, #0
 800036a:	f8c3 20c0 	str.w	r2, [r3, #192]	; 0xc0
    CANx->INT_TX = 0;
 800036e:	687b      	ldr	r3, [r7, #4]
 8000370:	2200      	movs	r2, #0
 8000372:	f8c3 20c8 	str.w	r2, [r3, #200]	; 0xc8

    for (i = 0; i < 32; i++)
 8000376:	2300      	movs	r3, #0
 8000378:	60fb      	str	r3, [r7, #12]
 800037a:	e008      	b.n	800038e <CAN_DeInit+0x4e>
    {
        CANx->BUF_CON[i] = 0;
 800037c:	687b      	ldr	r3, [r7, #4]
 800037e:	68fa      	ldr	r2, [r7, #12]
 8000380:	3210      	adds	r2, #16
 8000382:	2100      	movs	r1, #0
 8000384:	f843 1022 	str.w	r1, [r3, r2, lsl #2]
    for (i = 0; i < 32; i++)
 8000388:	68fb      	ldr	r3, [r7, #12]
 800038a:	3301      	adds	r3, #1
 800038c:	60fb      	str	r3, [r7, #12]
 800038e:	68fb      	ldr	r3, [r7, #12]
 8000390:	2b1f      	cmp	r3, #31
 8000392:	d9f3      	bls.n	800037c <CAN_DeInit+0x3c>
    }
}
 8000394:	bf00      	nop
 8000396:	bf00      	nop
 8000398:	3714      	adds	r7, #20
 800039a:	46bd      	mov	sp, r7
 800039c:	bc80      	pop	{r7}
 800039e:	4770      	bx	lr

080003a0 <CAN_Init>:
  * @param  CAN_InitStruct: pointer to a @ref CAN_InitTypeDef structure
  *         that contains the configuration information for the specified CAN peripheral.
  * @retval None
  */
void CAN_Init(MDR_CAN_TypeDef* CANx, const CAN_InitTypeDef* CAN_InitStruct)
{
 80003a0:	b480      	push	{r7}
 80003a2:	b087      	sub	sp, #28
 80003a4:	af00      	add	r7, sp, #0
 80003a6:	6078      	str	r0, [r7, #4]
 80003a8:	6039      	str	r1, [r7, #0]
    uint32_t tmpreg_CONTROL = 0;
 80003aa:	2300      	movs	r3, #0
 80003ac:	617b      	str	r3, [r7, #20]
    assert_param(IS_CAN_SEG2_VALUE(CAN_InitStruct->CAN_SEG2));
    assert_param(IS_CAN_SJW_VALUE(CAN_InitStruct->CAN_SJW));
    assert_param(IS_CAN_SAMPLING_MODE(CAN_InitStruct->CAN_SB));

    /* Configure CONTROL register*/
    if (CAN_InitStruct->CAN_ROP != DISABLE)
 80003ae:	683b      	ldr	r3, [r7, #0]
 80003b0:	781b      	ldrb	r3, [r3, #0]
 80003b2:	2b00      	cmp	r3, #0
 80003b4:	d003      	beq.n	80003be <CAN_Init+0x1e>
    {
        tmpreg_CONTROL |= CAN_CONTROL_ROP;
 80003b6:	697b      	ldr	r3, [r7, #20]
 80003b8:	f043 0310 	orr.w	r3, r3, #16
 80003bc:	617b      	str	r3, [r7, #20]
    }
    if (CAN_InitStruct->CAN_SAP != DISABLE)
 80003be:	683b      	ldr	r3, [r7, #0]
 80003c0:	785b      	ldrb	r3, [r3, #1]
 80003c2:	2b00      	cmp	r3, #0
 80003c4:	d003      	beq.n	80003ce <CAN_Init+0x2e>
    {
        tmpreg_CONTROL |= CAN_CONTROL_SAP;
 80003c6:	697b      	ldr	r3, [r7, #20]
 80003c8:	f043 0308 	orr.w	r3, r3, #8
 80003cc:	617b      	str	r3, [r7, #20]
    }
    if (CAN_InitStruct->CAN_STM != DISABLE)
 80003ce:	683b      	ldr	r3, [r7, #0]
 80003d0:	789b      	ldrb	r3, [r3, #2]
 80003d2:	2b00      	cmp	r3, #0
 80003d4:	d003      	beq.n	80003de <CAN_Init+0x3e>
    {
        tmpreg_CONTROL |= CAN_CONTROL_STM;
 80003d6:	697b      	ldr	r3, [r7, #20]
 80003d8:	f043 0304 	orr.w	r3, r3, #4
 80003dc:	617b      	str	r3, [r7, #20]
    }
    if (CAN_InitStruct->CAN_ROM != DISABLE)
 80003de:	683b      	ldr	r3, [r7, #0]
 80003e0:	78db      	ldrb	r3, [r3, #3]
 80003e2:	2b00      	cmp	r3, #0
 80003e4:	d003      	beq.n	80003ee <CAN_Init+0x4e>
    {
        tmpreg_CONTROL |= CAN_CONTROL_ROM;
 80003e6:	697b      	ldr	r3, [r7, #20]
 80003e8:	f043 0302 	orr.w	r3, r3, #2
 80003ec:	617b      	str	r3, [r7, #20]
    }
    CANx->CONTROL = tmpreg_CONTROL;
 80003ee:	687b      	ldr	r3, [r7, #4]
 80003f0:	697a      	ldr	r2, [r7, #20]
 80003f2:	601a      	str	r2, [r3, #0]

    /* Configure BITTMNG register*/
    tmpreg_BITTMNG = CAN_InitStruct->CAN_PSEG + CAN_InitStruct->CAN_SEG1 +
 80003f4:	683b      	ldr	r3, [r7, #0]
 80003f6:	685a      	ldr	r2, [r3, #4]
 80003f8:	683b      	ldr	r3, [r7, #0]
 80003fa:	689b      	ldr	r3, [r3, #8]
 80003fc:	441a      	add	r2, r3
                     CAN_InitStruct->CAN_SEG2 + CAN_InitStruct->CAN_SJW +
 80003fe:	683b      	ldr	r3, [r7, #0]
 8000400:	68db      	ldr	r3, [r3, #12]
    tmpreg_BITTMNG = CAN_InitStruct->CAN_PSEG + CAN_InitStruct->CAN_SEG1 +
 8000402:	441a      	add	r2, r3
                     CAN_InitStruct->CAN_SEG2 + CAN_InitStruct->CAN_SJW +
 8000404:	683b      	ldr	r3, [r7, #0]
 8000406:	691b      	ldr	r3, [r3, #16]
 8000408:	4413      	add	r3, r2
                     (uint32_t)(CAN_InitStruct->CAN_BRP);
 800040a:	683a      	ldr	r2, [r7, #0]
 800040c:	8b12      	ldrh	r2, [r2, #24]
    tmpreg_BITTMNG = CAN_InitStruct->CAN_PSEG + CAN_InitStruct->CAN_SEG1 +
 800040e:	4413      	add	r3, r2
 8000410:	60fb      	str	r3, [r7, #12]
    tmpreg_BITTMNG |= CAN_InitStruct->CAN_SB;
 8000412:	683b      	ldr	r3, [r7, #0]
 8000414:	695b      	ldr	r3, [r3, #20]
 8000416:	68fa      	ldr	r2, [r7, #12]
 8000418:	4313      	orrs	r3, r2
 800041a:	60fb      	str	r3, [r7, #12]
    CANx->BITTMNG = tmpreg_BITTMNG;
 800041c:	687b      	ldr	r3, [r7, #4]
 800041e:	68fa      	ldr	r2, [r7, #12]
 8000420:	609a      	str	r2, [r3, #8]

    /* Initialize Filters */
    for (i = 0; i < 32; i++)
 8000422:	2300      	movs	r3, #0
 8000424:	613b      	str	r3, [r7, #16]
 8000426:	e00f      	b.n	8000448 <CAN_Init+0xa8>
    {
        CANx->CAN_BUF_FILTER[i].FILTER = 0;
 8000428:	687a      	ldr	r2, [r7, #4]
 800042a:	693b      	ldr	r3, [r7, #16]
 800042c:	33a0      	adds	r3, #160	; 0xa0
 800042e:	00db      	lsls	r3, r3, #3
 8000430:	4413      	add	r3, r2
 8000432:	2200      	movs	r2, #0
 8000434:	605a      	str	r2, [r3, #4]
        CANx->CAN_BUF_FILTER[i].MASK = 0;
 8000436:	687b      	ldr	r3, [r7, #4]
 8000438:	693a      	ldr	r2, [r7, #16]
 800043a:	32a0      	adds	r2, #160	; 0xa0
 800043c:	2100      	movs	r1, #0
 800043e:	f843 1032 	str.w	r1, [r3, r2, lsl #3]
    for (i = 0; i < 32; i++)
 8000442:	693b      	ldr	r3, [r7, #16]
 8000444:	3301      	adds	r3, #1
 8000446:	613b      	str	r3, [r7, #16]
 8000448:	693b      	ldr	r3, [r7, #16]
 800044a:	2b1f      	cmp	r3, #31
 800044c:	d9ec      	bls.n	8000428 <CAN_Init+0x88>
    }

    /* Configure OVER register*/
    CANx->OVER = (uint32_t)(CAN_InitStruct->CAN_OVER_ERROR_MAX);
 800044e:	683b      	ldr	r3, [r7, #0]
 8000450:	7e9b      	ldrb	r3, [r3, #26]
 8000452:	461a      	mov	r2, r3
 8000454:	687b      	ldr	r3, [r7, #4]
 8000456:	61da      	str	r2, [r3, #28]
}
 8000458:	bf00      	nop
 800045a:	371c      	adds	r7, #28
 800045c:	46bd      	mov	sp, r7
 800045e:	bc80      	pop	{r7}
 8000460:	4770      	bx	lr

08000462 <CAN_StructInit>:
  * @param  CAN_InitStruct: pointer to a @ref CAN_InitTypeDef structure
  *         that is to be initialized.
  * @retval None
  */
void CAN_StructInit(CAN_InitTypeDef* CAN_InitStruct)
{
 8000462:	b480      	push	{r7}
 8000464:	b083      	sub	sp, #12
 8000466:	af00      	add	r7, sp, #0
 8000468:	6078      	str	r0, [r7, #4]
    /* Reset CAN init structure parameters values */
    /* Own packet reception: disabled */
    CAN_InitStruct->CAN_ROP = DISABLE;
 800046a:	687b      	ldr	r3, [r7, #4]
 800046c:	2200      	movs	r2, #0
 800046e:	701a      	strb	r2, [r3, #0]
    /* Sending ACK on own packets: disabled */
    CAN_InitStruct->CAN_SAP = DISABLE;
 8000470:	687b      	ldr	r3, [r7, #4]
 8000472:	2200      	movs	r2, #0
 8000474:	705a      	strb	r2, [r3, #1]
    /* Self Test mode: disabled */
    CAN_InitStruct->CAN_STM = DISABLE;
 8000476:	687b      	ldr	r3, [r7, #4]
 8000478:	2200      	movs	r2, #0
 800047a:	709a      	strb	r2, [r3, #2]
    /* Read Only mode: disabled */
    CAN_InitStruct->CAN_ROM = DISABLE;
 800047c:	687b      	ldr	r3, [r7, #4]
 800047e:	2200      	movs	r2, #0
 8000480:	70da      	strb	r2, [r3, #3]
    /* CAN_PSEG member */
    CAN_InitStruct->CAN_PSEG = CAN_PSEG_Mul_1TQ;
 8000482:	687b      	ldr	r3, [r7, #4]
 8000484:	2200      	movs	r2, #0
 8000486:	605a      	str	r2, [r3, #4]
    /* CAN_SEG1 member */
    CAN_InitStruct->CAN_SEG1 = CAN_SEG1_Mul_2TQ;
 8000488:	687b      	ldr	r3, [r7, #4]
 800048a:	f44f 2200 	mov.w	r2, #524288	; 0x80000
 800048e:	609a      	str	r2, [r3, #8]
    /* CAN_SEG2 member */
    CAN_InitStruct->CAN_SEG2 = CAN_SEG2_Mul_6TQ;
 8000490:	687b      	ldr	r3, [r7, #4]
 8000492:	f04f 72a0 	mov.w	r2, #20971520	; 0x1400000
 8000496:	60da      	str	r2, [r3, #12]
    /* CAN_SEG2 member */
    CAN_InitStruct->CAN_SJW = CAN_SJW_Mul_1TQ;
 8000498:	687b      	ldr	r3, [r7, #4]
 800049a:	2200      	movs	r2, #0
 800049c:	611a      	str	r2, [r3, #16]
    /* Sampling mode member */
    CAN_InitStruct->CAN_SB = CAN_SB_1_SAMPLE;
 800049e:	687b      	ldr	r3, [r7, #4]
 80004a0:	2200      	movs	r2, #0
 80004a2:	615a      	str	r2, [r3, #20]
    /* CAN_BRP member */
    CAN_InitStruct->CAN_BRP = 0;
 80004a4:	687b      	ldr	r3, [r7, #4]
 80004a6:	2200      	movs	r2, #0
 80004a8:	831a      	strh	r2, [r3, #24]
    /* CAN_OVER_ERROR_MAX member */
    CAN_InitStruct->CAN_OVER_ERROR_MAX = 255;
 80004aa:	687b      	ldr	r3, [r7, #4]
 80004ac:	22ff      	movs	r2, #255	; 0xff
 80004ae:	769a      	strb	r2, [r3, #26]
}
 80004b0:	bf00      	nop
 80004b2:	370c      	adds	r7, #12
 80004b4:	46bd      	mov	sp, r7
 80004b6:	bc80      	pop	{r7}
 80004b8:	4770      	bx	lr

080004ba <CAN_FilterInit>:
  * @param  CAN_FilterInitStruct: pointer to a @ref CAN_FilterInitTypeDef structure
  *         that contains the configuration information.
  * @retval None.
  */
void CAN_FilterInit(MDR_CAN_TypeDef* CANx, uint32_t BufferNumber, CAN_FilterInitTypeDef* CAN_FilterInitStruct)
{
 80004ba:	b480      	push	{r7}
 80004bc:	b085      	sub	sp, #20
 80004be:	af00      	add	r7, sp, #0
 80004c0:	60f8      	str	r0, [r7, #12]
 80004c2:	60b9      	str	r1, [r7, #8]
 80004c4:	607a      	str	r2, [r7, #4]
    assert_param(IS_CAN_ALL_PERIPH(CANx));
    assert_param(IS_CAN_BUFFER(BufferNumber));
    assert_param(IS_CAN_ID(CAN_FilterInitStruct->Filter_ID));
    assert_param(IS_CAN_ID(CAN_FilterInitStruct->Mask_ID));

    CANx->CAN_BUF_FILTER[BufferNumber].FILTER  = CAN_FilterInitStruct->Filter_ID;
 80004c6:	687b      	ldr	r3, [r7, #4]
 80004c8:	681a      	ldr	r2, [r3, #0]
 80004ca:	68f9      	ldr	r1, [r7, #12]
 80004cc:	68bb      	ldr	r3, [r7, #8]
 80004ce:	33a0      	adds	r3, #160	; 0xa0
 80004d0:	00db      	lsls	r3, r3, #3
 80004d2:	440b      	add	r3, r1
 80004d4:	605a      	str	r2, [r3, #4]
    CANx->CAN_BUF_FILTER[BufferNumber].MASK    = CAN_FilterInitStruct->Mask_ID;
 80004d6:	687b      	ldr	r3, [r7, #4]
 80004d8:	6859      	ldr	r1, [r3, #4]
 80004da:	68fb      	ldr	r3, [r7, #12]
 80004dc:	68ba      	ldr	r2, [r7, #8]
 80004de:	32a0      	adds	r2, #160	; 0xa0
 80004e0:	f843 1032 	str.w	r1, [r3, r2, lsl #3]
}
 80004e4:	bf00      	nop
 80004e6:	3714      	adds	r7, #20
 80004e8:	46bd      	mov	sp, r7
 80004ea:	bc80      	pop	{r7}
 80004ec:	4770      	bx	lr

080004ee <CAN_ITConfig>:
  *         This parameter can be any combination of @ref CAN_IT_Def values.
  * @param  NewState: new state of the CAN interrupts.
  * @retval None.
  */
void CAN_ITConfig(MDR_CAN_TypeDef* CANx, uint32_t CAN_IT, FunctionalState NewState)
{
 80004ee:	b480      	push	{r7}
 80004f0:	b085      	sub	sp, #20
 80004f2:	af00      	add	r7, sp, #0
 80004f4:	60f8      	str	r0, [r7, #12]
 80004f6:	60b9      	str	r1, [r7, #8]
 80004f8:	4613      	mov	r3, r2
 80004fa:	71fb      	strb	r3, [r7, #7]
    /* Check the parameters */
    assert_param(IS_CAN_ALL_PERIPH(CANx));
    assert_param(IS_CAN_ITConfig(CAN_IT));
    assert_param(IS_FUNCTIONAL_STATE(NewState));

    if (NewState != DISABLE)
 80004fc:	79fb      	ldrb	r3, [r7, #7]
 80004fe:	2b00      	cmp	r3, #0
 8000500:	d006      	beq.n	8000510 <CAN_ITConfig+0x22>
    {
        CANx->INT_EN |= CAN_IT;
 8000502:	68fb      	ldr	r3, [r7, #12]
 8000504:	691a      	ldr	r2, [r3, #16]
 8000506:	68bb      	ldr	r3, [r7, #8]
 8000508:	431a      	orrs	r2, r3
 800050a:	68fb      	ldr	r3, [r7, #12]
 800050c:	611a      	str	r2, [r3, #16]
    }
    else
    {
        CANx->INT_EN &= ~CAN_IT;
    }
}
 800050e:	e006      	b.n	800051e <CAN_ITConfig+0x30>
        CANx->INT_EN &= ~CAN_IT;
 8000510:	68fb      	ldr	r3, [r7, #12]
 8000512:	691a      	ldr	r2, [r3, #16]
 8000514:	68bb      	ldr	r3, [r7, #8]
 8000516:	43db      	mvns	r3, r3
 8000518:	401a      	ands	r2, r3
 800051a:	68fb      	ldr	r3, [r7, #12]
 800051c:	611a      	str	r2, [r3, #16]
}
 800051e:	bf00      	nop
 8000520:	3714      	adds	r7, #20
 8000522:	46bd      	mov	sp, r7
 8000524:	bc80      	pop	{r7}
 8000526:	4770      	bx	lr

08000528 <CAN_Transmit>:
  * @param  BufferNumber: the number of the buffer that is used for transmission.
  * @param  TxMessage: pointer to a @ref CAN_TxMsgTypeDef structure.
  * @retval None
  */
void CAN_Transmit(MDR_CAN_TypeDef* CANx, uint32_t BufferNumber, CAN_TxMsgTypeDef* TxMessage)
{
 8000528:	b480      	push	{r7}
 800052a:	b087      	sub	sp, #28
 800052c:	af00      	add	r7, sp, #0
 800052e:	60f8      	str	r0, [r7, #12]
 8000530:	60b9      	str	r1, [r7, #8]
 8000532:	607a      	str	r2, [r7, #4]
    assert_param(IS_FUNCTIONAL_STATE(TxMessage->PRIOR_0));
    assert_param(IS_CAN_ID(TxMessage->ID));

    /* Configure CAN_BUF_ID and CAN_BUF_DLC registers */
    /* Packet format */
    if (TxMessage->IDE == CAN_ID_STD)
 8000534:	687b      	ldr	r3, [r7, #4]
 8000536:	795b      	ldrb	r3, [r3, #5]
 8000538:	2b00      	cmp	r3, #0
 800053a:	d105      	bne.n	8000548 <CAN_Transmit+0x20>
    {
        /* Standard */
        tmpreg = CAN_BUF_DLC_STD + TxMessage->DLC;
 800053c:	687b      	ldr	r3, [r7, #4]
 800053e:	799b      	ldrb	r3, [r3, #6]
 8000540:	f503 6320 	add.w	r3, r3, #2560	; 0xa00
 8000544:	617b      	str	r3, [r7, #20]
 8000546:	e004      	b.n	8000552 <CAN_Transmit+0x2a>
    }
    else
    {
        /* Extended */
        tmpreg = CAN_BUF_DLC_EXT + TxMessage->DLC;
 8000548:	687b      	ldr	r3, [r7, #4]
 800054a:	799b      	ldrb	r3, [r3, #6]
 800054c:	f503 53d0 	add.w	r3, r3, #6656	; 0x1a00
 8000550:	617b      	str	r3, [r7, #20]
    }
    CANx->CAN_BUF[BufferNumber].DLC = tmpreg;
 8000552:	68fa      	ldr	r2, [r7, #12]
 8000554:	68bb      	ldr	r3, [r7, #8]
 8000556:	3320      	adds	r3, #32
 8000558:	011b      	lsls	r3, r3, #4
 800055a:	4413      	add	r3, r2
 800055c:	3304      	adds	r3, #4
 800055e:	697a      	ldr	r2, [r7, #20]
 8000560:	601a      	str	r2, [r3, #0]
    CANx->CAN_BUF[BufferNumber].ID  = TxMessage->ID;
 8000562:	687b      	ldr	r3, [r7, #4]
 8000564:	681a      	ldr	r2, [r3, #0]
 8000566:	68f9      	ldr	r1, [r7, #12]
 8000568:	68bb      	ldr	r3, [r7, #8]
 800056a:	3320      	adds	r3, #32
 800056c:	011b      	lsls	r3, r3, #4
 800056e:	440b      	add	r3, r1
 8000570:	601a      	str	r2, [r3, #0]

    /* Buffer data unit */
    CANx->CAN_BUF[BufferNumber].DATAL = TxMessage->Data[0];
 8000572:	687b      	ldr	r3, [r7, #4]
 8000574:	689a      	ldr	r2, [r3, #8]
 8000576:	68f9      	ldr	r1, [r7, #12]
 8000578:	68bb      	ldr	r3, [r7, #8]
 800057a:	011b      	lsls	r3, r3, #4
 800057c:	440b      	add	r3, r1
 800057e:	f503 7302 	add.w	r3, r3, #520	; 0x208
 8000582:	601a      	str	r2, [r3, #0]
    CANx->CAN_BUF[BufferNumber].DATAH = TxMessage->Data[1];
 8000584:	687b      	ldr	r3, [r7, #4]
 8000586:	68da      	ldr	r2, [r3, #12]
 8000588:	68f9      	ldr	r1, [r7, #12]
 800058a:	68bb      	ldr	r3, [r7, #8]
 800058c:	011b      	lsls	r3, r3, #4
 800058e:	440b      	add	r3, r1
 8000590:	f503 7303 	add.w	r3, r3, #524	; 0x20c
 8000594:	601a      	str	r2, [r3, #0]

    /* Configure CAN_BUF_CON register */
    tmpreg = 0;
 8000596:	2300      	movs	r3, #0
 8000598:	617b      	str	r3, [r7, #20]
    /* Transmission priority */
    if (TxMessage->PRIOR_0 != DISABLE)
 800059a:	687b      	ldr	r3, [r7, #4]
 800059c:	791b      	ldrb	r3, [r3, #4]
 800059e:	2b00      	cmp	r3, #0
 80005a0:	d003      	beq.n	80005aa <CAN_Transmit+0x82>
    {
        tmpreg |= CAN_BUF_CON_PRIOR_0;
 80005a2:	697b      	ldr	r3, [r7, #20]
 80005a4:	f043 0310 	orr.w	r3, r3, #16
 80005a8:	617b      	str	r3, [r7, #20]
    }
    /* Set transmission request bit */
    tmpreg |= CAN_BUF_CON_TX_REQ;
 80005aa:	697b      	ldr	r3, [r7, #20]
 80005ac:	f043 0320 	orr.w	r3, r3, #32
 80005b0:	617b      	str	r3, [r7, #20]
    /* Enable buffer */
    tmpreg |= CAN_BUF_CON_EN;
 80005b2:	697b      	ldr	r3, [r7, #20]
 80005b4:	f043 0301 	orr.w	r3, r3, #1
 80005b8:	617b      	str	r3, [r7, #20]

    CANx->BUF_CON[BufferNumber] = tmpreg;
 80005ba:	68fb      	ldr	r3, [r7, #12]
 80005bc:	68ba      	ldr	r2, [r7, #8]
 80005be:	3210      	adds	r2, #16
 80005c0:	6979      	ldr	r1, [r7, #20]
 80005c2:	f843 1022 	str.w	r1, [r3, r2, lsl #2]
}
 80005c6:	bf00      	nop
 80005c8:	371c      	adds	r7, #28
 80005ca:	46bd      	mov	sp, r7
 80005cc:	bc80      	pop	{r7}
 80005ce:	4770      	bx	lr

080005d0 <CAN_Receive>:
  * @param  BufferNumber: the number of the buffer that is used for reception.
  * @param  OverWrite - @ref FunctionalState - Enables or disables overwrite mode.
  * @retval None
  */
void CAN_Receive(MDR_CAN_TypeDef* CANx, uint32_t BufferNumber, FunctionalState OverWrite)
{
 80005d0:	b480      	push	{r7}
 80005d2:	b087      	sub	sp, #28
 80005d4:	af00      	add	r7, sp, #0
 80005d6:	60f8      	str	r0, [r7, #12]
 80005d8:	60b9      	str	r1, [r7, #8]
 80005da:	4613      	mov	r3, r2
 80005dc:	71fb      	strb	r3, [r7, #7]
    uint32_t tmpreg = 0;
 80005de:	2300      	movs	r3, #0
 80005e0:	617b      	str	r3, [r7, #20]
    assert_param(IS_CAN_BUFFER(BufferNumber));
    assert_param(IS_FUNCTIONAL_STATE(OverWrite));

    /* Configure CAN_BUF_CON register */
    /* Overwrite mode */
    if (OverWrite != DISABLE)
 80005e2:	79fb      	ldrb	r3, [r7, #7]
 80005e4:	2b00      	cmp	r3, #0
 80005e6:	d001      	beq.n	80005ec <CAN_Receive+0x1c>
    {
        tmpreg = CAN_BUF_CON_OVER_EN;
 80005e8:	2304      	movs	r3, #4
 80005ea:	617b      	str	r3, [r7, #20]
    }
    /* Configure buffer for receiving and enable it */
    tmpreg |= CAN_BUF_CON_RX_TXN | CAN_BUF_CON_EN;
 80005ec:	697b      	ldr	r3, [r7, #20]
 80005ee:	f043 0303 	orr.w	r3, r3, #3
 80005f2:	617b      	str	r3, [r7, #20]

    CANx->BUF_CON[BufferNumber] = tmpreg;
 80005f4:	68fb      	ldr	r3, [r7, #12]
 80005f6:	68ba      	ldr	r2, [r7, #8]
 80005f8:	3210      	adds	r2, #16
 80005fa:	6979      	ldr	r1, [r7, #20]
 80005fc:	f843 1022 	str.w	r1, [r3, r2, lsl #2]
}
 8000600:	bf00      	nop
 8000602:	371c      	adds	r7, #28
 8000604:	46bd      	mov	sp, r7
 8000606:	bc80      	pop	{r7}
 8000608:	4770      	bx	lr

0800060a <CAN_GetRawReceivedData>:
  * @param  BufferNumber: the number of the buffer that is used for reception.
  * @param  RxMessage: pointer to a @ref CAN_RxMsgTypeDef.
  * @retval None
  */
void CAN_GetRawReceivedData(MDR_CAN_TypeDef* CANx, uint32_t BufferNumber, CAN_RxMsgTypeDef* RxMessage)
{
 800060a:	b580      	push	{r7, lr}
 800060c:	b086      	sub	sp, #24
 800060e:	af00      	add	r7, sp, #0
 8000610:	60f8      	str	r0, [r7, #12]
 8000612:	60b9      	str	r1, [r7, #8]
 8000614:	607a      	str	r2, [r7, #4]
    /* Check the parameters */
    assert_param(IS_CAN_ALL_PERIPH(CANx));
    assert_param(IS_CAN_BUFFER(BufferNumber));

    /* Get the DLC */
    tmpreg = CAN_ReadBufferSFR(&(CANx->CAN_BUF[BufferNumber].DLC));
 8000616:	68bb      	ldr	r3, [r7, #8]
 8000618:	3320      	adds	r3, #32
 800061a:	011b      	lsls	r3, r3, #4
 800061c:	68fa      	ldr	r2, [r7, #12]
 800061e:	4413      	add	r3, r2
 8000620:	3304      	adds	r3, #4
 8000622:	4618      	mov	r0, r3
 8000624:	f000 f962 	bl	80008ec <CAN_ReadBufferSFR>
 8000628:	6178      	str	r0, [r7, #20]

    RxMessage->Rx_Header.DLC = (uint8_t)(tmpreg & CAN_DLC_DATA_LENGTH);
 800062a:	697b      	ldr	r3, [r7, #20]
 800062c:	b2db      	uxtb	r3, r3
 800062e:	f003 030f 	and.w	r3, r3, #15
 8000632:	b2da      	uxtb	r2, r3
 8000634:	687b      	ldr	r3, [r7, #4]
 8000636:	719a      	strb	r2, [r3, #6]
    /* Get the IDE */
    RxMessage->Rx_Header.IDE = CAN_ID_STD;
 8000638:	687b      	ldr	r3, [r7, #4]
 800063a:	2200      	movs	r2, #0
 800063c:	715a      	strb	r2, [r3, #5]
    if ((tmpreg & CAN_DLC_IDE) != 0)
 800063e:	697b      	ldr	r3, [r7, #20]
 8000640:	f403 5380 	and.w	r3, r3, #4096	; 0x1000
 8000644:	2b00      	cmp	r3, #0
 8000646:	d002      	beq.n	800064e <CAN_GetRawReceivedData+0x44>
    {
        RxMessage->Rx_Header.IDE = CAN_ID_EXT;
 8000648:	687b      	ldr	r3, [r7, #4]
 800064a:	2201      	movs	r2, #1
 800064c:	715a      	strb	r2, [r3, #5]
    }
    /* Get the OVER_EN */
    RxMessage->Rx_Header.OVER_EN = DISABLE;
 800064e:	687b      	ldr	r3, [r7, #4]
 8000650:	2200      	movs	r2, #0
 8000652:	711a      	strb	r2, [r3, #4]
    tmpreg = CAN_ReadBufferSFR(&(CANx->BUF_CON[BufferNumber]));
 8000654:	68bb      	ldr	r3, [r7, #8]
 8000656:	3310      	adds	r3, #16
 8000658:	009b      	lsls	r3, r3, #2
 800065a:	68fa      	ldr	r2, [r7, #12]
 800065c:	4413      	add	r3, r2
 800065e:	4618      	mov	r0, r3
 8000660:	f000 f944 	bl	80008ec <CAN_ReadBufferSFR>
 8000664:	6178      	str	r0, [r7, #20]
    if ((tmpreg & CAN_BUF_CON_OVER_EN) != 0)
 8000666:	697b      	ldr	r3, [r7, #20]
 8000668:	f003 0304 	and.w	r3, r3, #4
 800066c:	2b00      	cmp	r3, #0
 800066e:	d002      	beq.n	8000676 <CAN_GetRawReceivedData+0x6c>
    {
        RxMessage->Rx_Header.OVER_EN = ENABLE;
 8000670:	687b      	ldr	r3, [r7, #4]
 8000672:	2201      	movs	r2, #1
 8000674:	711a      	strb	r2, [r3, #4]
    }
    /* Get the Id */
    RxMessage->Rx_Header.ID = CAN_ReadBufferSFR(&(CANx->CAN_BUF[BufferNumber].ID));
 8000676:	68bb      	ldr	r3, [r7, #8]
 8000678:	3320      	adds	r3, #32
 800067a:	011b      	lsls	r3, r3, #4
 800067c:	68fa      	ldr	r2, [r7, #12]
 800067e:	4413      	add	r3, r2
 8000680:	4618      	mov	r0, r3
 8000682:	f000 f933 	bl	80008ec <CAN_ReadBufferSFR>
 8000686:	4602      	mov	r2, r0
 8000688:	687b      	ldr	r3, [r7, #4]
 800068a:	601a      	str	r2, [r3, #0]

    /* Get the data field */
    RxMessage->Data[0] = CAN_ReadBufferSFR(&(CANx->CAN_BUF[BufferNumber].DATAL));
 800068c:	68bb      	ldr	r3, [r7, #8]
 800068e:	011b      	lsls	r3, r3, #4
 8000690:	f503 7302 	add.w	r3, r3, #520	; 0x208
 8000694:	68fa      	ldr	r2, [r7, #12]
 8000696:	4413      	add	r3, r2
 8000698:	4618      	mov	r0, r3
 800069a:	f000 f927 	bl	80008ec <CAN_ReadBufferSFR>
 800069e:	4602      	mov	r2, r0
 80006a0:	687b      	ldr	r3, [r7, #4]
 80006a2:	609a      	str	r2, [r3, #8]
    RxMessage->Data[1] = CAN_ReadBufferSFR(&(CANx->CAN_BUF[BufferNumber].DATAH));
 80006a4:	68bb      	ldr	r3, [r7, #8]
 80006a6:	011b      	lsls	r3, r3, #4
 80006a8:	f503 7302 	add.w	r3, r3, #520	; 0x208
 80006ac:	68fa      	ldr	r2, [r7, #12]
 80006ae:	4413      	add	r3, r2
 80006b0:	3304      	adds	r3, #4
 80006b2:	4618      	mov	r0, r3
 80006b4:	f000 f91a 	bl	80008ec <CAN_ReadBufferSFR>
 80006b8:	4602      	mov	r2, r0
 80006ba:	687b      	ldr	r3, [r7, #4]
 80006bc:	60da      	str	r2, [r3, #12]
}
 80006be:	bf00      	nop
 80006c0:	3718      	adds	r7, #24
 80006c2:	46bd      	mov	sp, r7
 80006c4:	bd80      	pop	{r7, pc}

080006c6 <CAN_BufferRelease>:
  *         This parameter can be one of the following values: MDR_CAN1, MDR_CAN2.
  * @param  BufferNumber: the number of the buffer to be released.
  * @retval None.
  */
void CAN_BufferRelease(MDR_CAN_TypeDef* CANx, uint32_t BufferNumber)
{
 80006c6:	b480      	push	{r7}
 80006c8:	b085      	sub	sp, #20
 80006ca:	af00      	add	r7, sp, #0
 80006cc:	6078      	str	r0, [r7, #4]
 80006ce:	6039      	str	r1, [r7, #0]

    /* Check the parameters */
    assert_param(IS_CAN_ALL_PERIPH(CANx));
    assert_param(IS_CAN_BUFFER(BufferNumber));

    tmpreg = CANx->BUF_CON[BufferNumber];
 80006d0:	687b      	ldr	r3, [r7, #4]
 80006d2:	683a      	ldr	r2, [r7, #0]
 80006d4:	3210      	adds	r2, #16
 80006d6:	f853 3022 	ldr.w	r3, [r3, r2, lsl #2]
 80006da:	60fb      	str	r3, [r7, #12]
    tmpreg &= ~CAN_STATUS_EN;
 80006dc:	68fb      	ldr	r3, [r7, #12]
 80006de:	f023 0301 	bic.w	r3, r3, #1
 80006e2:	60fb      	str	r3, [r7, #12]
    CANx->BUF_CON[BufferNumber] = tmpreg;
 80006e4:	687b      	ldr	r3, [r7, #4]
 80006e6:	683a      	ldr	r2, [r7, #0]
 80006e8:	3210      	adds	r2, #16
 80006ea:	68f9      	ldr	r1, [r7, #12]
 80006ec:	f843 1022 	str.w	r1, [r3, r2, lsl #2]
}
 80006f0:	bf00      	nop
 80006f2:	3714      	adds	r7, #20
 80006f4:	46bd      	mov	sp, r7
 80006f6:	bc80      	pop	{r7}
 80006f8:	4770      	bx	lr

080006fa <CAN_Cmd>:
  *         This parameter can be one of the following values: MDR_CAN1, MDR_CAN2.
  * @param  NewState - @ref FunctionalState - new state of the CANx peripheral.
  * @retval None
  */
void CAN_Cmd(MDR_CAN_TypeDef* CANx, FunctionalState NewState)
{
 80006fa:	b480      	push	{r7}
 80006fc:	b085      	sub	sp, #20
 80006fe:	af00      	add	r7, sp, #0
 8000700:	6078      	str	r0, [r7, #4]
 8000702:	460b      	mov	r3, r1
 8000704:	70fb      	strb	r3, [r7, #3]

    /* Check the parameters */
    assert_param(IS_CAN_ALL_PERIPH(CANx));
    assert_param(IS_FUNCTIONAL_STATE(NewState));

    tmpreg_CONTROL = CANx->CONTROL;
 8000706:	687b      	ldr	r3, [r7, #4]
 8000708:	681b      	ldr	r3, [r3, #0]
 800070a:	60fb      	str	r3, [r7, #12]

    /* Form new value */
    if (NewState != DISABLE)
 800070c:	78fb      	ldrb	r3, [r7, #3]
 800070e:	2b00      	cmp	r3, #0
 8000710:	d004      	beq.n	800071c <CAN_Cmd+0x22>
    {
        /* Enable CANx by setting the CAN_EN bit in the CONTROL register */
        tmpreg_CONTROL |= CAN_CONTROL_CAN_EN;
 8000712:	68fb      	ldr	r3, [r7, #12]
 8000714:	f043 0301 	orr.w	r3, r3, #1
 8000718:	60fb      	str	r3, [r7, #12]
 800071a:	e003      	b.n	8000724 <CAN_Cmd+0x2a>
    }
    else
    {
        /* Disable CANx by resetting the CAN_EN bit in the CONTROL register */
        tmpreg_CONTROL &= ~CAN_CONTROL_CAN_EN;
 800071c:	68fb      	ldr	r3, [r7, #12]
 800071e:	f023 0301 	bic.w	r3, r3, #1
 8000722:	60fb      	str	r3, [r7, #12]
    }

    /* Configure CONTROL register with new value */
    CANx->CONTROL = tmpreg_CONTROL;
 8000724:	687b      	ldr	r3, [r7, #4]
 8000726:	68fa      	ldr	r2, [r7, #12]
 8000728:	601a      	str	r2, [r3, #0]
}
 800072a:	bf00      	nop
 800072c:	3714      	adds	r7, #20
 800072e:	46bd      	mov	sp, r7
 8000730:	bc80      	pop	{r7}
 8000732:	4770      	bx	lr

08000734 <CAN_RxITConfig>:
  *         group.
  * @param  NewState - @ref FunctionalState - new state of the reception buffer interrupts.
  * @retval None.
  */
void CAN_RxITConfig(MDR_CAN_TypeDef* CANx, uint32_t Buffer_IT, FunctionalState NewState)
{
 8000734:	b480      	push	{r7}
 8000736:	b087      	sub	sp, #28
 8000738:	af00      	add	r7, sp, #0
 800073a:	60f8      	str	r0, [r7, #12]
 800073c:	60b9      	str	r1, [r7, #8]
 800073e:	4613      	mov	r3, r2
 8000740:	71fb      	strb	r3, [r7, #7]

    /* Check the parameters */
    assert_param(IS_CAN_ALL_PERIPH(CANx));
    assert_param(IS_FUNCTIONAL_STATE(NewState));

    tmpreg = CANx->INT_RX;
 8000742:	68fb      	ldr	r3, [r7, #12]
 8000744:	f8d3 30c0 	ldr.w	r3, [r3, #192]	; 0xc0
 8000748:	617b      	str	r3, [r7, #20]

    if (NewState != DISABLE)
 800074a:	79fb      	ldrb	r3, [r7, #7]
 800074c:	2b00      	cmp	r3, #0
 800074e:	d004      	beq.n	800075a <CAN_RxITConfig+0x26>
    {
        tmpreg |= Buffer_IT;
 8000750:	697a      	ldr	r2, [r7, #20]
 8000752:	68bb      	ldr	r3, [r7, #8]
 8000754:	4313      	orrs	r3, r2
 8000756:	617b      	str	r3, [r7, #20]
 8000758:	e004      	b.n	8000764 <CAN_RxITConfig+0x30>
    }
    else
    {
        tmpreg &= ~Buffer_IT;
 800075a:	68bb      	ldr	r3, [r7, #8]
 800075c:	43db      	mvns	r3, r3
 800075e:	697a      	ldr	r2, [r7, #20]
 8000760:	4013      	ands	r3, r2
 8000762:	617b      	str	r3, [r7, #20]
    }

    CANx->INT_RX = tmpreg;
 8000764:	68fb      	ldr	r3, [r7, #12]
 8000766:	697a      	ldr	r2, [r7, #20]
 8000768:	f8c3 20c0 	str.w	r2, [r3, #192]	; 0xc0
}
 800076c:	bf00      	nop
 800076e:	371c      	adds	r7, #28
 8000770:	46bd      	mov	sp, r7
 8000772:	bc80      	pop	{r7}
 8000774:	4770      	bx	lr

08000776 <CAN_GetRxITStatus>:
  *         This parameter can be one of the following values: MDR_CAN1, MDR_CAN2.
  * @param  BufferNumber: The number of the buffer
  * @retval @ref ITStatus - Current state of RX_FULL[BufferNumber] flag (SET or RESET).
  */
ITStatus CAN_GetRxITStatus(MDR_CAN_TypeDef* CANx, uint32_t BufferNumber)
{
 8000776:	b480      	push	{r7}
 8000778:	b085      	sub	sp, #20
 800077a:	af00      	add	r7, sp, #0
 800077c:	6078      	str	r0, [r7, #4]
 800077e:	6039      	str	r1, [r7, #0]

    /* Check the parameters */
    assert_param(IS_CAN_ALL_PERIPH(CANx));
    assert_param(IS_CAN_BUFFER(BufferNumber));

    if ((CANx->RX & CANx->INT_RX & (((uint32_t)0x1) << BufferNumber)) == 0)
 8000780:	687b      	ldr	r3, [r7, #4]
 8000782:	f8d3 20c4 	ldr.w	r2, [r3, #196]	; 0xc4
 8000786:	687b      	ldr	r3, [r7, #4]
 8000788:	f8d3 30c0 	ldr.w	r3, [r3, #192]	; 0xc0
 800078c:	401a      	ands	r2, r3
 800078e:	683b      	ldr	r3, [r7, #0]
 8000790:	fa22 f303 	lsr.w	r3, r2, r3
 8000794:	f003 0301 	and.w	r3, r3, #1
 8000798:	2b00      	cmp	r3, #0
 800079a:	d102      	bne.n	80007a2 <CAN_GetRxITStatus+0x2c>
    {
        bitstatus = RESET;
 800079c:	2300      	movs	r3, #0
 800079e:	73fb      	strb	r3, [r7, #15]
 80007a0:	e001      	b.n	80007a6 <CAN_GetRxITStatus+0x30>
    }
    else
    {
        bitstatus = SET;
 80007a2:	2301      	movs	r3, #1
 80007a4:	73fb      	strb	r3, [r7, #15]
    }

    return bitstatus;
 80007a6:	7bfb      	ldrb	r3, [r7, #15]
}
 80007a8:	4618      	mov	r0, r3
 80007aa:	3714      	adds	r7, #20
 80007ac:	46bd      	mov	sp, r7
 80007ae:	bc80      	pop	{r7}
 80007b0:	4770      	bx	lr

080007b2 <CAN_TxITConfig>:
  *         Each buffer is designated by bit number in the mask. See @CAN_Buffer_Interrupts group.
  * @param  NewState - @ref FunctionalState - new state of the reception buffer interrupts.
  * @retval None.
  */
void CAN_TxITConfig(MDR_CAN_TypeDef* CANx, uint32_t Buffer_IT, FunctionalState NewState)
{
 80007b2:	b480      	push	{r7}
 80007b4:	b087      	sub	sp, #28
 80007b6:	af00      	add	r7, sp, #0
 80007b8:	60f8      	str	r0, [r7, #12]
 80007ba:	60b9      	str	r1, [r7, #8]
 80007bc:	4613      	mov	r3, r2
 80007be:	71fb      	strb	r3, [r7, #7]

    /* Check the parameters */
    assert_param(IS_CAN_ALL_PERIPH(CANx));
    assert_param(IS_FUNCTIONAL_STATE(NewState));

    tmpreg = CANx->INT_TX;
 80007c0:	68fb      	ldr	r3, [r7, #12]
 80007c2:	f8d3 30c8 	ldr.w	r3, [r3, #200]	; 0xc8
 80007c6:	617b      	str	r3, [r7, #20]

    if (NewState != DISABLE)
 80007c8:	79fb      	ldrb	r3, [r7, #7]
 80007ca:	2b00      	cmp	r3, #0
 80007cc:	d004      	beq.n	80007d8 <CAN_TxITConfig+0x26>
    {
        tmpreg |= Buffer_IT;
 80007ce:	697a      	ldr	r2, [r7, #20]
 80007d0:	68bb      	ldr	r3, [r7, #8]
 80007d2:	4313      	orrs	r3, r2
 80007d4:	617b      	str	r3, [r7, #20]
 80007d6:	e004      	b.n	80007e2 <CAN_TxITConfig+0x30>
    }
    else
    {
        tmpreg &= ~Buffer_IT;
 80007d8:	68bb      	ldr	r3, [r7, #8]
 80007da:	43db      	mvns	r3, r3
 80007dc:	697a      	ldr	r2, [r7, #20]
 80007de:	4013      	ands	r3, r2
 80007e0:	617b      	str	r3, [r7, #20]
    }

    CANx->INT_TX = tmpreg;
 80007e2:	68fb      	ldr	r3, [r7, #12]
 80007e4:	697a      	ldr	r2, [r7, #20]
 80007e6:	f8c3 20c8 	str.w	r2, [r3, #200]	; 0xc8
}
 80007ea:	bf00      	nop
 80007ec:	371c      	adds	r7, #28
 80007ee:	46bd      	mov	sp, r7
 80007f0:	bc80      	pop	{r7}
 80007f2:	4770      	bx	lr

080007f4 <CAN_GetTxITStatus>:
  *         This parameter can be one of the following values: MDR_CAN1, MDR_CAN2.
  * @param  BufferNumber: The number of the buffer
  * @retval @ref ITStatus - Current state of ~TX_REQ[BufferNumber] flag (SET or RESET).
  */
ITStatus CAN_GetTxITStatus(MDR_CAN_TypeDef* CANx, uint32_t BufferNumber)
{
 80007f4:	b480      	push	{r7}
 80007f6:	b085      	sub	sp, #20
 80007f8:	af00      	add	r7, sp, #0
 80007fa:	6078      	str	r0, [r7, #4]
 80007fc:	6039      	str	r1, [r7, #0]

    /* Check the parameters */
    assert_param(IS_CAN_ALL_PERIPH(CANx));
    assert_param(IS_CAN_BUFFER(BufferNumber));

    if ((CANx->TX & CANx->INT_TX & (((uint32_t)0x1) << BufferNumber)) == 0)
 80007fe:	687b      	ldr	r3, [r7, #4]
 8000800:	f8d3 20cc 	ldr.w	r2, [r3, #204]	; 0xcc
 8000804:	687b      	ldr	r3, [r7, #4]
 8000806:	f8d3 30c8 	ldr.w	r3, [r3, #200]	; 0xc8
 800080a:	401a      	ands	r2, r3
 800080c:	683b      	ldr	r3, [r7, #0]
 800080e:	fa22 f303 	lsr.w	r3, r2, r3
 8000812:	f003 0301 	and.w	r3, r3, #1
 8000816:	2b00      	cmp	r3, #0
 8000818:	d102      	bne.n	8000820 <CAN_GetTxITStatus+0x2c>
    {
        bitstatus = RESET;
 800081a:	2300      	movs	r3, #0
 800081c:	73fb      	strb	r3, [r7, #15]
 800081e:	e001      	b.n	8000824 <CAN_GetTxITStatus+0x30>
    }
    else
    {
        bitstatus = SET;
 8000820:	2301      	movs	r3, #1
 8000822:	73fb      	strb	r3, [r7, #15]
    }

    return bitstatus;
 8000824:	7bfb      	ldrb	r3, [r7, #15]
}
 8000826:	4618      	mov	r0, r3
 8000828:	3714      	adds	r7, #20
 800082a:	46bd      	mov	sp, r7
 800082c:	bc80      	pop	{r7}
 800082e:	4770      	bx	lr

08000830 <CAN_ITClearRxTxPendingBit>:
  *         @arg CAN_STATUS_RX_READY: Flag indicating that there are messages received
  *         @arg CAN_STATUS_TX_READY: Flag indicating that there are buffers for transmitting
  * @retval None.
  */
void CAN_ITClearRxTxPendingBit(MDR_CAN_TypeDef* CANx, uint32_t BufferNumber, uint32_t Status_Flag)
{
 8000830:	b480      	push	{r7}
 8000832:	b087      	sub	sp, #28
 8000834:	af00      	add	r7, sp, #0
 8000836:	60f8      	str	r0, [r7, #12]
 8000838:	60b9      	str	r1, [r7, #8]
 800083a:	607a      	str	r2, [r7, #4]
    /* Check the parameters */
    assert_param(IS_CAN_ALL_PERIPH(CANx));
    assert_param(IS_CAN_BUFFER(BufferNumber));
    assert_param(IS_CAN_IT_RXTX_FLAG(Status_Flag));

    tmpreg = CANx->BUF_CON[BufferNumber];
 800083c:	68fb      	ldr	r3, [r7, #12]
 800083e:	68ba      	ldr	r2, [r7, #8]
 8000840:	3210      	adds	r2, #16
 8000842:	f853 3022 	ldr.w	r3, [r3, r2, lsl #2]
 8000846:	617b      	str	r3, [r7, #20]

    if (Status_Flag == CAN_STATUS_RX_READY)
 8000848:	687b      	ldr	r3, [r7, #4]
 800084a:	2b01      	cmp	r3, #1
 800084c:	d104      	bne.n	8000858 <CAN_ITClearRxTxPendingBit+0x28>
    {
        tmpreg &= ~CAN_STATUS_RX_FULL;
 800084e:	697b      	ldr	r3, [r7, #20]
 8000850:	f023 0340 	bic.w	r3, r3, #64	; 0x40
 8000854:	617b      	str	r3, [r7, #20]
 8000856:	e006      	b.n	8000866 <CAN_ITClearRxTxPendingBit+0x36>
    }
    else if (Status_Flag == CAN_STATUS_TX_READY)
 8000858:	687b      	ldr	r3, [r7, #4]
 800085a:	2b02      	cmp	r3, #2
 800085c:	d103      	bne.n	8000866 <CAN_ITClearRxTxPendingBit+0x36>
    {
        tmpreg |= CAN_STATUS_TX_REQ;
 800085e:	697b      	ldr	r3, [r7, #20]
 8000860:	f043 0320 	orr.w	r3, r3, #32
 8000864:	617b      	str	r3, [r7, #20]
    }

    CANx->BUF_CON[BufferNumber] = tmpreg;
 8000866:	68fb      	ldr	r3, [r7, #12]
 8000868:	68ba      	ldr	r2, [r7, #8]
 800086a:	3210      	adds	r2, #16
 800086c:	6979      	ldr	r1, [r7, #20]
 800086e:	f843 1022 	str.w	r1, [r3, r2, lsl #2]
}
 8000872:	bf00      	nop
 8000874:	371c      	adds	r7, #28
 8000876:	46bd      	mov	sp, r7
 8000878:	bc80      	pop	{r7}
 800087a:	4770      	bx	lr

0800087c <CAN_BRGInit>:
  *         This parameter can be one of the following values: MDR_CAN1, MDR_CAN2.
  * @param  CAN_BRG - @ref CAN_Clock_BRG - specifies the HCLK division factor.
  * @retval None
  */
void CAN_BRGInit(MDR_CAN_TypeDef* CANx, CAN_Clock_BRG CAN_BRG)
{
 800087c:	b480      	push	{r7}
 800087e:	b085      	sub	sp, #20
 8000880:	af00      	add	r7, sp, #0
 8000882:	6078      	str	r0, [r7, #4]
 8000884:	460b      	mov	r3, r1
 8000886:	70fb      	strb	r3, [r7, #3]

    /* Check the parameters */
    assert_param(IS_CAN_ALL_PERIPH(CANx));
    assert_param(IS_CAN_CLOCK_BRG(CAN_BRG));

    tmpreg = MDR_RST_CLK->CAN_CLOCK;
 8000888:	4b16      	ldr	r3, [pc, #88]	; (80008e4 <CAN_BRGInit+0x68>)
 800088a:	6a1b      	ldr	r3, [r3, #32]
 800088c:	60fb      	str	r3, [r7, #12]

    if (CANx == MDR_CAN1)
 800088e:	687b      	ldr	r3, [r7, #4]
 8000890:	f1b3 4f80 	cmp.w	r3, #1073741824	; 0x40000000
 8000894:	d10c      	bne.n	80008b0 <CAN_BRGInit+0x34>
    {
        tmpreg |= RST_CLK_CAN_CLOCK_CAN1_CLK_EN;
 8000896:	68fb      	ldr	r3, [r7, #12]
 8000898:	f043 7380 	orr.w	r3, r3, #16777216	; 0x1000000
 800089c:	60fb      	str	r3, [r7, #12]
        tmpreg &= ~RST_CLK_CAN_CLOCK_CAN1_BRG_Msk;
 800089e:	68fb      	ldr	r3, [r7, #12]
 80008a0:	f023 03ff 	bic.w	r3, r3, #255	; 0xff
 80008a4:	60fb      	str	r3, [r7, #12]
        tmpreg |= CAN_BRG;
 80008a6:	78fb      	ldrb	r3, [r7, #3]
 80008a8:	68fa      	ldr	r2, [r7, #12]
 80008aa:	4313      	orrs	r3, r2
 80008ac:	60fb      	str	r3, [r7, #12]
 80008ae:	e011      	b.n	80008d4 <CAN_BRGInit+0x58>
    }
    else if (CANx == MDR_CAN2)
 80008b0:	687b      	ldr	r3, [r7, #4]
 80008b2:	4a0d      	ldr	r2, [pc, #52]	; (80008e8 <CAN_BRGInit+0x6c>)
 80008b4:	4293      	cmp	r3, r2
 80008b6:	d10d      	bne.n	80008d4 <CAN_BRGInit+0x58>
    {
        tmpreg |= RST_CLK_CAN_CLOCK_CAN2_CLK_EN;
 80008b8:	68fb      	ldr	r3, [r7, #12]
 80008ba:	f043 7300 	orr.w	r3, r3, #33554432	; 0x2000000
 80008be:	60fb      	str	r3, [r7, #12]
        tmpreg &= ~RST_CLK_CAN_CLOCK_CAN2_BRG_Msk;
 80008c0:	68fb      	ldr	r3, [r7, #12]
 80008c2:	f423 437f 	bic.w	r3, r3, #65280	; 0xff00
 80008c6:	60fb      	str	r3, [r7, #12]
        tmpreg |= (CAN_BRG << 8);
 80008c8:	78fb      	ldrb	r3, [r7, #3]
 80008ca:	021b      	lsls	r3, r3, #8
 80008cc:	461a      	mov	r2, r3
 80008ce:	68fb      	ldr	r3, [r7, #12]
 80008d0:	4313      	orrs	r3, r2
 80008d2:	60fb      	str	r3, [r7, #12]
    }

    MDR_RST_CLK->CAN_CLOCK = tmpreg;
 80008d4:	4a03      	ldr	r2, [pc, #12]	; (80008e4 <CAN_BRGInit+0x68>)
 80008d6:	68fb      	ldr	r3, [r7, #12]
 80008d8:	6213      	str	r3, [r2, #32]
}
 80008da:	bf00      	nop
 80008dc:	3714      	adds	r7, #20
 80008de:	46bd      	mov	sp, r7
 80008e0:	bc80      	pop	{r7}
 80008e2:	4770      	bx	lr
 80008e4:	40020000 	.word	0x40020000
 80008e8:	40008000 	.word	0x40008000

080008ec <CAN_ReadBufferSFR>:
  *         otherwise, just reads SFR.
  * @param  SFR: specifies SFR address
  * @retval SFR value
  */
static __INLINE uint32_t CAN_ReadBufferSFR(__IO uint32_t* SFR)
{
 80008ec:	b480      	push	{r7}
 80008ee:	b085      	sub	sp, #20
 80008f0:	af00      	add	r7, sp, #0
 80008f2:	6078      	str	r0, [r7, #4]
  This function disables IRQ interrupts by setting the I-bit in the CPSR.
  Can only be executed in Privileged modes.
 */
__attribute__( ( always_inline ) ) __STATIC_INLINE void __disable_irq(void)
{
  __ASM volatile ("cpsid i" : : : "memory");
 80008f4:	b672      	cpsid	i
}
 80008f6:	bf00      	nop
     * than minimum CAN package.
     */
    uint32_t tmpreg;
    
    __disable_irq();
    tmpreg = *SFR;
 80008f8:	687b      	ldr	r3, [r7, #4]
 80008fa:	681b      	ldr	r3, [r3, #0]
 80008fc:	60fb      	str	r3, [r7, #12]
    if (tmpreg == 0)
 80008fe:	68fb      	ldr	r3, [r7, #12]
 8000900:	2b00      	cmp	r3, #0
 8000902:	d102      	bne.n	800090a <CAN_ReadBufferSFR+0x1e>
    {
        tmpreg = *SFR;
 8000904:	687b      	ldr	r3, [r7, #4]
 8000906:	681b      	ldr	r3, [r3, #0]
 8000908:	60fb      	str	r3, [r7, #12]
  __ASM volatile ("cpsie i" : : : "memory");
 800090a:	b662      	cpsie	i
}
 800090c:	bf00      	nop
    }
    __enable_irq();
    return tmpreg;
 800090e:	68fb      	ldr	r3, [r7, #12]
#else
    return *SFR;
#endif  /* WORKAROUND_MDR32F9QX_ERROR_0002 */
}
 8000910:	4618      	mov	r0, r3
 8000912:	3714      	adds	r7, #20
 8000914:	46bd      	mov	sp, r7
 8000916:	bc80      	pop	{r7}
 8000918:	4770      	bx	lr
	...

0800091c <EEPROM_SetLatency>:
  *          EEPROM latency should not be changed in programming mode.
  * @param   FLASH_Latency - @ref EEPROM_Latency_Cycles - specifies the FLASH Latency value.
  * @retval  None
  */
void EEPROM_SetLatency(EEPROM_Latency_Cycles EEPROM_Latency)
{
 800091c:	b480      	push	{r7}
 800091e:	b083      	sub	sp, #12
 8000920:	af00      	add	r7, sp, #0
 8000922:	4603      	mov	r3, r0
 8000924:	71fb      	strb	r3, [r7, #7]
    /* Check the parameters */
    assert_param(IS_EEPROM_LATENCY(EEPROM_Latency));

    /* Set the new latency value */
    MDR_EEPROM->CMD = EEPROM_Latency;
 8000926:	4a04      	ldr	r2, [pc, #16]	; (8000938 <EEPROM_SetLatency+0x1c>)
 8000928:	79fb      	ldrb	r3, [r7, #7]
 800092a:	6013      	str	r3, [r2, #0]
}
 800092c:	bf00      	nop
 800092e:	370c      	adds	r7, #12
 8000930:	46bd      	mov	sp, r7
 8000932:	bc80      	pop	{r7}
 8000934:	4770      	bx	lr
 8000936:	bf00      	nop
 8000938:	40018000 	.word	0x40018000

0800093c <PORT_Init>:
  * @param  PORT_InitStruct: pointer to a @ref PORT_InitTypeDef structure that
  *         contains the configuration information for the specified PORT peripheral.
  * @retval None
  */
void PORT_Init(MDR_PORT_TypeDef* MDR_PORTx, const PORT_InitTypeDef* PORT_InitStruct)
{
 800093c:	b480      	push	{r7}
 800093e:	b08f      	sub	sp, #60	; 0x3c
 8000940:	af00      	add	r7, sp, #0
 8000942:	6078      	str	r0, [r7, #4]
 8000944:	6039      	str	r1, [r7, #0]
    assert_param(IS_PORT_FUNC(PORT_InitStruct->PORT_FUNC));
    assert_param(IS_PORT_SPEED(PORT_InitStruct->PORT_SPEED));
    assert_param(IS_PORT_MODE(PORT_InitStruct->PORT_MODE));

    /* Get current PORT register values */
    tmpreg_OE     = MDR_PORTx->OE;
 8000946:	687b      	ldr	r3, [r7, #4]
 8000948:	685b      	ldr	r3, [r3, #4]
 800094a:	637b      	str	r3, [r7, #52]	; 0x34
    tmpreg_FUNC   = MDR_PORTx->FUNC;
 800094c:	687b      	ldr	r3, [r7, #4]
 800094e:	689b      	ldr	r3, [r3, #8]
 8000950:	633b      	str	r3, [r7, #48]	; 0x30
    tmpreg_ANALOG = MDR_PORTx->ANALOG;
 8000952:	687b      	ldr	r3, [r7, #4]
 8000954:	68db      	ldr	r3, [r3, #12]
 8000956:	62fb      	str	r3, [r7, #44]	; 0x2c
    tmpreg_PULL   = MDR_PORTx->PULL;
 8000958:	687b      	ldr	r3, [r7, #4]
 800095a:	691b      	ldr	r3, [r3, #16]
 800095c:	62bb      	str	r3, [r7, #40]	; 0x28
    tmpreg_PD     = MDR_PORTx->PD;
 800095e:	687b      	ldr	r3, [r7, #4]
 8000960:	695b      	ldr	r3, [r3, #20]
 8000962:	627b      	str	r3, [r7, #36]	; 0x24
    tmpreg_PWR    = MDR_PORTx->PWR;
 8000964:	687b      	ldr	r3, [r7, #4]
 8000966:	699b      	ldr	r3, [r3, #24]
 8000968:	623b      	str	r3, [r7, #32]
    tmpreg_GFEN   = MDR_PORTx->GFEN;
 800096a:	687b      	ldr	r3, [r7, #4]
 800096c:	69db      	ldr	r3, [r3, #28]
 800096e:	61fb      	str	r3, [r7, #28]

    /* Form new values */
    pos = 0;
 8000970:	2300      	movs	r3, #0
 8000972:	617b      	str	r3, [r7, #20]
    mask_s = 0x0001;
 8000974:	2301      	movs	r3, #1
 8000976:	613b      	str	r3, [r7, #16]
    mask_l = 0x00000003;
 8000978:	2303      	movs	r3, #3
 800097a:	60fb      	str	r3, [r7, #12]
    mask_d = 0x00010001;
 800097c:	f04f 1301 	mov.w	r3, #65537	; 0x10001
 8000980:	60bb      	str	r3, [r7, #8]

    for (portpin = PORT_InitStruct->PORT_Pin; portpin; portpin >>= 1)
 8000982:	683b      	ldr	r3, [r7, #0]
 8000984:	881b      	ldrh	r3, [r3, #0]
 8000986:	61bb      	str	r3, [r7, #24]
 8000988:	e079      	b.n	8000a7e <PORT_Init+0x142>
    {
        if (portpin & 0x1)
 800098a:	69bb      	ldr	r3, [r7, #24]
 800098c:	f003 0301 	and.w	r3, r3, #1
 8000990:	2b00      	cmp	r3, #0
 8000992:	d065      	beq.n	8000a60 <PORT_Init+0x124>
        {
            tmpreg_OE     = (tmpreg_OE     & ~mask_s) | (PORT_InitStruct->PORT_OE        <<  pos);
 8000994:	693b      	ldr	r3, [r7, #16]
 8000996:	43da      	mvns	r2, r3
 8000998:	6b7b      	ldr	r3, [r7, #52]	; 0x34
 800099a:	4013      	ands	r3, r2
 800099c:	683a      	ldr	r2, [r7, #0]
 800099e:	7892      	ldrb	r2, [r2, #2]
 80009a0:	4611      	mov	r1, r2
 80009a2:	697a      	ldr	r2, [r7, #20]
 80009a4:	fa01 f202 	lsl.w	r2, r1, r2
 80009a8:	4313      	orrs	r3, r2
 80009aa:	637b      	str	r3, [r7, #52]	; 0x34
            tmpreg_FUNC   = (tmpreg_FUNC   & ~mask_l) | (PORT_InitStruct->PORT_FUNC      << (pos * 2));
 80009ac:	68fb      	ldr	r3, [r7, #12]
 80009ae:	43da      	mvns	r2, r3
 80009b0:	6b3b      	ldr	r3, [r7, #48]	; 0x30
 80009b2:	4013      	ands	r3, r2
 80009b4:	683a      	ldr	r2, [r7, #0]
 80009b6:	7a12      	ldrb	r2, [r2, #8]
 80009b8:	4611      	mov	r1, r2
 80009ba:	697a      	ldr	r2, [r7, #20]
 80009bc:	0052      	lsls	r2, r2, #1
 80009be:	fa01 f202 	lsl.w	r2, r1, r2
 80009c2:	4313      	orrs	r3, r2
 80009c4:	633b      	str	r3, [r7, #48]	; 0x30
            tmpreg_ANALOG = (tmpreg_ANALOG & ~mask_s) | (PORT_InitStruct->PORT_MODE      <<  pos);
 80009c6:	693b      	ldr	r3, [r7, #16]
 80009c8:	43da      	mvns	r2, r3
 80009ca:	6afb      	ldr	r3, [r7, #44]	; 0x2c
 80009cc:	4013      	ands	r3, r2
 80009ce:	683a      	ldr	r2, [r7, #0]
 80009d0:	7a92      	ldrb	r2, [r2, #10]
 80009d2:	4611      	mov	r1, r2
 80009d4:	697a      	ldr	r2, [r7, #20]
 80009d6:	fa01 f202 	lsl.w	r2, r1, r2
 80009da:	4313      	orrs	r3, r2
 80009dc:	62fb      	str	r3, [r7, #44]	; 0x2c
            tmpreg_PULL   = (tmpreg_PULL   & ~mask_d) | (PORT_InitStruct->PORT_PULL_UP   << (pos + 16))
 80009de:	68bb      	ldr	r3, [r7, #8]
 80009e0:	43da      	mvns	r2, r3
 80009e2:	6abb      	ldr	r3, [r7, #40]	; 0x28
 80009e4:	4013      	ands	r3, r2
 80009e6:	683a      	ldr	r2, [r7, #0]
 80009e8:	78d2      	ldrb	r2, [r2, #3]
 80009ea:	4611      	mov	r1, r2
 80009ec:	697a      	ldr	r2, [r7, #20]
 80009ee:	3210      	adds	r2, #16
 80009f0:	fa01 f202 	lsl.w	r2, r1, r2
 80009f4:	4313      	orrs	r3, r2
                                                      | (PORT_InitStruct->PORT_PULL_DOWN <<  pos);
 80009f6:	683a      	ldr	r2, [r7, #0]
 80009f8:	7912      	ldrb	r2, [r2, #4]
 80009fa:	4611      	mov	r1, r2
 80009fc:	697a      	ldr	r2, [r7, #20]
 80009fe:	fa01 f202 	lsl.w	r2, r1, r2
            tmpreg_PULL   = (tmpreg_PULL   & ~mask_d) | (PORT_InitStruct->PORT_PULL_UP   << (pos + 16))
 8000a02:	4313      	orrs	r3, r2
 8000a04:	62bb      	str	r3, [r7, #40]	; 0x28
            tmpreg_PD     = (tmpreg_PD     & ~mask_d) | (PORT_InitStruct->PORT_PD_SHM    << (pos + 16))
 8000a06:	68bb      	ldr	r3, [r7, #8]
 8000a08:	43da      	mvns	r2, r3
 8000a0a:	6a7b      	ldr	r3, [r7, #36]	; 0x24
 8000a0c:	4013      	ands	r3, r2
 8000a0e:	683a      	ldr	r2, [r7, #0]
 8000a10:	7952      	ldrb	r2, [r2, #5]
 8000a12:	4611      	mov	r1, r2
 8000a14:	697a      	ldr	r2, [r7, #20]
 8000a16:	3210      	adds	r2, #16
 8000a18:	fa01 f202 	lsl.w	r2, r1, r2
 8000a1c:	4313      	orrs	r3, r2
                                                      | (PORT_InitStruct->PORT_PD        <<  pos);
 8000a1e:	683a      	ldr	r2, [r7, #0]
 8000a20:	7992      	ldrb	r2, [r2, #6]
 8000a22:	4611      	mov	r1, r2
 8000a24:	697a      	ldr	r2, [r7, #20]
 8000a26:	fa01 f202 	lsl.w	r2, r1, r2
            tmpreg_PD     = (tmpreg_PD     & ~mask_d) | (PORT_InitStruct->PORT_PD_SHM    << (pos + 16))
 8000a2a:	4313      	orrs	r3, r2
 8000a2c:	627b      	str	r3, [r7, #36]	; 0x24
            tmpreg_PWR    = (tmpreg_PWR    & ~mask_l) | (PORT_InitStruct->PORT_SPEED     << (pos * 2));
 8000a2e:	68fb      	ldr	r3, [r7, #12]
 8000a30:	43da      	mvns	r2, r3
 8000a32:	6a3b      	ldr	r3, [r7, #32]
 8000a34:	4013      	ands	r3, r2
 8000a36:	683a      	ldr	r2, [r7, #0]
 8000a38:	7a52      	ldrb	r2, [r2, #9]
 8000a3a:	4611      	mov	r1, r2
 8000a3c:	697a      	ldr	r2, [r7, #20]
 8000a3e:	0052      	lsls	r2, r2, #1
 8000a40:	fa01 f202 	lsl.w	r2, r1, r2
 8000a44:	4313      	orrs	r3, r2
 8000a46:	623b      	str	r3, [r7, #32]
            tmpreg_GFEN   = (tmpreg_GFEN   & ~mask_s) | (PORT_InitStruct->PORT_GFEN      <<  pos);
 8000a48:	693b      	ldr	r3, [r7, #16]
 8000a4a:	43da      	mvns	r2, r3
 8000a4c:	69fb      	ldr	r3, [r7, #28]
 8000a4e:	4013      	ands	r3, r2
 8000a50:	683a      	ldr	r2, [r7, #0]
 8000a52:	79d2      	ldrb	r2, [r2, #7]
 8000a54:	4611      	mov	r1, r2
 8000a56:	697a      	ldr	r2, [r7, #20]
 8000a58:	fa01 f202 	lsl.w	r2, r1, r2
 8000a5c:	4313      	orrs	r3, r2
 8000a5e:	61fb      	str	r3, [r7, #28]
        }
        mask_s <<= 1;
 8000a60:	693b      	ldr	r3, [r7, #16]
 8000a62:	005b      	lsls	r3, r3, #1
 8000a64:	613b      	str	r3, [r7, #16]
        mask_l <<= 2;
 8000a66:	68fb      	ldr	r3, [r7, #12]
 8000a68:	009b      	lsls	r3, r3, #2
 8000a6a:	60fb      	str	r3, [r7, #12]
        mask_d <<= 1;
 8000a6c:	68bb      	ldr	r3, [r7, #8]
 8000a6e:	005b      	lsls	r3, r3, #1
 8000a70:	60bb      	str	r3, [r7, #8]
        pos++;
 8000a72:	697b      	ldr	r3, [r7, #20]
 8000a74:	3301      	adds	r3, #1
 8000a76:	617b      	str	r3, [r7, #20]
    for (portpin = PORT_InitStruct->PORT_Pin; portpin; portpin >>= 1)
 8000a78:	69bb      	ldr	r3, [r7, #24]
 8000a7a:	085b      	lsrs	r3, r3, #1
 8000a7c:	61bb      	str	r3, [r7, #24]
 8000a7e:	69bb      	ldr	r3, [r7, #24]
 8000a80:	2b00      	cmp	r3, #0
 8000a82:	d182      	bne.n	800098a <PORT_Init+0x4e>
    }

#if defined (USE_MDR32F9xI) || defined (USE_MDR32FG16S1QI)
    /* Configure PORT registers with new values */
    MDR_PORTx->OE     = tmpreg_OE     & (~JTAG_PINS(MDR_PORTx));
 8000a84:	687b      	ldr	r3, [r7, #4]
 8000a86:	4a2e      	ldr	r2, [pc, #184]	; (8000b40 <PORT_Init+0x204>)
 8000a88:	4293      	cmp	r3, r2
 8000a8a:	d102      	bne.n	8000a92 <PORT_Init+0x156>
 8000a8c:	f06f 021f 	mvn.w	r2, #31
 8000a90:	e001      	b.n	8000a96 <PORT_Init+0x15a>
 8000a92:	f04f 32ff 	mov.w	r2, #4294967295	; 0xffffffff
 8000a96:	6b7b      	ldr	r3, [r7, #52]	; 0x34
 8000a98:	401a      	ands	r2, r3
 8000a9a:	687b      	ldr	r3, [r7, #4]
 8000a9c:	605a      	str	r2, [r3, #4]
    MDR_PORTx->FUNC   = tmpreg_FUNC   & (~JTAG_PINS2(MDR_PORTx));
 8000a9e:	687b      	ldr	r3, [r7, #4]
 8000aa0:	4a27      	ldr	r2, [pc, #156]	; (8000b40 <PORT_Init+0x204>)
 8000aa2:	4293      	cmp	r3, r2
 8000aa4:	d101      	bne.n	8000aaa <PORT_Init+0x16e>
 8000aa6:	4a27      	ldr	r2, [pc, #156]	; (8000b44 <PORT_Init+0x208>)
 8000aa8:	e001      	b.n	8000aae <PORT_Init+0x172>
 8000aaa:	f04f 32ff 	mov.w	r2, #4294967295	; 0xffffffff
 8000aae:	6b3b      	ldr	r3, [r7, #48]	; 0x30
 8000ab0:	401a      	ands	r2, r3
 8000ab2:	687b      	ldr	r3, [r7, #4]
 8000ab4:	609a      	str	r2, [r3, #8]
    MDR_PORTx->ANALOG = tmpreg_ANALOG & (~JTAG_PINS(MDR_PORTx));
 8000ab6:	687b      	ldr	r3, [r7, #4]
 8000ab8:	4a21      	ldr	r2, [pc, #132]	; (8000b40 <PORT_Init+0x204>)
 8000aba:	4293      	cmp	r3, r2
 8000abc:	d102      	bne.n	8000ac4 <PORT_Init+0x188>
 8000abe:	f06f 021f 	mvn.w	r2, #31
 8000ac2:	e001      	b.n	8000ac8 <PORT_Init+0x18c>
 8000ac4:	f04f 32ff 	mov.w	r2, #4294967295	; 0xffffffff
 8000ac8:	6afb      	ldr	r3, [r7, #44]	; 0x2c
 8000aca:	401a      	ands	r2, r3
 8000acc:	687b      	ldr	r3, [r7, #4]
 8000ace:	60da      	str	r2, [r3, #12]
    MDR_PORTx->PULL   = tmpreg_PULL   & (~JTAG_PINS3(MDR_PORTx));
 8000ad0:	687b      	ldr	r3, [r7, #4]
 8000ad2:	4a1b      	ldr	r2, [pc, #108]	; (8000b40 <PORT_Init+0x204>)
 8000ad4:	4293      	cmp	r3, r2
 8000ad6:	d102      	bne.n	8000ade <PORT_Init+0x1a2>
 8000ad8:	f06f 121f 	mvn.w	r2, #2031647	; 0x1f001f
 8000adc:	e001      	b.n	8000ae2 <PORT_Init+0x1a6>
 8000ade:	f04f 32ff 	mov.w	r2, #4294967295	; 0xffffffff
 8000ae2:	6abb      	ldr	r3, [r7, #40]	; 0x28
 8000ae4:	401a      	ands	r2, r3
 8000ae6:	687b      	ldr	r3, [r7, #4]
 8000ae8:	611a      	str	r2, [r3, #16]
    MDR_PORTx->PD     = tmpreg_PD     & (~JTAG_PINS3(MDR_PORTx));
 8000aea:	687b      	ldr	r3, [r7, #4]
 8000aec:	4a14      	ldr	r2, [pc, #80]	; (8000b40 <PORT_Init+0x204>)
 8000aee:	4293      	cmp	r3, r2
 8000af0:	d102      	bne.n	8000af8 <PORT_Init+0x1bc>
 8000af2:	f06f 121f 	mvn.w	r2, #2031647	; 0x1f001f
 8000af6:	e001      	b.n	8000afc <PORT_Init+0x1c0>
 8000af8:	f04f 32ff 	mov.w	r2, #4294967295	; 0xffffffff
 8000afc:	6a7b      	ldr	r3, [r7, #36]	; 0x24
 8000afe:	401a      	ands	r2, r3
 8000b00:	687b      	ldr	r3, [r7, #4]
 8000b02:	615a      	str	r2, [r3, #20]
    MDR_PORTx->PWR    = tmpreg_PWR    & (~JTAG_PINS2(MDR_PORTx));
 8000b04:	687b      	ldr	r3, [r7, #4]
 8000b06:	4a0e      	ldr	r2, [pc, #56]	; (8000b40 <PORT_Init+0x204>)
 8000b08:	4293      	cmp	r3, r2
 8000b0a:	d101      	bne.n	8000b10 <PORT_Init+0x1d4>
 8000b0c:	4a0d      	ldr	r2, [pc, #52]	; (8000b44 <PORT_Init+0x208>)
 8000b0e:	e001      	b.n	8000b14 <PORT_Init+0x1d8>
 8000b10:	f04f 32ff 	mov.w	r2, #4294967295	; 0xffffffff
 8000b14:	6a3b      	ldr	r3, [r7, #32]
 8000b16:	401a      	ands	r2, r3
 8000b18:	687b      	ldr	r3, [r7, #4]
 8000b1a:	619a      	str	r2, [r3, #24]
    MDR_PORTx->GFEN   = tmpreg_GFEN   & (~JTAG_PINS(MDR_PORTx));
 8000b1c:	687b      	ldr	r3, [r7, #4]
 8000b1e:	4a08      	ldr	r2, [pc, #32]	; (8000b40 <PORT_Init+0x204>)
 8000b20:	4293      	cmp	r3, r2
 8000b22:	d102      	bne.n	8000b2a <PORT_Init+0x1ee>
 8000b24:	f06f 021f 	mvn.w	r2, #31
 8000b28:	e001      	b.n	8000b2e <PORT_Init+0x1f2>
 8000b2a:	f04f 32ff 	mov.w	r2, #4294967295	; 0xffffffff
 8000b2e:	69fb      	ldr	r3, [r7, #28]
 8000b30:	401a      	ands	r2, r3
 8000b32:	687b      	ldr	r3, [r7, #4]
 8000b34:	61da      	str	r2, [r3, #28]
    MDR_PORTx->PULL   = tmpreg_PULL;
    MDR_PORTx->PD     = tmpreg_PD;
    MDR_PORTx->PWR    = tmpreg_PWR;
    MDR_PORTx->GFEN   = tmpreg_GFEN;
#endif
}
 8000b36:	bf00      	nop
 8000b38:	373c      	adds	r7, #60	; 0x3c
 8000b3a:	46bd      	mov	sp, r7
 8000b3c:	bc80      	pop	{r7}
 8000b3e:	4770      	bx	lr
 8000b40:	400c0000 	.word	0x400c0000
 8000b44:	fffffc00 	.word	0xfffffc00

08000b48 <PORT_StructInit>:
  * @param  PORT_InitStruct: pointer to a @ref PORT_InitTypeDef structure which will
  *         be initialized.
  * @retval None
  */
void PORT_StructInit(PORT_InitTypeDef* PORT_InitStruct)
{
 8000b48:	b480      	push	{r7}
 8000b4a:	b083      	sub	sp, #12
 8000b4c:	af00      	add	r7, sp, #0
 8000b4e:	6078      	str	r0, [r7, #4]
    /* Reset PORT initialization structure parameters values */
    PORT_InitStruct->PORT_Pin       = PORT_Pin_All;
 8000b50:	687b      	ldr	r3, [r7, #4]
 8000b52:	f64f 72ff 	movw	r2, #65535	; 0xffff
 8000b56:	801a      	strh	r2, [r3, #0]
    PORT_InitStruct->PORT_OE        = PORT_OE_IN;
 8000b58:	687b      	ldr	r3, [r7, #4]
 8000b5a:	2200      	movs	r2, #0
 8000b5c:	709a      	strb	r2, [r3, #2]
    PORT_InitStruct->PORT_PULL_UP   = PORT_PULL_UP_OFF;
 8000b5e:	687b      	ldr	r3, [r7, #4]
 8000b60:	2200      	movs	r2, #0
 8000b62:	70da      	strb	r2, [r3, #3]
    PORT_InitStruct->PORT_PULL_DOWN = PORT_PULL_DOWN_OFF;
 8000b64:	687b      	ldr	r3, [r7, #4]
 8000b66:	2200      	movs	r2, #0
 8000b68:	711a      	strb	r2, [r3, #4]
    PORT_InitStruct->PORT_PD_SHM    = PORT_PD_SHM_OFF;
 8000b6a:	687b      	ldr	r3, [r7, #4]
 8000b6c:	2200      	movs	r2, #0
 8000b6e:	715a      	strb	r2, [r3, #5]
    PORT_InitStruct->PORT_PD        = PORT_PD_DRIVER;
 8000b70:	687b      	ldr	r3, [r7, #4]
 8000b72:	2200      	movs	r2, #0
 8000b74:	719a      	strb	r2, [r3, #6]
    PORT_InitStruct->PORT_GFEN      = PORT_GFEN_OFF;
 8000b76:	687b      	ldr	r3, [r7, #4]
 8000b78:	2200      	movs	r2, #0
 8000b7a:	71da      	strb	r2, [r3, #7]
    PORT_InitStruct->PORT_FUNC      = PORT_FUNC_PORT;
 8000b7c:	687b      	ldr	r3, [r7, #4]
 8000b7e:	2200      	movs	r2, #0
 8000b80:	721a      	strb	r2, [r3, #8]
    PORT_InitStruct->PORT_SPEED     = PORT_OUTPUT_OFF;
 8000b82:	687b      	ldr	r3, [r7, #4]
 8000b84:	2200      	movs	r2, #0
 8000b86:	725a      	strb	r2, [r3, #9]
    PORT_InitStruct->PORT_MODE      = PORT_MODE_ANALOG;
 8000b88:	687b      	ldr	r3, [r7, #4]
 8000b8a:	2200      	movs	r2, #0
 8000b8c:	729a      	strb	r2, [r3, #10]
}
 8000b8e:	bf00      	nop
 8000b90:	370c      	adds	r7, #12
 8000b92:	46bd      	mov	sp, r7
 8000b94:	bc80      	pop	{r7}
 8000b96:	4770      	bx	lr

08000b98 <RST_CLK_DeInit>:
  * @brief  Set the RST_CLK clock configuration to the default reset state.
  * @param  None
  * @retval None
  */
void RST_CLK_DeInit(void)
{
 8000b98:	b580      	push	{r7, lr}
 8000b9a:	af00      	add	r7, sp, #0
    RST_CLK_WarmDeInit();
 8000b9c:	f000 f810 	bl	8000bc0 <RST_CLK_WarmDeInit>
    /* Reset SELECTRI and LOW bits */
    MDR_BKP->REG_0E &= ~(BKP_REG_0E_SELECTRI_Msk | BKP_REG_0E_LOW_Msk); 
 8000ba0:	4b05      	ldr	r3, [pc, #20]	; (8000bb8 <RST_CLK_DeInit+0x20>)
 8000ba2:	6b9b      	ldr	r3, [r3, #56]	; 0x38
 8000ba4:	4a04      	ldr	r2, [pc, #16]	; (8000bb8 <RST_CLK_DeInit+0x20>)
 8000ba6:	f023 033f 	bic.w	r3, r3, #63	; 0x3f
 8000baa:	6393      	str	r3, [r2, #56]	; 0x38
    MDR_BKP->REG_0F = ((0x20 << BKP_REG_0F_HSI_TRIM_Pos) | BKP_REG_0F_HSI_ON |
 8000bac:	4b02      	ldr	r3, [pc, #8]	; (8000bb8 <RST_CLK_DeInit+0x20>)
 8000bae:	4a03      	ldr	r2, [pc, #12]	; (8000bbc <RST_CLK_DeInit+0x24>)
 8000bb0:	63da      	str	r2, [r3, #60]	; 0x3c
                       (0x10 << BKP_REG_0F_LSI_TRIM_Pos) | BKP_REG_0F_LSI_ON); /* HSION & LSION */
}
 8000bb2:	bf00      	nop
 8000bb4:	bd80      	pop	{r7, pc}
 8000bb6:	bf00      	nop
 8000bb8:	400d8000 	.word	0x400d8000
 8000bbc:	20508000 	.word	0x20508000

08000bc0 <RST_CLK_WarmDeInit>:
  * @brief  Set the RST_CLK clock configuration to the default reset state.
  * @param  None
  * @retval None
  */
void RST_CLK_WarmDeInit(void)
{
 8000bc0:	b580      	push	{r7, lr}
 8000bc2:	af00      	add	r7, sp, #0
    /* Reset all clock but RST_CLK and BKP_CLK bits */
    MDR_RST_CLK->PER_CLOCK = (uint32_t)RST_CLK_PCLK_RST_CLK | RST_CLK_PCLK_BKP;
 8000bc4:	4b13      	ldr	r3, [pc, #76]	; (8000c14 <RST_CLK_WarmDeInit+0x54>)
 8000bc6:	4a14      	ldr	r2, [pc, #80]	; (8000c18 <RST_CLK_WarmDeInit+0x58>)
 8000bc8:	61da      	str	r2, [r3, #28]
    
    /* Prepare HSI clk */
    RST_CLK_HSIcmd(ENABLE);
 8000bca:	2001      	movs	r0, #1
 8000bcc:	f000 f870 	bl	8000cb0 <RST_CLK_HSIcmd>
    RST_CLK_HSIstatus();
 8000bd0:	f000 f87e 	bl	8000cd0 <RST_CLK_HSIstatus>

    /* Reset all MDR_RST_CLK clock registers */
    MDR_RST_CLK->CPU_CLOCK     = (uint32_t)0x00000000;
 8000bd4:	4b0f      	ldr	r3, [pc, #60]	; (8000c14 <RST_CLK_WarmDeInit+0x54>)
 8000bd6:	2200      	movs	r2, #0
 8000bd8:	60da      	str	r2, [r3, #12]
    MDR_RST_CLK->PLL_CONTROL   = (uint32_t)0x00000000;
 8000bda:	4b0e      	ldr	r3, [pc, #56]	; (8000c14 <RST_CLK_WarmDeInit+0x54>)
 8000bdc:	2200      	movs	r2, #0
 8000bde:	605a      	str	r2, [r3, #4]
    MDR_RST_CLK->HS_CONTROL    = (uint32_t)0x00000000;
 8000be0:	4b0c      	ldr	r3, [pc, #48]	; (8000c14 <RST_CLK_WarmDeInit+0x54>)
 8000be2:	2200      	movs	r2, #0
 8000be4:	609a      	str	r2, [r3, #8]
    MDR_RST_CLK->USB_CLOCK     = (uint32_t)0x00000000;
 8000be6:	4b0b      	ldr	r3, [pc, #44]	; (8000c14 <RST_CLK_WarmDeInit+0x54>)
 8000be8:	2200      	movs	r2, #0
 8000bea:	611a      	str	r2, [r3, #16]
    MDR_RST_CLK->ADC_MCO_CLOCK = (uint32_t)0x00000000;
 8000bec:	4b09      	ldr	r3, [pc, #36]	; (8000c14 <RST_CLK_WarmDeInit+0x54>)
 8000bee:	2200      	movs	r2, #0
 8000bf0:	615a      	str	r2, [r3, #20]
    MDR_RST_CLK->RTC_CLOCK     = (uint32_t)0x00000000;
 8000bf2:	4b08      	ldr	r3, [pc, #32]	; (8000c14 <RST_CLK_WarmDeInit+0x54>)
 8000bf4:	2200      	movs	r2, #0
 8000bf6:	619a      	str	r2, [r3, #24]

#if defined (USE_MDR32F9xI) || defined (USE_MDR32F1QI)
    MDR_RST_CLK->CAN_CLOCK     = (uint32_t)0x00000000;
 8000bf8:	4b06      	ldr	r3, [pc, #24]	; (8000c14 <RST_CLK_WarmDeInit+0x54>)
 8000bfa:	2200      	movs	r2, #0
 8000bfc:	621a      	str	r2, [r3, #32]
#endif /* #if defined (USE_MDR32F9xI) || defined (USE_MDR32F1QI) */
    MDR_RST_CLK->TIM_CLOCK     = (uint32_t)0x00000000;
 8000bfe:	4b05      	ldr	r3, [pc, #20]	; (8000c14 <RST_CLK_WarmDeInit+0x54>)
 8000c00:	2200      	movs	r2, #0
 8000c02:	625a      	str	r2, [r3, #36]	; 0x24
    MDR_RST_CLK->UART_CLOCK    = (uint32_t)0x00000000;
 8000c04:	4b03      	ldr	r3, [pc, #12]	; (8000c14 <RST_CLK_WarmDeInit+0x54>)
 8000c06:	2200      	movs	r2, #0
 8000c08:	629a      	str	r2, [r3, #40]	; 0x28
    MDR_RST_CLK->SSP_CLOCK     = (uint32_t)0x00000000;
 8000c0a:	4b02      	ldr	r3, [pc, #8]	; (8000c14 <RST_CLK_WarmDeInit+0x54>)
 8000c0c:	2200      	movs	r2, #0
 8000c0e:	62da      	str	r2, [r3, #44]	; 0x2c
#endif /* #if defined (USE_MDR32F1QI) */
#if defined (USE_MDR32FG16S1QI)
    MDR_RST_CLK->DSP_CLOCK     = (uint32_t)0x00000000;
    MDR_RST_CLK->SPP2_CLOCK    = (uint32_t)0x00000000;
#endif /* #if defined (USE_MDR32FG16S1QI) */
}
 8000c10:	bf00      	nop
 8000c12:	bd80      	pop	{r7, pc}
 8000c14:	40020000 	.word	0x40020000
 8000c18:	08000010 	.word	0x08000010

08000c1c <RST_CLK_HSEconfig>:
  * @brief  HSE (High Speed External) clock mode and source selection
  * @param  RST_CLK_HSE - @ref RST_CLK_HSE_Mode - mode selector.
  * @retval None
  */
void RST_CLK_HSEconfig(RST_CLK_HSE_Mode RST_CLK_HSE)
{
 8000c1c:	b480      	push	{r7}
 8000c1e:	b083      	sub	sp, #12
 8000c20:	af00      	add	r7, sp, #0
 8000c22:	4603      	mov	r3, r0
 8000c24:	71fb      	strb	r3, [r7, #7]
    /* Check the parameters */
    assert_param(IS_RST_CLK_HSE(RST_CLK_HSE));

    /* Reset HSEON and HSEBYP bits before configuring the HSE */
    MDR_RST_CLK->HS_CONTROL &= ~((uint32_t)(RST_CLK_HSE_ON | RST_CLK_HSE_Bypass));
 8000c26:	4b0f      	ldr	r3, [pc, #60]	; (8000c64 <RST_CLK_HSEconfig+0x48>)
 8000c28:	689b      	ldr	r3, [r3, #8]
 8000c2a:	4a0e      	ldr	r2, [pc, #56]	; (8000c64 <RST_CLK_HSEconfig+0x48>)
 8000c2c:	f023 0303 	bic.w	r3, r3, #3
 8000c30:	6093      	str	r3, [r2, #8]

    /* Configure HSE (RCC_HSE_OFF is already covered by the code section above) */
    switch (RST_CLK_HSE)
 8000c32:	79fb      	ldrb	r3, [r7, #7]
 8000c34:	2b01      	cmp	r3, #1
 8000c36:	d002      	beq.n	8000c3e <RST_CLK_HSEconfig+0x22>
 8000c38:	2b02      	cmp	r3, #2
 8000c3a:	d007      	beq.n	8000c4c <RST_CLK_HSEconfig+0x30>
            /* Set HSEBYP and HSEON bits */
            MDR_RST_CLK->HS_CONTROL |= RST_CLK_HSE_ON | RST_CLK_HSE_Bypass;
            break;

        default:
            break;
 8000c3c:	e00d      	b.n	8000c5a <RST_CLK_HSEconfig+0x3e>
            MDR_RST_CLK->HS_CONTROL |= RST_CLK_HSE_ON;
 8000c3e:	4b09      	ldr	r3, [pc, #36]	; (8000c64 <RST_CLK_HSEconfig+0x48>)
 8000c40:	689b      	ldr	r3, [r3, #8]
 8000c42:	4a08      	ldr	r2, [pc, #32]	; (8000c64 <RST_CLK_HSEconfig+0x48>)
 8000c44:	f043 0301 	orr.w	r3, r3, #1
 8000c48:	6093      	str	r3, [r2, #8]
            break;
 8000c4a:	e006      	b.n	8000c5a <RST_CLK_HSEconfig+0x3e>
            MDR_RST_CLK->HS_CONTROL |= RST_CLK_HSE_ON | RST_CLK_HSE_Bypass;
 8000c4c:	4b05      	ldr	r3, [pc, #20]	; (8000c64 <RST_CLK_HSEconfig+0x48>)
 8000c4e:	689b      	ldr	r3, [r3, #8]
 8000c50:	4a04      	ldr	r2, [pc, #16]	; (8000c64 <RST_CLK_HSEconfig+0x48>)
 8000c52:	f043 0303 	orr.w	r3, r3, #3
 8000c56:	6093      	str	r3, [r2, #8]
            break;
 8000c58:	bf00      	nop
    }
}
 8000c5a:	bf00      	nop
 8000c5c:	370c      	adds	r7, #12
 8000c5e:	46bd      	mov	sp, r7
 8000c60:	bc80      	pop	{r7}
 8000c62:	4770      	bx	lr
 8000c64:	40020000 	.word	0x40020000

08000c68 <RST_CLK_HSEstatus>:
  * @brief  HSE clock status
  * @param  None
  * @retval @ref ErrorStatus - SUCCESS if HSE clock is ready, else ERROR
  */
ErrorStatus RST_CLK_HSEstatus(void)
{
 8000c68:	b580      	push	{r7, lr}
 8000c6a:	b082      	sub	sp, #8
 8000c6c:	af00      	add	r7, sp, #0
    __IO uint32_t startCounter = 0;
 8000c6e:	2300      	movs	r3, #0
 8000c70:	603b      	str	r3, [r7, #0]
    FlagStatus flag;

    /* Wait until HSE is ready or time out is occure */
    do
    {
        flag = RST_CLK_GetFlagStatus(RST_CLK_FLAG_HSERDY);
 8000c72:	2022      	movs	r0, #34	; 0x22
 8000c74:	f000 f8fc 	bl	8000e70 <RST_CLK_GetFlagStatus>
 8000c78:	4603      	mov	r3, r0
 8000c7a:	71bb      	strb	r3, [r7, #6]
        startCounter++;
 8000c7c:	683b      	ldr	r3, [r7, #0]
 8000c7e:	3301      	adds	r3, #1
 8000c80:	603b      	str	r3, [r7, #0]
    } while ((startCounter < HSEonTimeOut) && (flag == RESET));
 8000c82:	683b      	ldr	r3, [r7, #0]
 8000c84:	f5b3 6fc0 	cmp.w	r3, #1536	; 0x600
 8000c88:	d202      	bcs.n	8000c90 <RST_CLK_HSEstatus+0x28>
 8000c8a:	79bb      	ldrb	r3, [r7, #6]
 8000c8c:	2b00      	cmp	r3, #0
 8000c8e:	d0f0      	beq.n	8000c72 <RST_CLK_HSEstatus+0xa>

    if (RST_CLK_GetFlagStatus(RST_CLK_FLAG_HSERDY) != RESET)
 8000c90:	2022      	movs	r0, #34	; 0x22
 8000c92:	f000 f8ed 	bl	8000e70 <RST_CLK_GetFlagStatus>
 8000c96:	4603      	mov	r3, r0
 8000c98:	2b00      	cmp	r3, #0
 8000c9a:	d002      	beq.n	8000ca2 <RST_CLK_HSEstatus+0x3a>
    {
        state = SUCCESS;
 8000c9c:	2301      	movs	r3, #1
 8000c9e:	71fb      	strb	r3, [r7, #7]
 8000ca0:	e001      	b.n	8000ca6 <RST_CLK_HSEstatus+0x3e>
    }
    else
    {
        state = ERROR;
 8000ca2:	2300      	movs	r3, #0
 8000ca4:	71fb      	strb	r3, [r7, #7]
    }

    return state;
 8000ca6:	79fb      	ldrb	r3, [r7, #7]
}
 8000ca8:	4618      	mov	r0, r3
 8000caa:	3708      	adds	r7, #8
 8000cac:	46bd      	mov	sp, r7
 8000cae:	bd80      	pop	{r7, pc}

08000cb0 <RST_CLK_HSIcmd>:
  * @brief  HSI (High Speed Internal) clock mode selection
  * @param  NewState - @ref FunctionalState - mode selector (switch off (DISABLE) or on (ENABLE)).
  * @retval None
  */
void RST_CLK_HSIcmd(FunctionalState NewState)
{
 8000cb0:	b480      	push	{r7}
 8000cb2:	b083      	sub	sp, #12
 8000cb4:	af00      	add	r7, sp, #0
 8000cb6:	4603      	mov	r3, r0
 8000cb8:	71fb      	strb	r3, [r7, #7]
#endif
    /* Check the parameters */
    assert_param(IS_FUNCTIONAL_STATE(NewState));

#if defined (USE_MDR32F9xI) || defined (USE_MDR32FG16S1QI)
    *(__IO uint32_t *) HSION_BB = (uint32_t)NewState;
 8000cba:	4a04      	ldr	r2, [pc, #16]	; (8000ccc <RST_CLK_HSIcmd+0x1c>)
 8000cbc:	79fb      	ldrb	r3, [r7, #7]
 8000cbe:	6013      	str	r3, [r2, #0]
        temp &= ~BKP_REG_0F_HSI_ON;
    }
    /* Configure REG_0F register with new value */
    MDR_BKP->REG_0F = temp;
#endif /* defined (USE_MDR32F1QI) */
}
 8000cc0:	bf00      	nop
 8000cc2:	370c      	adds	r7, #12
 8000cc4:	46bd      	mov	sp, r7
 8000cc6:	bc80      	pop	{r7}
 8000cc8:	4770      	bx	lr
 8000cca:	bf00      	nop
 8000ccc:	43b007d8 	.word	0x43b007d8

08000cd0 <RST_CLK_HSIstatus>:
  * @brief  HSI clock status
  * @param  None
  * @retval @ref ErrorStatus: SUCCESS if HSI clock is ready, else ERROR
  */
ErrorStatus RST_CLK_HSIstatus(void)
{
 8000cd0:	b580      	push	{r7, lr}
 8000cd2:	b082      	sub	sp, #8
 8000cd4:	af00      	add	r7, sp, #0
    __IO uint32_t startCounter = 0;
 8000cd6:	2300      	movs	r3, #0
 8000cd8:	603b      	str	r3, [r7, #0]
    ErrorStatus state;
    FlagStatus flag;

    /* Wait until HSI is ready or time out is occure */
    do {
        flag = RST_CLK_GetFlagStatus(RST_CLK_FLAG_HSIRDY);
 8000cda:	2017      	movs	r0, #23
 8000cdc:	f000 f8c8 	bl	8000e70 <RST_CLK_GetFlagStatus>
 8000ce0:	4603      	mov	r3, r0
 8000ce2:	71bb      	strb	r3, [r7, #6]
        startCounter++;
 8000ce4:	683b      	ldr	r3, [r7, #0]
 8000ce6:	3301      	adds	r3, #1
 8000ce8:	603b      	str	r3, [r7, #0]
    } while ((startCounter < HSIonTimeOut) && (flag == RESET));
 8000cea:	683b      	ldr	r3, [r7, #0]
 8000cec:	f5b3 6fc0 	cmp.w	r3, #1536	; 0x600
 8000cf0:	d202      	bcs.n	8000cf8 <RST_CLK_HSIstatus+0x28>
 8000cf2:	79bb      	ldrb	r3, [r7, #6]
 8000cf4:	2b00      	cmp	r3, #0
 8000cf6:	d0f0      	beq.n	8000cda <RST_CLK_HSIstatus+0xa>

    if (RST_CLK_GetFlagStatus(RST_CLK_FLAG_HSIRDY) != RESET)
 8000cf8:	2017      	movs	r0, #23
 8000cfa:	f000 f8b9 	bl	8000e70 <RST_CLK_GetFlagStatus>
 8000cfe:	4603      	mov	r3, r0
 8000d00:	2b00      	cmp	r3, #0
 8000d02:	d002      	beq.n	8000d0a <RST_CLK_HSIstatus+0x3a>
    {
        state = SUCCESS;
 8000d04:	2301      	movs	r3, #1
 8000d06:	71fb      	strb	r3, [r7, #7]
 8000d08:	e001      	b.n	8000d0e <RST_CLK_HSIstatus+0x3e>
    }
    else
    {
        state = ERROR;
 8000d0a:	2300      	movs	r3, #0
 8000d0c:	71fb      	strb	r3, [r7, #7]
    }

    return state;
 8000d0e:	79fb      	ldrb	r3, [r7, #7]
}
 8000d10:	4618      	mov	r0, r3
 8000d12:	3708      	adds	r7, #8
 8000d14:	46bd      	mov	sp, r7
 8000d16:	bd80      	pop	{r7, pc}

08000d18 <RST_CLK_CPU_PLLconfig>:
  * @param  RST_CLK_CPU_PLLsource - @ref RST_CLK_CPU_PLL_Source - specifies the PLL entry clock source.
  * @param  RST_CLK_CPU_PLLmul - @ref RST_CLK_CPU_PLL_Multiplier - specifies the PLL multiplication factor.
  * @retval None
  */
void RST_CLK_CPU_PLLconfig(RST_CLK_CPU_PLL_Source RST_CLK_CPU_PLLsource, uint32_t RST_CLK_CPU_PLLmul)
{
 8000d18:	b480      	push	{r7}
 8000d1a:	b085      	sub	sp, #20
 8000d1c:	af00      	add	r7, sp, #0
 8000d1e:	4603      	mov	r3, r0
 8000d20:	6039      	str	r1, [r7, #0]
 8000d22:	71fb      	strb	r3, [r7, #7]
    /* Check the parameters */
    assert_param(IS_RST_CLK_CPU_PLL_SOURCE(RST_CLK_CPU_PLLsource));
    assert_param(IS_RST_CLK_CPU_PLL_MUL(RST_CLK_CPU_PLLmul));

    /* Select CPUPLL source */
    temp = MDR_RST_CLK->CPU_CLOCK;
 8000d24:	4b15      	ldr	r3, [pc, #84]	; (8000d7c <RST_CLK_CPU_PLLconfig+0x64>)
 8000d26:	68db      	ldr	r3, [r3, #12]
 8000d28:	60fb      	str	r3, [r7, #12]
    /* Clear CPU_C1_SEL bits */
    temp &= CPU_C1_SELclr;
 8000d2a:	68fb      	ldr	r3, [r7, #12]
 8000d2c:	f023 0303 	bic.w	r3, r3, #3
 8000d30:	60fb      	str	r3, [r7, #12]
    /* Set the CPU_C1_SEL bits */
    temp |= RST_CLK_CPU_PLLsource;
 8000d32:	79fb      	ldrb	r3, [r7, #7]
 8000d34:	68fa      	ldr	r2, [r7, #12]
 8000d36:	4313      	orrs	r3, r2
 8000d38:	60fb      	str	r3, [r7, #12]
    /* Store the new value */MDR_RST_CLK->CPU_CLOCK = temp;
 8000d3a:	4a10      	ldr	r2, [pc, #64]	; (8000d7c <RST_CLK_CPU_PLLconfig+0x64>)
 8000d3c:	68fb      	ldr	r3, [r7, #12]
 8000d3e:	60d3      	str	r3, [r2, #12]

    /* Set CPUPLL multiplier */
    temp = MDR_RST_CLK->PLL_CONTROL;
 8000d40:	4b0e      	ldr	r3, [pc, #56]	; (8000d7c <RST_CLK_CPU_PLLconfig+0x64>)
 8000d42:	685b      	ldr	r3, [r3, #4]
 8000d44:	60fb      	str	r3, [r7, #12]
    /* Clear PLLMUL[3:0] bits */
    temp &= PLLCPUmulclr;
 8000d46:	68fb      	ldr	r3, [r7, #12]
 8000d48:	f423 6370 	bic.w	r3, r3, #3840	; 0xf00
 8000d4c:	60fb      	str	r3, [r7, #12]
    /* Set the PLLMUL[3:0] bits */
    temp |= (RST_CLK_CPU_PLLmul << PLLCPUMUL_OFFSET);
 8000d4e:	683b      	ldr	r3, [r7, #0]
 8000d50:	021b      	lsls	r3, r3, #8
 8000d52:	68fa      	ldr	r2, [r7, #12]
 8000d54:	4313      	orrs	r3, r2
 8000d56:	60fb      	str	r3, [r7, #12]
    /* Store the new value */
    MDR_RST_CLK->PLL_CONTROL = temp;
 8000d58:	4a08      	ldr	r2, [pc, #32]	; (8000d7c <RST_CLK_CPU_PLLconfig+0x64>)
 8000d5a:	68fb      	ldr	r3, [r7, #12]
 8000d5c:	6053      	str	r3, [r2, #4]

#if defined (USE_MDR32F9xI) || defined (USE_MDR32FG16S1QI)
    if (*(__IO uint32_t *) PLLCPUON_BB)
 8000d5e:	4b08      	ldr	r3, [pc, #32]	; (8000d80 <RST_CLK_CPU_PLLconfig+0x68>)
 8000d60:	681b      	ldr	r3, [r3, #0]
 8000d62:	2b00      	cmp	r3, #0
 8000d64:	d005      	beq.n	8000d72 <RST_CLK_CPU_PLLconfig+0x5a>
    {
        *(__IO uint32_t *) PLLCPURLD_BB = (uint32_t)0x01;
 8000d66:	4b07      	ldr	r3, [pc, #28]	; (8000d84 <RST_CLK_CPU_PLLconfig+0x6c>)
 8000d68:	2201      	movs	r2, #1
 8000d6a:	601a      	str	r2, [r3, #0]
        *(__IO uint32_t *) PLLCPURLD_BB = (uint32_t)0x00;
 8000d6c:	4b05      	ldr	r3, [pc, #20]	; (8000d84 <RST_CLK_CPU_PLLconfig+0x6c>)
 8000d6e:	2200      	movs	r2, #0
 8000d70:	601a      	str	r2, [r3, #0]
        MDR_RST_CLK->PLL_CONTROL = temp;
        temp &= ~RST_CLK_PLL_CONTROL_PLL_CPU_RLD;
        MDR_RST_CLK->PLL_CONTROL = temp;
    }
#endif
}
 8000d72:	bf00      	nop
 8000d74:	3714      	adds	r7, #20
 8000d76:	46bd      	mov	sp, r7
 8000d78:	bc80      	pop	{r7}
 8000d7a:	4770      	bx	lr
 8000d7c:	40020000 	.word	0x40020000
 8000d80:	42400088 	.word	0x42400088
 8000d84:	4240008c 	.word	0x4240008c

08000d88 <RST_CLK_CPU_PLLuse>:
  * @brief  Select the CPU_PLL output as input for CPU_C3_SEL or bypass the CPU_PLL.
  * @param  UsePLL - @ref FunctionalState - usage state of the CPU_PLL.
  * @retval None
  */
void RST_CLK_CPU_PLLuse(FunctionalState UsePLL)
{
 8000d88:	b480      	push	{r7}
 8000d8a:	b083      	sub	sp, #12
 8000d8c:	af00      	add	r7, sp, #0
 8000d8e:	4603      	mov	r3, r0
 8000d90:	71fb      	strb	r3, [r7, #7]
#endif /* #if defined (USE_MDR32F1QI) */
    /* Check the parameters */
    assert_param(IS_FUNCTIONAL_STATE(UsePLL));

#if defined (USE_MDR32F9xI) || defined (USE_MDR32FG16S1QI)
    *(__IO uint32_t *) CPU_C2_SEL_BB = (uint32_t) UsePLL;
 8000d92:	4a04      	ldr	r2, [pc, #16]	; (8000da4 <RST_CLK_CPU_PLLuse+0x1c>)
 8000d94:	79fb      	ldrb	r3, [r7, #7]
 8000d96:	6013      	str	r3, [r2, #0]
        temp &= ~(1 << RST_CLK_CPU_CLOCK_CPU_C2_SEL_Pos);
    }
    /* Configure CPU_CLOCK register with new value */
    MDR_RST_CLK->CPU_CLOCK = temp;
#endif /* #if defined (USE_MDR32F1QI) */
}
 8000d98:	bf00      	nop
 8000d9a:	370c      	adds	r7, #12
 8000d9c:	46bd      	mov	sp, r7
 8000d9e:	bc80      	pop	{r7}
 8000da0:	4770      	bx	lr
 8000da2:	bf00      	nop
 8000da4:	42400188 	.word	0x42400188

08000da8 <RST_CLK_CPU_PLLcmd>:
  * @brief  Enables or disables the CPU_PLL.
  * @param  NewState - @ref FunctionalState - new state of the CPU_PLL.
  * @retval None
  */
void RST_CLK_CPU_PLLcmd(FunctionalState NewState)
{
 8000da8:	b480      	push	{r7}
 8000daa:	b083      	sub	sp, #12
 8000dac:	af00      	add	r7, sp, #0
 8000dae:	4603      	mov	r3, r0
 8000db0:	71fb      	strb	r3, [r7, #7]
#endif /* #if defined (USE_MDR32F1QI) */
    /* Check the parameters */
    assert_param(IS_FUNCTIONAL_STATE(NewState));

#if defined (USE_MDR32F9xI) || defined (USE_MDR32FG16S1QI)
    *(__IO uint32_t *) PLLCPUON_BB = (uint32_t) NewState;
 8000db2:	4a04      	ldr	r2, [pc, #16]	; (8000dc4 <RST_CLK_CPU_PLLcmd+0x1c>)
 8000db4:	79fb      	ldrb	r3, [r7, #7]
 8000db6:	6013      	str	r3, [r2, #0]
    {
        temp &= ~RST_CLK_PLL_CONTROL_PLL_CPU_ON;
    }
    MDR_RST_CLK->PLL_CONTROL = temp;
#endif /* #if defined (USE_MDR32F1QI) */
}
 8000db8:	bf00      	nop
 8000dba:	370c      	adds	r7, #12
 8000dbc:	46bd      	mov	sp, r7
 8000dbe:	bc80      	pop	{r7}
 8000dc0:	4770      	bx	lr
 8000dc2:	bf00      	nop
 8000dc4:	42400088 	.word	0x42400088

08000dc8 <RST_CLK_CPUclkPrescaler>:
  * @brief  Сonfigures the CPU_C3_SEL division factor switch.
  * @param  CPUclkDivValue - @ref RST_CLK_CPU_C3_Divisor - specifies the CPU_PLL clock division factor.
  * @retval None
  */
void RST_CLK_CPUclkPrescaler(RST_CLK_CPU_C3_Divisor CPUclkDivValue)
{
 8000dc8:	b480      	push	{r7}
 8000dca:	b085      	sub	sp, #20
 8000dcc:	af00      	add	r7, sp, #0
 8000dce:	4603      	mov	r3, r0
 8000dd0:	71fb      	strb	r3, [r7, #7]
    uint32_t temp;

    /* Check the parameters */
    assert_param(IS_RST_CLK_CPUclkDIV(CPUclkDivValue));

    temp = MDR_RST_CLK->CPU_CLOCK;
 8000dd2:	4b0a      	ldr	r3, [pc, #40]	; (8000dfc <RST_CLK_CPUclkPrescaler+0x34>)
 8000dd4:	68db      	ldr	r3, [r3, #12]
 8000dd6:	60fb      	str	r3, [r7, #12]
    /* Clear CPU_C3_SEL bits */
    temp &= CPU_C3_SELclr;
 8000dd8:	68fb      	ldr	r3, [r7, #12]
 8000dda:	f023 03f0 	bic.w	r3, r3, #240	; 0xf0
 8000dde:	60fb      	str	r3, [r7, #12]
    /* Set the CPU_C3_SEL bits */
    temp |= ((uint32_t)CPUclkDivValue << RST_CLK_CPU_CLOCK_CPU_C3_SEL_Pos);
 8000de0:	79fb      	ldrb	r3, [r7, #7]
 8000de2:	011b      	lsls	r3, r3, #4
 8000de4:	68fa      	ldr	r2, [r7, #12]
 8000de6:	4313      	orrs	r3, r2
 8000de8:	60fb      	str	r3, [r7, #12]

    /* Store the new value */
    MDR_RST_CLK->CPU_CLOCK = temp;
 8000dea:	4a04      	ldr	r2, [pc, #16]	; (8000dfc <RST_CLK_CPUclkPrescaler+0x34>)
 8000dec:	68fb      	ldr	r3, [r7, #12]
 8000dee:	60d3      	str	r3, [r2, #12]
}
 8000df0:	bf00      	nop
 8000df2:	3714      	adds	r7, #20
 8000df4:	46bd      	mov	sp, r7
 8000df6:	bc80      	pop	{r7}
 8000df8:	4770      	bx	lr
 8000dfa:	bf00      	nop
 8000dfc:	40020000 	.word	0x40020000

08000e00 <RST_CLK_CPUclkSelection>:
  * @brief  Select the CPU clock source.
  * @param  CPU_CLK - @ref RST_CLK_HCLK_Source - specifies the CPU clock source.
  * @retval None
  */
void RST_CLK_CPUclkSelection(RST_CLK_HCLK_Source CPU_CLK)
{
 8000e00:	b480      	push	{r7}
 8000e02:	b085      	sub	sp, #20
 8000e04:	af00      	add	r7, sp, #0
 8000e06:	4603      	mov	r3, r0
 8000e08:	80fb      	strh	r3, [r7, #6]
    uint32_t temp;

    /* Check the parameters */
    assert_param(IS_RST_CPU_CLK(CPU_CLK));

    temp = MDR_RST_CLK->CPU_CLOCK;
 8000e0a:	4b09      	ldr	r3, [pc, #36]	; (8000e30 <RST_CLK_CPUclkSelection+0x30>)
 8000e0c:	68db      	ldr	r3, [r3, #12]
 8000e0e:	60fb      	str	r3, [r7, #12]
    /* Clear CPU_C3_SEL bits */
    temp &= CPU_HCLK_SELclr;
 8000e10:	68fb      	ldr	r3, [r7, #12]
 8000e12:	f423 7340 	bic.w	r3, r3, #768	; 0x300
 8000e16:	60fb      	str	r3, [r7, #12]
    /* Set the CPU_C3_SEL bits */
    temp |= (uint32_t)CPU_CLK;
 8000e18:	88fb      	ldrh	r3, [r7, #6]
 8000e1a:	68fa      	ldr	r2, [r7, #12]
 8000e1c:	4313      	orrs	r3, r2
 8000e1e:	60fb      	str	r3, [r7, #12]

    /* Store the new value */
    MDR_RST_CLK->CPU_CLOCK = temp;
 8000e20:	4a03      	ldr	r2, [pc, #12]	; (8000e30 <RST_CLK_CPUclkSelection+0x30>)
 8000e22:	68fb      	ldr	r3, [r7, #12]
 8000e24:	60d3      	str	r3, [r2, #12]
}
 8000e26:	bf00      	nop
 8000e28:	3714      	adds	r7, #20
 8000e2a:	46bd      	mov	sp, r7
 8000e2c:	bc80      	pop	{r7}
 8000e2e:	4770      	bx	lr
 8000e30:	40020000 	.word	0x40020000

08000e34 <RST_CLK_PCLKcmd>:
  *                RST_CLK_PCLK_PORTD,         RST_CLK_PCLK_PORTE,  RST_CLK_PCLK_PORTF.
  * @param  NewState - @ref FunctionalState - new state of the specified peripheral clock.
  * @retval None
  */
void RST_CLK_PCLKcmd(uint32_t RST_CLK_PCLK, FunctionalState NewState)
{
 8000e34:	b480      	push	{r7}
 8000e36:	b083      	sub	sp, #12
 8000e38:	af00      	add	r7, sp, #0
 8000e3a:	6078      	str	r0, [r7, #4]
 8000e3c:	460b      	mov	r3, r1
 8000e3e:	70fb      	strb	r3, [r7, #3]
    /* Check the parameters */
    assert_param(IS_FUNCTIONAL_STATE(NewState));
    assert_param(IS_RST_CLK_PCLK(RST_CLK_PCLK));

    if (NewState != DISABLE)
 8000e40:	78fb      	ldrb	r3, [r7, #3]
 8000e42:	2b00      	cmp	r3, #0
 8000e44:	d006      	beq.n	8000e54 <RST_CLK_PCLKcmd+0x20>
    {
        MDR_RST_CLK->PER_CLOCK |= RST_CLK_PCLK;
 8000e46:	4b09      	ldr	r3, [pc, #36]	; (8000e6c <RST_CLK_PCLKcmd+0x38>)
 8000e48:	69da      	ldr	r2, [r3, #28]
 8000e4a:	4908      	ldr	r1, [pc, #32]	; (8000e6c <RST_CLK_PCLKcmd+0x38>)
 8000e4c:	687b      	ldr	r3, [r7, #4]
 8000e4e:	4313      	orrs	r3, r2
 8000e50:	61cb      	str	r3, [r1, #28]
    }
    else
    {
        MDR_RST_CLK->PER_CLOCK &= ~RST_CLK_PCLK;
    }
}
 8000e52:	e006      	b.n	8000e62 <RST_CLK_PCLKcmd+0x2e>
        MDR_RST_CLK->PER_CLOCK &= ~RST_CLK_PCLK;
 8000e54:	4b05      	ldr	r3, [pc, #20]	; (8000e6c <RST_CLK_PCLKcmd+0x38>)
 8000e56:	69da      	ldr	r2, [r3, #28]
 8000e58:	687b      	ldr	r3, [r7, #4]
 8000e5a:	43db      	mvns	r3, r3
 8000e5c:	4903      	ldr	r1, [pc, #12]	; (8000e6c <RST_CLK_PCLKcmd+0x38>)
 8000e5e:	4013      	ands	r3, r2
 8000e60:	61cb      	str	r3, [r1, #28]
}
 8000e62:	bf00      	nop
 8000e64:	370c      	adds	r7, #12
 8000e66:	46bd      	mov	sp, r7
 8000e68:	bc80      	pop	{r7}
 8000e6a:	4770      	bx	lr
 8000e6c:	40020000 	.word	0x40020000

08000e70 <RST_CLK_GetFlagStatus>:
  * @brief  Checks whether the specified RCC flag is set or not.
  * @param  RST_CLK_FLAG - @ref RST_CLK_Flags - specifies the flag to check.
  * @retval @ref FlagStatus - The state of RCC_FLAG (SET or RESET).
  */
FlagStatus RST_CLK_GetFlagStatus(RST_CLK_Flags RST_CLK_FLAG)
{
 8000e70:	b480      	push	{r7}
 8000e72:	b085      	sub	sp, #20
 8000e74:	af00      	add	r7, sp, #0
 8000e76:	4603      	mov	r3, r0
 8000e78:	71fb      	strb	r3, [r7, #7]

    /* Check the parameters */
    assert_param(IS_RST_CLK_FLAG(RST_CLK_FLAG));

    /* Get the register */
    if ((FLAG_SFR_MASK & (uint32_t)RST_CLK_FLAG) == (uint32_t)0x20)
 8000e7a:	79fb      	ldrb	r3, [r7, #7]
 8000e7c:	f023 031f 	bic.w	r3, r3, #31
 8000e80:	b2db      	uxtb	r3, r3
 8000e82:	2b20      	cmp	r3, #32
 8000e84:	d103      	bne.n	8000e8e <RST_CLK_GetFlagStatus+0x1e>
    {
        /* The flag to check is in CLOCK_STATUS register */
        statusreg = MDR_RST_CLK->CLOCK_STATUS;
 8000e86:	4b0e      	ldr	r3, [pc, #56]	; (8000ec0 <RST_CLK_GetFlagStatus+0x50>)
 8000e88:	681b      	ldr	r3, [r3, #0]
 8000e8a:	60fb      	str	r3, [r7, #12]
 8000e8c:	e002      	b.n	8000e94 <RST_CLK_GetFlagStatus+0x24>
    }
    else
    {
        /* The flag to check is in REG_0F register */
        statusreg = MDR_BKP->REG_0F;
 8000e8e:	4b0d      	ldr	r3, [pc, #52]	; (8000ec4 <RST_CLK_GetFlagStatus+0x54>)
 8000e90:	6bdb      	ldr	r3, [r3, #60]	; 0x3c
 8000e92:	60fb      	str	r3, [r7, #12]
    }

    /* Get the flag status on proper position */
    if ((statusreg & ((uint32_t)1 << ((uint32_t)RST_CLK_FLAG & FLAG_MASK))) != (uint32_t)0x00)
 8000e94:	79fb      	ldrb	r3, [r7, #7]
 8000e96:	f003 031f 	and.w	r3, r3, #31
 8000e9a:	68fa      	ldr	r2, [r7, #12]
 8000e9c:	fa22 f303 	lsr.w	r3, r2, r3
 8000ea0:	f003 0301 	and.w	r3, r3, #1
 8000ea4:	2b00      	cmp	r3, #0
 8000ea6:	d002      	beq.n	8000eae <RST_CLK_GetFlagStatus+0x3e>
    {
        bitstatus = SET;
 8000ea8:	2301      	movs	r3, #1
 8000eaa:	72fb      	strb	r3, [r7, #11]
 8000eac:	e001      	b.n	8000eb2 <RST_CLK_GetFlagStatus+0x42>
    }
    else
    {
        bitstatus = RESET;
 8000eae:	2300      	movs	r3, #0
 8000eb0:	72fb      	strb	r3, [r7, #11]
    }

    /* Return the flag status */
    return bitstatus;
 8000eb2:	7afb      	ldrb	r3, [r7, #11]
}
 8000eb4:	4618      	mov	r0, r3
 8000eb6:	3714      	adds	r7, #20
 8000eb8:	46bd      	mov	sp, r7
 8000eba:	bc80      	pop	{r7}
 8000ebc:	4770      	bx	lr
 8000ebe:	bf00      	nop
 8000ec0:	40020000 	.word	0x40020000
 8000ec4:	400d8000 	.word	0x400d8000

08000ec8 <SSP_DeInit>:
  *             1, 2, 3 for MDR32F1QI;
  *             1, 2, 3, 4 for MDR32FG16S1QI.
  * @retval None
  */
void SSP_DeInit(MDR_SSP_TypeDef* SSPx)
{
 8000ec8:	b480      	push	{r7}
 8000eca:	b083      	sub	sp, #12
 8000ecc:	af00      	add	r7, sp, #0
 8000ece:	6078      	str	r0, [r7, #4]
    /* Check the parameters */
    assert_param(IS_SSP_ALL_PERIPH(SSPx));

    SSPx->CR0   = 0;
 8000ed0:	687b      	ldr	r3, [r7, #4]
 8000ed2:	2200      	movs	r2, #0
 8000ed4:	601a      	str	r2, [r3, #0]
    SSPx->CR1   = 0;
 8000ed6:	687b      	ldr	r3, [r7, #4]
 8000ed8:	2200      	movs	r2, #0
 8000eda:	605a      	str	r2, [r3, #4]
    SSPx->CPSR  = 0;
 8000edc:	687b      	ldr	r3, [r7, #4]
 8000ede:	2200      	movs	r2, #0
 8000ee0:	611a      	str	r2, [r3, #16]
    SSPx->IMSC  = 0;
 8000ee2:	687b      	ldr	r3, [r7, #4]
 8000ee4:	2200      	movs	r2, #0
 8000ee6:	615a      	str	r2, [r3, #20]
    SSPx->DMACR = 0;
 8000ee8:	687b      	ldr	r3, [r7, #4]
 8000eea:	2200      	movs	r2, #0
 8000eec:	625a      	str	r2, [r3, #36]	; 0x24

    /* Clear SSP ICR[RTIC] and SSP ICR[RORIC] bits */
    SSPx->ICR = SSP_IT_RT | SSP_IT_ROR;
 8000eee:	687b      	ldr	r3, [r7, #4]
 8000ef0:	2203      	movs	r2, #3
 8000ef2:	621a      	str	r2, [r3, #32]
}
 8000ef4:	bf00      	nop
 8000ef6:	370c      	adds	r7, #12
 8000ef8:	46bd      	mov	sp, r7
 8000efa:	bc80      	pop	{r7}
 8000efc:	4770      	bx	lr

08000efe <SSP_Init>:
  * @param  SSP_InitStruct: pointer to a @ref SSP_InitTypeDef structure that contains
  *         the configuration information for the specified SSP peripheral.
  * @retval None
  */
void SSP_Init(MDR_SSP_TypeDef* SSPx, const SSP_InitTypeDef* SSP_InitStruct)
{
 8000efe:	b480      	push	{r7}
 8000f00:	b085      	sub	sp, #20
 8000f02:	af00      	add	r7, sp, #0
 8000f04:	6078      	str	r0, [r7, #4]
 8000f06:	6039      	str	r1, [r7, #0]
    assert_param(IS_SSP_SPO(SSP_InitStruct->SSP_SPO));
    assert_param(IS_SSP_FRF(SSP_InitStruct->SSP_FRF));
    assert_param(IS_SSP_HARDWARE_FLOW_CONTROL(SSP_InitStruct->SSP_HardwareFlowControl));

    /* SSPx CPSR Configuration */
    SSPx->CPSR = SSP_InitStruct->SSP_CPSDVSR;
 8000f08:	683b      	ldr	r3, [r7, #0]
 8000f0a:	885b      	ldrh	r3, [r3, #2]
 8000f0c:	461a      	mov	r2, r3
 8000f0e:	687b      	ldr	r3, [r7, #4]
 8000f10:	611a      	str	r2, [r3, #16]

    /* SSPx CR0 Configuration */
    tmpreg = (SSP_InitStruct->SSP_SCR << SSP_CR0_SCR_Pos)
 8000f12:	683b      	ldr	r3, [r7, #0]
 8000f14:	881b      	ldrh	r3, [r3, #0]
 8000f16:	021b      	lsls	r3, r3, #8
            + SSP_InitStruct->SSP_SPH
 8000f18:	683a      	ldr	r2, [r7, #0]
 8000f1a:	7992      	ldrb	r2, [r2, #6]
 8000f1c:	4413      	add	r3, r2
            + SSP_InitStruct->SSP_SPO
 8000f1e:	683a      	ldr	r2, [r7, #0]
 8000f20:	79d2      	ldrb	r2, [r2, #7]
 8000f22:	4413      	add	r3, r2
            + SSP_InitStruct->SSP_FRF
 8000f24:	683a      	ldr	r2, [r7, #0]
 8000f26:	7a12      	ldrb	r2, [r2, #8]
 8000f28:	4413      	add	r3, r2
            + SSP_InitStruct->SSP_WordLength;
 8000f2a:	683a      	ldr	r2, [r7, #0]
 8000f2c:	7952      	ldrb	r2, [r2, #5]
 8000f2e:	4413      	add	r3, r2
    tmpreg = (SSP_InitStruct->SSP_SCR << SSP_CR0_SCR_Pos)
 8000f30:	60fb      	str	r3, [r7, #12]
    SSPx->CR0 = tmpreg;
 8000f32:	687b      	ldr	r3, [r7, #4]
 8000f34:	68fa      	ldr	r2, [r7, #12]
 8000f36:	601a      	str	r2, [r3, #0]

    /* SSPx CR1 Configuration */
    tmpreg = SSP_InitStruct->SSP_HardwareFlowControl + SSP_InitStruct->SSP_Mode;
 8000f38:	683b      	ldr	r3, [r7, #0]
 8000f3a:	7a5b      	ldrb	r3, [r3, #9]
 8000f3c:	461a      	mov	r2, r3
 8000f3e:	683b      	ldr	r3, [r7, #0]
 8000f40:	791b      	ldrb	r3, [r3, #4]
 8000f42:	4413      	add	r3, r2
 8000f44:	60fb      	str	r3, [r7, #12]
    SSPx->CR1 = tmpreg;
 8000f46:	687b      	ldr	r3, [r7, #4]
 8000f48:	68fa      	ldr	r2, [r7, #12]
 8000f4a:	605a      	str	r2, [r3, #4]
}
 8000f4c:	bf00      	nop
 8000f4e:	3714      	adds	r7, #20
 8000f50:	46bd      	mov	sp, r7
 8000f52:	bc80      	pop	{r7}
 8000f54:	4770      	bx	lr

08000f56 <SSP_StructInit>:
  * @param  SSP_InitStruct: pointer to a @ref SSP_InitTypeDef structure
  *         that is to be initialized.
  * @retval None
  */
void SSP_StructInit(SSP_InitTypeDef* SSP_InitStruct)
{
 8000f56:	b480      	push	{r7}
 8000f58:	b083      	sub	sp, #12
 8000f5a:	af00      	add	r7, sp, #0
 8000f5c:	6078      	str	r0, [r7, #4]
    /* SSP_InitStruct members default value */
    /* Initialize the SPI_Mode member */
    SSP_InitStruct->SSP_Mode = SSP_ModeMaster;
 8000f5e:	687b      	ldr	r3, [r7, #4]
 8000f60:	2200      	movs	r2, #0
 8000f62:	711a      	strb	r2, [r3, #4]
    /* initialize the SSP_WordLength member */
    SSP_InitStruct->SSP_WordLength = SSP_WordLength8b;
 8000f64:	687b      	ldr	r3, [r7, #4]
 8000f66:	2207      	movs	r2, #7
 8000f68:	715a      	strb	r2, [r3, #5]
    /* Initialize the SSP_SPO member */
    SSP_InitStruct->SSP_SPO = SSP_SPO_Low;
 8000f6a:	687b      	ldr	r3, [r7, #4]
 8000f6c:	2200      	movs	r2, #0
 8000f6e:	71da      	strb	r2, [r3, #7]
    /* Initialize the SSP_SPH member */
    SSP_InitStruct->SSP_SPH = SSP_SPH_1Edge;
 8000f70:	687b      	ldr	r3, [r7, #4]
 8000f72:	2200      	movs	r2, #0
 8000f74:	719a      	strb	r2, [r3, #6]
    /* Initialize the SSP_FRF member */
    SSP_InitStruct->SSP_FRF = SSP_FRF_SPI_Motorola;
 8000f76:	687b      	ldr	r3, [r7, #4]
 8000f78:	2200      	movs	r2, #0
 8000f7a:	721a      	strb	r2, [r3, #8]
    /* Initialize the SSP max speed */
    SSP_InitStruct->SSP_CPSDVSR = 2;
 8000f7c:	687b      	ldr	r3, [r7, #4]
 8000f7e:	2202      	movs	r2, #2
 8000f80:	805a      	strh	r2, [r3, #2]
    SSP_InitStruct->SSP_SCR = 0;
 8000f82:	687b      	ldr	r3, [r7, #4]
 8000f84:	2200      	movs	r2, #0
 8000f86:	801a      	strh	r2, [r3, #0]
    /* Initialize the hardware flow control */
    SSP_InitStruct->SSP_HardwareFlowControl = SSP_HardwareFlowControl_None;
 8000f88:	687b      	ldr	r3, [r7, #4]
 8000f8a:	2200      	movs	r2, #0
 8000f8c:	725a      	strb	r2, [r3, #9]
}
 8000f8e:	bf00      	nop
 8000f90:	370c      	adds	r7, #12
 8000f92:	46bd      	mov	sp, r7
 8000f94:	bc80      	pop	{r7}
 8000f96:	4770      	bx	lr

08000f98 <SSP_Cmd>:
  *             1, 2, 3, 4 for MDR32FG16S1QI.
  * @param  NewState - @ref FunctionalState - new state of the SSPx peripheral.
  * @retval None
  */
void SSP_Cmd(MDR_SSP_TypeDef* SSPx, FunctionalState NewState)
{
 8000f98:	b480      	push	{r7}
 8000f9a:	b083      	sub	sp, #12
 8000f9c:	af00      	add	r7, sp, #0
 8000f9e:	6078      	str	r0, [r7, #4]
 8000fa0:	460b      	mov	r3, r1
 8000fa2:	70fb      	strb	r3, [r7, #3]
    /* Check the parameters */
    assert_param(IS_SSP_ALL_PERIPH(SSPx));
    assert_param(IS_FUNCTIONAL_STATE(NewState));

    if (NewState != DISABLE)
 8000fa4:	78fb      	ldrb	r3, [r7, #3]
 8000fa6:	2b00      	cmp	r3, #0
 8000fa8:	d006      	beq.n	8000fb8 <SSP_Cmd+0x20>
    {
        /* Enable the selected SSP by setting the SSE bit in the CR1 register */
        SSPx->CR1 |= CR1_EN_Set;
 8000faa:	687b      	ldr	r3, [r7, #4]
 8000fac:	685b      	ldr	r3, [r3, #4]
 8000fae:	f043 0202 	orr.w	r2, r3, #2
 8000fb2:	687b      	ldr	r3, [r7, #4]
 8000fb4:	605a      	str	r2, [r3, #4]
    else
    {
        /* Disable the selected SSP by clearing the SSE bit in the CR1 register */
        SSPx->CR1 &= CR1_EN_Reset;
    }
}
 8000fb6:	e006      	b.n	8000fc6 <SSP_Cmd+0x2e>
        SSPx->CR1 &= CR1_EN_Reset;
 8000fb8:	687b      	ldr	r3, [r7, #4]
 8000fba:	685a      	ldr	r2, [r3, #4]
 8000fbc:	f64f 73fd 	movw	r3, #65533	; 0xfffd
 8000fc0:	4013      	ands	r3, r2
 8000fc2:	687a      	ldr	r2, [r7, #4]
 8000fc4:	6053      	str	r3, [r2, #4]
}
 8000fc6:	bf00      	nop
 8000fc8:	370c      	adds	r7, #12
 8000fca:	46bd      	mov	sp, r7
 8000fcc:	bc80      	pop	{r7}
 8000fce:	4770      	bx	lr

08000fd0 <SSP_GetITStatusMasked>:
  *             1, 2, 3, 4 for MDR32FG16S1QI.
  * @param  SSP_IT - @ref SSP_IT_TypeDef - specifies the SSP interrupt source to check.
  * @retval @ref ITStatus - The state of SSP_IT (SET or RESET).
  */
ITStatus SSP_GetITStatusMasked(MDR_SSP_TypeDef* SSPx, SSP_IT_TypeDef SSP_IT)
{
 8000fd0:	b480      	push	{r7}
 8000fd2:	b085      	sub	sp, #20
 8000fd4:	af00      	add	r7, sp, #0
 8000fd6:	6078      	str	r0, [r7, #4]
 8000fd8:	460b      	mov	r3, r1
 8000fda:	70fb      	strb	r3, [r7, #3]

    /* Check the parameters */
    assert_param(IS_SSP_ALL_PERIPH(SSPx));
    assert_param(IS_SSP_CONFIG_IT(SSP_IT));

    if (SSPx->MIS & ((uint32_t)SSP_IT))
 8000fdc:	687b      	ldr	r3, [r7, #4]
 8000fde:	69da      	ldr	r2, [r3, #28]
 8000fe0:	78fb      	ldrb	r3, [r7, #3]
 8000fe2:	4013      	ands	r3, r2
 8000fe4:	2b00      	cmp	r3, #0
 8000fe6:	d002      	beq.n	8000fee <SSP_GetITStatusMasked+0x1e>
    {
        bitstatus = SET;
 8000fe8:	2301      	movs	r3, #1
 8000fea:	73fb      	strb	r3, [r7, #15]
 8000fec:	e001      	b.n	8000ff2 <SSP_GetITStatusMasked+0x22>
    }
    else
    {
        bitstatus = RESET;
 8000fee:	2300      	movs	r3, #0
 8000ff0:	73fb      	strb	r3, [r7, #15]
    }

    return (bitstatus);
 8000ff2:	7bfb      	ldrb	r3, [r7, #15]
}
 8000ff4:	4618      	mov	r0, r3
 8000ff6:	3714      	adds	r7, #20
 8000ff8:	46bd      	mov	sp, r7
 8000ffa:	bc80      	pop	{r7}
 8000ffc:	4770      	bx	lr

08000ffe <SSP_ClearITPendingBit>:
  *           @arg SSP_IT_RT
  *           @arg SSP_IT_ROR
  * @retval None
  */
void SSP_ClearITPendingBit(MDR_SSP_TypeDef* SSPx, SSP_IT_TypeDef SSP_IT)
{
 8000ffe:	b480      	push	{r7}
 8001000:	b083      	sub	sp, #12
 8001002:	af00      	add	r7, sp, #0
 8001004:	6078      	str	r0, [r7, #4]
 8001006:	460b      	mov	r3, r1
 8001008:	70fb      	strb	r3, [r7, #3]
    /* Check the parameters */
    assert_param(IS_SSP_ALL_PERIPH(SSPx));
    assert_param(IS_SSP_RESET_IT(SSP_IT));

    SSPx->ICR |= ((uint32_t)SSP_IT);
 800100a:	687b      	ldr	r3, [r7, #4]
 800100c:	6a1a      	ldr	r2, [r3, #32]
 800100e:	78fb      	ldrb	r3, [r7, #3]
 8001010:	431a      	orrs	r2, r3
 8001012:	687b      	ldr	r3, [r7, #4]
 8001014:	621a      	str	r2, [r3, #32]
}
 8001016:	bf00      	nop
 8001018:	370c      	adds	r7, #12
 800101a:	46bd      	mov	sp, r7
 800101c:	bc80      	pop	{r7}
 800101e:	4770      	bx	lr

08001020 <SSP_SendData>:
  *             1, 2, 3, 4 for MDR32FG16S1QI.
  * @param  Data: the data to transmit.
  * @retval None
  */
void SSP_SendData(MDR_SSP_TypeDef* SSPx, uint16_t Data)
{
 8001020:	b480      	push	{r7}
 8001022:	b083      	sub	sp, #12
 8001024:	af00      	add	r7, sp, #0
 8001026:	6078      	str	r0, [r7, #4]
 8001028:	460b      	mov	r3, r1
 800102a:	807b      	strh	r3, [r7, #2]
    /* Check the parameters */
    assert_param(IS_SSP_ALL_PERIPH(SSPx));

    /* Transmit Data */
    SSPx->DR = Data;
 800102c:	887a      	ldrh	r2, [r7, #2]
 800102e:	687b      	ldr	r3, [r7, #4]
 8001030:	609a      	str	r2, [r3, #8]
}
 8001032:	bf00      	nop
 8001034:	370c      	adds	r7, #12
 8001036:	46bd      	mov	sp, r7
 8001038:	bc80      	pop	{r7}
 800103a:	4770      	bx	lr

0800103c <SSP_ReceiveData>:
  *             1, 2, 3 for MDR32F1QI;
  *             1, 2, 3, 4 for MDR32FG16S1QI.
  * @retval The received data.
  */
uint16_t SSP_ReceiveData(MDR_SSP_TypeDef* SSPx)
{
 800103c:	b480      	push	{r7}
 800103e:	b083      	sub	sp, #12
 8001040:	af00      	add	r7, sp, #0
 8001042:	6078      	str	r0, [r7, #4]
    /* Check the parameters */
    assert_param(IS_SSP_ALL_PERIPH(SSPx));

    /* Receive Data */
    return ((uint16_t)(SSPx->DR));
 8001044:	687b      	ldr	r3, [r7, #4]
 8001046:	689b      	ldr	r3, [r3, #8]
 8001048:	b29b      	uxth	r3, r3
}
 800104a:	4618      	mov	r0, r3
 800104c:	370c      	adds	r7, #12
 800104e:	46bd      	mov	sp, r7
 8001050:	bc80      	pop	{r7}
 8001052:	4770      	bx	lr

08001054 <SSP_GetFlagStatus>:
  *             1, 2, 3, 4 for MDR32FG16S1QI.
  * @param  SSP_FLAG - @ref SSP_Flags_TypeDef - specifies the flag to check.
  * @retval @ref FlagStatus - The state of SSP_FLAG (SET or RESET).
  */
FlagStatus SSP_GetFlagStatus(MDR_SSP_TypeDef* SSPx, SSP_Flags_TypeDef SSP_FLAG)
{
 8001054:	b480      	push	{r7}
 8001056:	b085      	sub	sp, #20
 8001058:	af00      	add	r7, sp, #0
 800105a:	6078      	str	r0, [r7, #4]
 800105c:	460b      	mov	r3, r1
 800105e:	70fb      	strb	r3, [r7, #3]

    /* Check the parameters */
    assert_param(IS_SSP_ALL_PERIPH(SSPx));
    assert_param(IS_SSP_FLAG(SSP_FLAG));

    if (SSPx->SR & ((uint32_t)SSP_FLAG))
 8001060:	687b      	ldr	r3, [r7, #4]
 8001062:	68da      	ldr	r2, [r3, #12]
 8001064:	78fb      	ldrb	r3, [r7, #3]
 8001066:	4013      	ands	r3, r2
 8001068:	2b00      	cmp	r3, #0
 800106a:	d002      	beq.n	8001072 <SSP_GetFlagStatus+0x1e>
    {
        bitstatus = SET;
 800106c:	2301      	movs	r3, #1
 800106e:	73fb      	strb	r3, [r7, #15]
 8001070:	e001      	b.n	8001076 <SSP_GetFlagStatus+0x22>
    }
    else
    {
        bitstatus = RESET;
 8001072:	2300      	movs	r3, #0
 8001074:	73fb      	strb	r3, [r7, #15]
    }

    return (bitstatus);
 8001076:	7bfb      	ldrb	r3, [r7, #15]
}
 8001078:	4618      	mov	r0, r3
 800107a:	3714      	adds	r7, #20
 800107c:	46bd      	mov	sp, r7
 800107e:	bc80      	pop	{r7}
 8001080:	4770      	bx	lr
	...

08001084 <SSP_BRGInit>:
  *             1, 2, 3, 4 for MDR32FG16S1QI.
  * @param  SSP_BRG - @ref SSP_Clock_BRG_TypeDef - specifies the HCLK division factor.
  * @retval None
  */
void SSP_BRGInit(MDR_SSP_TypeDef* SSPx, SSP_Clock_BRG_TypeDef SSP_BRG)
{
 8001084:	b480      	push	{r7}
 8001086:	b085      	sub	sp, #20
 8001088:	af00      	add	r7, sp, #0
 800108a:	6078      	str	r0, [r7, #4]
 800108c:	460b      	mov	r3, r1
 800108e:	70fb      	strb	r3, [r7, #3]
        tmpreg = MDR_RST_CLK->SPP2_CLOCK;
    }
    else
#endif
    {
        tmpreg = MDR_RST_CLK->SSP_CLOCK;
 8001090:	4b16      	ldr	r3, [pc, #88]	; (80010ec <SSP_BRGInit+0x68>)
 8001092:	6adb      	ldr	r3, [r3, #44]	; 0x2c
 8001094:	60fb      	str	r3, [r7, #12]
    }

    if(SSPx == MDR_SSP1)
 8001096:	687b      	ldr	r3, [r7, #4]
 8001098:	4a15      	ldr	r2, [pc, #84]	; (80010f0 <SSP_BRGInit+0x6c>)
 800109a:	4293      	cmp	r3, r2
 800109c:	d10c      	bne.n	80010b8 <SSP_BRGInit+0x34>
    {
        tmpreg |= RST_CLK_SSP_CLOCK_SSP1_CLK_EN;
 800109e:	68fb      	ldr	r3, [r7, #12]
 80010a0:	f043 7380 	orr.w	r3, r3, #16777216	; 0x1000000
 80010a4:	60fb      	str	r3, [r7, #12]
        tmpreg &= ~RST_CLK_SSP_CLOCK_SSP1_BRG_Msk;
 80010a6:	68fb      	ldr	r3, [r7, #12]
 80010a8:	f023 03ff 	bic.w	r3, r3, #255	; 0xff
 80010ac:	60fb      	str	r3, [r7, #12]
        tmpreg |= ((uint32_t)SSP_BRG);
 80010ae:	78fb      	ldrb	r3, [r7, #3]
 80010b0:	68fa      	ldr	r2, [r7, #12]
 80010b2:	4313      	orrs	r3, r2
 80010b4:	60fb      	str	r3, [r7, #12]
 80010b6:	e010      	b.n	80010da <SSP_BRGInit+0x56>
    }
    else if(SSPx == MDR_SSP2)
 80010b8:	687b      	ldr	r3, [r7, #4]
 80010ba:	4a0e      	ldr	r2, [pc, #56]	; (80010f4 <SSP_BRGInit+0x70>)
 80010bc:	4293      	cmp	r3, r2
 80010be:	d10c      	bne.n	80010da <SSP_BRGInit+0x56>
    {
        tmpreg |= RST_CLK_SSP_CLOCK_SSP2_CLK_EN;
 80010c0:	68fb      	ldr	r3, [r7, #12]
 80010c2:	f043 7300 	orr.w	r3, r3, #33554432	; 0x2000000
 80010c6:	60fb      	str	r3, [r7, #12]
        tmpreg &= ~RST_CLK_SSP_CLOCK_SSP2_BRG_Msk;
 80010c8:	68fb      	ldr	r3, [r7, #12]
 80010ca:	f423 437f 	bic.w	r3, r3, #65280	; 0xff00
 80010ce:	60fb      	str	r3, [r7, #12]
        tmpreg |= (((uint32_t)SSP_BRG) << 8);
 80010d0:	78fb      	ldrb	r3, [r7, #3]
 80010d2:	021b      	lsls	r3, r3, #8
 80010d4:	68fa      	ldr	r2, [r7, #12]
 80010d6:	4313      	orrs	r3, r2
 80010d8:	60fb      	str	r3, [r7, #12]
        MDR_RST_CLK->SPP2_CLOCK = tmpreg;
    }
    else
#endif
    {
        MDR_RST_CLK->SSP_CLOCK = tmpreg;
 80010da:	4a04      	ldr	r2, [pc, #16]	; (80010ec <SSP_BRGInit+0x68>)
 80010dc:	68fb      	ldr	r3, [r7, #12]
 80010de:	62d3      	str	r3, [r2, #44]	; 0x2c
    }
}
 80010e0:	bf00      	nop
 80010e2:	3714      	adds	r7, #20
 80010e4:	46bd      	mov	sp, r7
 80010e6:	bc80      	pop	{r7}
 80010e8:	4770      	bx	lr
 80010ea:	bf00      	nop
 80010ec:	40020000 	.word	0x40020000
 80010f0:	40040000 	.word	0x40040000
 80010f4:	400a0000 	.word	0x400a0000

080010f8 <TIMER_DeInit>:
  *             1, 2, 3 for MDR32F9Q2I, MDR1986VE94GI and MDR32FG16S1QI;
  *             1, 2, 3, 4 for MDR32F1QI.
  * @retval None
  */
void TIMER_DeInit(MDR_TIMER_TypeDef* TIMERx)
{
 80010f8:	b480      	push	{r7}
 80010fa:	b083      	sub	sp, #12
 80010fc:	af00      	add	r7, sp, #0
 80010fe:	6078      	str	r0, [r7, #4]
    /* Check the parameters */
    assert_param(IS_TIMER_ALL_PERIPH(TIMERx));

    TIMERx->CNTRL = 0;
 8001100:	687b      	ldr	r3, [r7, #4]
 8001102:	2200      	movs	r2, #0
 8001104:	60da      	str	r2, [r3, #12]
    TIMERx->CNT   = 0;
 8001106:	687b      	ldr	r3, [r7, #4]
 8001108:	2200      	movs	r2, #0
 800110a:	601a      	str	r2, [r3, #0]
    TIMERx->PSG   = 0;
 800110c:	687b      	ldr	r3, [r7, #4]
 800110e:	2200      	movs	r2, #0
 8001110:	605a      	str	r2, [r3, #4]
    TIMERx->ARR   = 0;
 8001112:	687b      	ldr	r3, [r7, #4]
 8001114:	2200      	movs	r2, #0
 8001116:	609a      	str	r2, [r3, #8]

    TIMERx->CH1_CNTRL  = 0;
 8001118:	687b      	ldr	r3, [r7, #4]
 800111a:	2200      	movs	r2, #0
 800111c:	621a      	str	r2, [r3, #32]
    TIMERx->CH2_CNTRL  = 0;
 800111e:	687b      	ldr	r3, [r7, #4]
 8001120:	2200      	movs	r2, #0
 8001122:	625a      	str	r2, [r3, #36]	; 0x24
    TIMERx->CH3_CNTRL  = 0;
 8001124:	687b      	ldr	r3, [r7, #4]
 8001126:	2200      	movs	r2, #0
 8001128:	629a      	str	r2, [r3, #40]	; 0x28
    TIMERx->CH4_CNTRL  = 0;
 800112a:	687b      	ldr	r3, [r7, #4]
 800112c:	2200      	movs	r2, #0
 800112e:	62da      	str	r2, [r3, #44]	; 0x2c
    TIMERx->CH1_CNTRL1 = 0;
 8001130:	687b      	ldr	r3, [r7, #4]
 8001132:	2200      	movs	r2, #0
 8001134:	631a      	str	r2, [r3, #48]	; 0x30
    TIMERx->CH2_CNTRL1 = 0;
 8001136:	687b      	ldr	r3, [r7, #4]
 8001138:	2200      	movs	r2, #0
 800113a:	635a      	str	r2, [r3, #52]	; 0x34
    TIMERx->CH3_CNTRL1 = 0;
 800113c:	687b      	ldr	r3, [r7, #4]
 800113e:	2200      	movs	r2, #0
 8001140:	639a      	str	r2, [r3, #56]	; 0x38
    TIMERx->CH4_CNTRL1 = 0;
 8001142:	687b      	ldr	r3, [r7, #4]
 8001144:	2200      	movs	r2, #0
 8001146:	63da      	str	r2, [r3, #60]	; 0x3c
    TIMERx->CH1_CNTRL2 = 0;
 8001148:	687b      	ldr	r3, [r7, #4]
 800114a:	2200      	movs	r2, #0
 800114c:	661a      	str	r2, [r3, #96]	; 0x60
    TIMERx->CH2_CNTRL2 = 0;
 800114e:	687b      	ldr	r3, [r7, #4]
 8001150:	2200      	movs	r2, #0
 8001152:	665a      	str	r2, [r3, #100]	; 0x64
    TIMERx->CH3_CNTRL2 = 0;
 8001154:	687b      	ldr	r3, [r7, #4]
 8001156:	2200      	movs	r2, #0
 8001158:	669a      	str	r2, [r3, #104]	; 0x68
    TIMERx->CH4_CNTRL2 = 0;
 800115a:	687b      	ldr	r3, [r7, #4]
 800115c:	2200      	movs	r2, #0
 800115e:	66da      	str	r2, [r3, #108]	; 0x6c

    TIMERx->CCR1         = 0;
 8001160:	687b      	ldr	r3, [r7, #4]
 8001162:	2200      	movs	r2, #0
 8001164:	611a      	str	r2, [r3, #16]
    TIMERx->CCR2         = 0;
 8001166:	687b      	ldr	r3, [r7, #4]
 8001168:	2200      	movs	r2, #0
 800116a:	615a      	str	r2, [r3, #20]
    TIMERx->CCR3         = 0;
 800116c:	687b      	ldr	r3, [r7, #4]
 800116e:	2200      	movs	r2, #0
 8001170:	619a      	str	r2, [r3, #24]
    TIMERx->CCR4         = 0;
 8001172:	687b      	ldr	r3, [r7, #4]
 8001174:	2200      	movs	r2, #0
 8001176:	61da      	str	r2, [r3, #28]
    TIMERx->CCR11        = 0;
 8001178:	687b      	ldr	r3, [r7, #4]
 800117a:	2200      	movs	r2, #0
 800117c:	671a      	str	r2, [r3, #112]	; 0x70
    TIMERx->CCR21        = 0;
 800117e:	687b      	ldr	r3, [r7, #4]
 8001180:	2200      	movs	r2, #0
 8001182:	675a      	str	r2, [r3, #116]	; 0x74
    TIMERx->CCR31        = 0;
 8001184:	687b      	ldr	r3, [r7, #4]
 8001186:	2200      	movs	r2, #0
 8001188:	679a      	str	r2, [r3, #120]	; 0x78
    TIMERx->CCR41        = 0;
 800118a:	687b      	ldr	r3, [r7, #4]
 800118c:	2200      	movs	r2, #0
 800118e:	67da      	str	r2, [r3, #124]	; 0x7c
    TIMERx->CH1_DTG      = 0;
 8001190:	687b      	ldr	r3, [r7, #4]
 8001192:	2200      	movs	r2, #0
 8001194:	641a      	str	r2, [r3, #64]	; 0x40
    TIMERx->CH2_DTG      = 0;
 8001196:	687b      	ldr	r3, [r7, #4]
 8001198:	2200      	movs	r2, #0
 800119a:	645a      	str	r2, [r3, #68]	; 0x44
    TIMERx->CH3_DTG      = 0;
 800119c:	687b      	ldr	r3, [r7, #4]
 800119e:	2200      	movs	r2, #0
 80011a0:	649a      	str	r2, [r3, #72]	; 0x48
    TIMERx->CH4_DTG      = 0;
 80011a2:	687b      	ldr	r3, [r7, #4]
 80011a4:	2200      	movs	r2, #0
 80011a6:	64da      	str	r2, [r3, #76]	; 0x4c
    TIMERx->BRKETR_CNTRL = 0;
 80011a8:	687b      	ldr	r3, [r7, #4]
 80011aa:	2200      	movs	r2, #0
 80011ac:	651a      	str	r2, [r3, #80]	; 0x50
    TIMERx->STATUS       = 0;
 80011ae:	687b      	ldr	r3, [r7, #4]
 80011b0:	2200      	movs	r2, #0
 80011b2:	655a      	str	r2, [r3, #84]	; 0x54
    TIMERx->IE           = 0;
 80011b4:	687b      	ldr	r3, [r7, #4]
 80011b6:	2200      	movs	r2, #0
 80011b8:	659a      	str	r2, [r3, #88]	; 0x58
    TIMERx->DMA_RE       = 0;
 80011ba:	687b      	ldr	r3, [r7, #4]
 80011bc:	2200      	movs	r2, #0
 80011be:	65da      	str	r2, [r3, #92]	; 0x5c
#if defined (USE_MDR32F1QI)
    TIMERx->DMA_REChx[0] = TIMERx->DMA_REChx[1] =
            TIMERx->DMA_REChx[2] = TIMERx->DMA_REChx[3] = 0;
#endif /* #if  defined (USE_MDR32F1QI) */
}
 80011c0:	bf00      	nop
 80011c2:	370c      	adds	r7, #12
 80011c4:	46bd      	mov	sp, r7
 80011c6:	bc80      	pop	{r7}
 80011c8:	4770      	bx	lr

080011ca <TIMER_CntInit>:
  * @param  TIMER_CntInitStruct: pointer to a @ref TIMER_CntInitTypeDef structure
  *         that contains the configuration information for the specified TIMER peripheral.
  * @retval None
  */
void TIMER_CntInit(MDR_TIMER_TypeDef* TIMERx, const TIMER_CntInitTypeDef* TIMER_CntInitStruct)
{
 80011ca:	b480      	push	{r7}
 80011cc:	b085      	sub	sp, #20
 80011ce:	af00      	add	r7, sp, #0
 80011d0:	6078      	str	r0, [r7, #4]
 80011d2:	6039      	str	r1, [r7, #0]
    assert_param(IS_TIMER_FILTER_CONF(TIMER_CntInitStruct->TIMER_ETR_FilterConf));
    assert_param(IS_TIMER_ETR_PRESCALER(TIMER_CntInitStruct->TIMER_ETR_Prescaler));
    assert_param(IS_TIMER_ETR_POLARITY(TIMER_CntInitStruct->TIMER_ETR_Polarity));
    assert_param(IS_TIMER_BRK_POLARITY(TIMER_CntInitStruct->TIMER_BRK_Polarity));

    TIMERx->CNT = TIMER_CntInitStruct->TIMER_IniCounter;
 80011d4:	683b      	ldr	r3, [r7, #0]
 80011d6:	881b      	ldrh	r3, [r3, #0]
 80011d8:	461a      	mov	r2, r3
 80011da:	687b      	ldr	r3, [r7, #4]
 80011dc:	601a      	str	r2, [r3, #0]
    TIMERx->PSG = TIMER_CntInitStruct->TIMER_Prescaler;
 80011de:	683b      	ldr	r3, [r7, #0]
 80011e0:	885b      	ldrh	r3, [r3, #2]
 80011e2:	461a      	mov	r2, r3
 80011e4:	687b      	ldr	r3, [r7, #4]
 80011e6:	605a      	str	r2, [r3, #4]
    TIMERx->ARR = TIMER_CntInitStruct->TIMER_Period;
 80011e8:	683b      	ldr	r3, [r7, #0]
 80011ea:	889b      	ldrh	r3, [r3, #4]
 80011ec:	461a      	mov	r2, r3
 80011ee:	687b      	ldr	r3, [r7, #4]
 80011f0:	609a      	str	r2, [r3, #8]

    /* Form new value for the CNTRL register */
    tmpreg_CNTRL = TIMER_CntInitStruct->TIMER_CounterMode
 80011f2:	683b      	ldr	r3, [r7, #0]
 80011f4:	88da      	ldrh	r2, [r3, #6]
                 | TIMER_CntInitStruct->TIMER_CounterDirection
 80011f6:	683b      	ldr	r3, [r7, #0]
 80011f8:	891b      	ldrh	r3, [r3, #8]
                 | TIMER_CntInitStruct->TIMER_EventSource
                 | TIMER_CntInitStruct->TIMER_FilterSampling
                 | TIMER_CntInitStruct->TIMER_ARR_UpdateMode;
 80011fa:	4313      	orrs	r3, r2
 80011fc:	b29a      	uxth	r2, r3
                 | TIMER_CntInitStruct->TIMER_EventSource
 80011fe:	683b      	ldr	r3, [r7, #0]
 8001200:	895b      	ldrh	r3, [r3, #10]
                 | TIMER_CntInitStruct->TIMER_ARR_UpdateMode;
 8001202:	4313      	orrs	r3, r2
 8001204:	b29a      	uxth	r2, r3
                 | TIMER_CntInitStruct->TIMER_FilterSampling
 8001206:	683b      	ldr	r3, [r7, #0]
 8001208:	899b      	ldrh	r3, [r3, #12]
                 | TIMER_CntInitStruct->TIMER_ARR_UpdateMode;
 800120a:	4313      	orrs	r3, r2
 800120c:	b29a      	uxth	r2, r3
 800120e:	683b      	ldr	r3, [r7, #0]
 8001210:	89db      	ldrh	r3, [r3, #14]
 8001212:	4313      	orrs	r3, r2
 8001214:	b29b      	uxth	r3, r3
    tmpreg_CNTRL = TIMER_CntInitStruct->TIMER_CounterMode
 8001216:	60fb      	str	r3, [r7, #12]

    /* Configure CNTRL register with new value */
    TIMERx->CNTRL = tmpreg_CNTRL;
 8001218:	687b      	ldr	r3, [r7, #4]
 800121a:	68fa      	ldr	r2, [r7, #12]
 800121c:	60da      	str	r2, [r3, #12]

    /* Form new value for the BRKETR_CNTRL register */
    tmpreg_BRKETR_CNTRL = (TIMER_CntInitStruct->TIMER_ETR_FilterConf << TIMER_BRKETR_CNTRL_ETR_FILTER_Pos)
 800121e:	683b      	ldr	r3, [r7, #0]
 8001220:	8a1b      	ldrh	r3, [r3, #16]
 8001222:	011b      	lsls	r3, r3, #4
                         | TIMER_CntInitStruct->TIMER_ETR_Prescaler
 8001224:	683a      	ldr	r2, [r7, #0]
 8001226:	8a52      	ldrh	r2, [r2, #18]
 8001228:	4313      	orrs	r3, r2
                         | TIMER_CntInitStruct->TIMER_ETR_Polarity
 800122a:	683a      	ldr	r2, [r7, #0]
 800122c:	8a92      	ldrh	r2, [r2, #20]
 800122e:	4313      	orrs	r3, r2
                         | TIMER_CntInitStruct->TIMER_BRK_Polarity;
 8001230:	683a      	ldr	r2, [r7, #0]
 8001232:	8ad2      	ldrh	r2, [r2, #22]
 8001234:	4313      	orrs	r3, r2
    tmpreg_BRKETR_CNTRL = (TIMER_CntInitStruct->TIMER_ETR_FilterConf << TIMER_BRKETR_CNTRL_ETR_FILTER_Pos)
 8001236:	60bb      	str	r3, [r7, #8]

    /* Configure BRKETR_CNTRL register with new value */
    TIMERx->BRKETR_CNTRL = tmpreg_BRKETR_CNTRL;
 8001238:	687b      	ldr	r3, [r7, #4]
 800123a:	68ba      	ldr	r2, [r7, #8]
 800123c:	651a      	str	r2, [r3, #80]	; 0x50
}
 800123e:	bf00      	nop
 8001240:	3714      	adds	r7, #20
 8001242:	46bd      	mov	sp, r7
 8001244:	bc80      	pop	{r7}
 8001246:	4770      	bx	lr

08001248 <TIMER_Cmd>:
  *             1, 2, 3, 4 for MDR32F1QI.
  * @param  NewState - @ref FunctionalState - new state of the TIMERx peripheral
  * @retval None
  */
void TIMER_Cmd(MDR_TIMER_TypeDef* TIMERx, FunctionalState NewState)
{
 8001248:	b480      	push	{r7}
 800124a:	b085      	sub	sp, #20
 800124c:	af00      	add	r7, sp, #0
 800124e:	6078      	str	r0, [r7, #4]
 8001250:	460b      	mov	r3, r1
 8001252:	70fb      	strb	r3, [r7, #3]

    /* Check the parameters */
    assert_param(IS_TIMER_ALL_PERIPH(TIMERx));
    assert_param(IS_FUNCTIONAL_STATE(NewState));

    tmpreg_CNTRL = TIMERx->CNTRL;
 8001254:	687b      	ldr	r3, [r7, #4]
 8001256:	68db      	ldr	r3, [r3, #12]
 8001258:	60fb      	str	r3, [r7, #12]

    /* Form new value */
    if (NewState != DISABLE)
 800125a:	78fb      	ldrb	r3, [r7, #3]
 800125c:	2b00      	cmp	r3, #0
 800125e:	d004      	beq.n	800126a <TIMER_Cmd+0x22>
    {
        /* Enable TIMERx by setting the CNT_EN bit in the CNTRL register */
        tmpreg_CNTRL |= TIMER_CNTRL_CNT_EN;
 8001260:	68fb      	ldr	r3, [r7, #12]
 8001262:	f043 0301 	orr.w	r3, r3, #1
 8001266:	60fb      	str	r3, [r7, #12]
 8001268:	e003      	b.n	8001272 <TIMER_Cmd+0x2a>
    }
    else
    {
        /* Disable TIMERx by clearing the CNT_EN bit in the CNTRL register */
        tmpreg_CNTRL &= ~TIMER_CNTRL_CNT_EN;
 800126a:	68fb      	ldr	r3, [r7, #12]
 800126c:	f023 0301 	bic.w	r3, r3, #1
 8001270:	60fb      	str	r3, [r7, #12]
    }

    /* Configure CNTRL register with new value */
    TIMERx->CNTRL = tmpreg_CNTRL;
 8001272:	687b      	ldr	r3, [r7, #4]
 8001274:	68fa      	ldr	r2, [r7, #12]
 8001276:	60da      	str	r2, [r3, #12]
}
 8001278:	bf00      	nop
 800127a:	3714      	adds	r7, #20
 800127c:	46bd      	mov	sp, r7
 800127e:	bc80      	pop	{r7}
 8001280:	4770      	bx	lr

08001282 <TIMER_ChnInit>:
  *         that contains the configuration information for the specified
  *         TIMER Channel peripheral.
  * @retval None
  */
void TIMER_ChnInit(MDR_TIMER_TypeDef* TIMERx, const TIMER_ChnInitTypeDef* TIMER_ChnInitStruct)
{
 8001282:	b480      	push	{r7}
 8001284:	b087      	sub	sp, #28
 8001286:	af00      	add	r7, sp, #0
 8001288:	6078      	str	r0, [r7, #4]
 800128a:	6039      	str	r1, [r7, #0]
    assert_param(IS_TIMER_CHANNEL_CCR1_EVENT_SOURCE(TIMER_ChnInitStruct->TIMER_CH_CCR1_EventSource));
#if defined (USE_MDR32F9xI) || defined (USE_MDR32F1QI)
    assert_param(IS_FUNCTIONAL_STATE(TIMER_ChnInitStruct->TIMER_CH_EventDelay));
#endif

    tmpreg_CH_CNTRL = TIMER_ChnInitStruct->TIMER_CH_Mode
 800128c:	683b      	ldr	r3, [r7, #0]
 800128e:	885a      	ldrh	r2, [r3, #2]
                    | TIMER_ChnInitStruct->TIMER_CH_ETR_Reset
 8001290:	683b      	ldr	r3, [r7, #0]
 8001292:	88db      	ldrh	r3, [r3, #6]
                    | TIMER_ChnInitStruct->TIMER_CH_BRK_Reset
                    | TIMER_ChnInitStruct->TIMER_CH_REF_Format
 8001294:	4313      	orrs	r3, r2
 8001296:	b29a      	uxth	r2, r3
                    | TIMER_ChnInitStruct->TIMER_CH_BRK_Reset
 8001298:	683b      	ldr	r3, [r7, #0]
 800129a:	891b      	ldrh	r3, [r3, #8]
                    | TIMER_ChnInitStruct->TIMER_CH_REF_Format
 800129c:	4313      	orrs	r3, r2
 800129e:	b29a      	uxth	r2, r3
 80012a0:	683b      	ldr	r3, [r7, #0]
 80012a2:	895b      	ldrh	r3, [r3, #10]
 80012a4:	4313      	orrs	r3, r2
 80012a6:	b29b      	uxth	r3, r3
 80012a8:	461a      	mov	r2, r3
                    | (TIMER_ChnInitStruct->TIMER_CH_Prescaler << TIMER_CH_CNTRL_CHPSC_Pos)
 80012aa:	683b      	ldr	r3, [r7, #0]
 80012ac:	899b      	ldrh	r3, [r3, #12]
 80012ae:	019b      	lsls	r3, r3, #6
 80012b0:	4313      	orrs	r3, r2
                    | TIMER_ChnInitStruct->TIMER_CH_EventSource
 80012b2:	683a      	ldr	r2, [r7, #0]
 80012b4:	89d2      	ldrh	r2, [r2, #14]
 80012b6:	4313      	orrs	r3, r2
                    | (TIMER_ChnInitStruct->TIMER_CH_FilterConf << TIMER_CH_CNTRL_CHFLTR_Pos);
 80012b8:	683a      	ldr	r2, [r7, #0]
 80012ba:	8a12      	ldrh	r2, [r2, #16]
 80012bc:	4313      	orrs	r3, r2
    tmpreg_CH_CNTRL = TIMER_ChnInitStruct->TIMER_CH_Mode
 80012be:	617b      	str	r3, [r7, #20]

    if (TIMER_ChnInitStruct->TIMER_CH_ETR_Ena != DISABLE)
 80012c0:	683b      	ldr	r3, [r7, #0]
 80012c2:	889b      	ldrh	r3, [r3, #4]
 80012c4:	2b00      	cmp	r3, #0
 80012c6:	d003      	beq.n	80012d0 <TIMER_ChnInit+0x4e>
    {
        tmpreg_CH_CNTRL |= TIMER_CH_CNTRL_OCCE;
 80012c8:	697b      	ldr	r3, [r7, #20]
 80012ca:	f443 7380 	orr.w	r3, r3, #256	; 0x100
 80012ce:	617b      	str	r3, [r7, #20]
    }

    tmpreg_CH_Number = TIMER_ChnInitStruct->TIMER_CH_Number;
 80012d0:	683b      	ldr	r3, [r7, #0]
 80012d2:	881b      	ldrh	r3, [r3, #0]
 80012d4:	60fb      	str	r3, [r7, #12]

    *(&TIMERx->CH1_CNTRL + tmpreg_CH_Number) = tmpreg_CH_CNTRL;
 80012d6:	687b      	ldr	r3, [r7, #4]
 80012d8:	f103 0220 	add.w	r2, r3, #32
 80012dc:	68fb      	ldr	r3, [r7, #12]
 80012de:	009b      	lsls	r3, r3, #2
 80012e0:	4413      	add	r3, r2
 80012e2:	697a      	ldr	r2, [r7, #20]
 80012e4:	601a      	str	r2, [r3, #0]

    tmpreg_CH_CNTRL2 = TIMER_ChnInitStruct->TIMER_CH_CCR_UpdateMode
 80012e6:	683b      	ldr	r3, [r7, #0]
 80012e8:	8a5a      	ldrh	r2, [r3, #18]
                     | TIMER_ChnInitStruct->TIMER_CH_CCR1_EventSource;
 80012ea:	683b      	ldr	r3, [r7, #0]
 80012ec:	8adb      	ldrh	r3, [r3, #22]
 80012ee:	4313      	orrs	r3, r2
 80012f0:	b29b      	uxth	r3, r3
    tmpreg_CH_CNTRL2 = TIMER_ChnInitStruct->TIMER_CH_CCR_UpdateMode
 80012f2:	613b      	str	r3, [r7, #16]

    if (TIMER_ChnInitStruct->TIMER_CH_CCR1_Ena != DISABLE)
 80012f4:	683b      	ldr	r3, [r7, #0]
 80012f6:	8a9b      	ldrh	r3, [r3, #20]
 80012f8:	2b00      	cmp	r3, #0
 80012fa:	d003      	beq.n	8001304 <TIMER_ChnInit+0x82>
    {
        tmpreg_CH_CNTRL2 |= TIMER_CH_CNTRL2_CCR1_EN;
 80012fc:	693b      	ldr	r3, [r7, #16]
 80012fe:	f043 0304 	orr.w	r3, r3, #4
 8001302:	613b      	str	r3, [r7, #16]
    }
    
#if defined (USE_MDR32F9xI) || defined (USE_MDR32F1QI)
    if (TIMER_ChnInitStruct->TIMER_CH_EventDelay != DISABLE)
 8001304:	683b      	ldr	r3, [r7, #0]
 8001306:	8b1b      	ldrh	r3, [r3, #24]
 8001308:	2b00      	cmp	r3, #0
 800130a:	d003      	beq.n	8001314 <TIMER_ChnInit+0x92>
    {
        tmpreg_CH_CNTRL2 |= TIMER_CH_CNTRL2_EV_DELAY;
 800130c:	693b      	ldr	r3, [r7, #16]
 800130e:	f043 0310 	orr.w	r3, r3, #16
 8001312:	613b      	str	r3, [r7, #16]
    }
#endif

    *(&TIMERx->CH1_CNTRL2 + tmpreg_CH_Number) = tmpreg_CH_CNTRL2;
 8001314:	687b      	ldr	r3, [r7, #4]
 8001316:	f103 0260 	add.w	r2, r3, #96	; 0x60
 800131a:	68fb      	ldr	r3, [r7, #12]
 800131c:	009b      	lsls	r3, r3, #2
 800131e:	4413      	add	r3, r2
 8001320:	693a      	ldr	r2, [r7, #16]
 8001322:	601a      	str	r2, [r3, #0]
}
 8001324:	bf00      	nop
 8001326:	371c      	adds	r7, #28
 8001328:	46bd      	mov	sp, r7
 800132a:	bc80      	pop	{r7}
 800132c:	4770      	bx	lr

0800132e <TIMER_ChnStructInit>:
  * @param  TIMER_ChnInitStruct: pointer to a @ref TIMER_ChnInitTypeDef structure
  *         which will be initialized.
  * @retval None
  */
void TIMER_ChnStructInit(TIMER_ChnInitTypeDef* TIMER_ChnInitStruct)
{
 800132e:	b480      	push	{r7}
 8001330:	b083      	sub	sp, #12
 8001332:	af00      	add	r7, sp, #0
 8001334:	6078      	str	r0, [r7, #4]
    TIMER_ChnInitStruct->TIMER_CH_Number           = TIMER_CHANNEL1;
 8001336:	687b      	ldr	r3, [r7, #4]
 8001338:	2200      	movs	r2, #0
 800133a:	801a      	strh	r2, [r3, #0]
    TIMER_ChnInitStruct->TIMER_CH_Mode             = TIMER_CH_MODE_PWM;
 800133c:	687b      	ldr	r3, [r7, #4]
 800133e:	2200      	movs	r2, #0
 8001340:	805a      	strh	r2, [r3, #2]
    TIMER_ChnInitStruct->TIMER_CH_ETR_Ena          = DISABLE;
 8001342:	687b      	ldr	r3, [r7, #4]
 8001344:	2200      	movs	r2, #0
 8001346:	809a      	strh	r2, [r3, #4]
    TIMER_ChnInitStruct->TIMER_CH_ETR_Reset        = TIMER_CH_ETR_RESET_Disable;
 8001348:	687b      	ldr	r3, [r7, #4]
 800134a:	2200      	movs	r2, #0
 800134c:	80da      	strh	r2, [r3, #6]
    TIMER_ChnInitStruct->TIMER_CH_BRK_Reset        = TIMER_CH_BRK_RESET_Disable;
 800134e:	687b      	ldr	r3, [r7, #4]
 8001350:	2200      	movs	r2, #0
 8001352:	811a      	strh	r2, [r3, #8]
    TIMER_ChnInitStruct->TIMER_CH_REF_Format       = TIMER_CH_REF_Format0;
 8001354:	687b      	ldr	r3, [r7, #4]
 8001356:	2200      	movs	r2, #0
 8001358:	815a      	strh	r2, [r3, #10]
    TIMER_ChnInitStruct->TIMER_CH_Prescaler        = TIMER_CH_Prescaler_None;
 800135a:	687b      	ldr	r3, [r7, #4]
 800135c:	2200      	movs	r2, #0
 800135e:	819a      	strh	r2, [r3, #12]
    TIMER_ChnInitStruct->TIMER_CH_EventSource      = TIMER_CH_EvSrc_PE;
 8001360:	687b      	ldr	r3, [r7, #4]
 8001362:	2200      	movs	r2, #0
 8001364:	81da      	strh	r2, [r3, #14]
    TIMER_ChnInitStruct->TIMER_CH_FilterConf       = TIMER_Filter_1FF_at_TIMER_CLK;
 8001366:	687b      	ldr	r3, [r7, #4]
 8001368:	2200      	movs	r2, #0
 800136a:	821a      	strh	r2, [r3, #16]
    TIMER_ChnInitStruct->TIMER_CH_CCR_UpdateMode   = TIMER_CH_CCR_Update_Immediately;
 800136c:	687b      	ldr	r3, [r7, #4]
 800136e:	2200      	movs	r2, #0
 8001370:	825a      	strh	r2, [r3, #18]
    TIMER_ChnInitStruct->TIMER_CH_CCR1_Ena         = DISABLE;
 8001372:	687b      	ldr	r3, [r7, #4]
 8001374:	2200      	movs	r2, #0
 8001376:	829a      	strh	r2, [r3, #20]
    TIMER_ChnInitStruct->TIMER_CH_CCR1_EventSource = TIMER_CH_CCR1EvSrc_PE;
 8001378:	687b      	ldr	r3, [r7, #4]
 800137a:	2200      	movs	r2, #0
 800137c:	82da      	strh	r2, [r3, #22]
#if defined (USE_MDR32F9xI) || defined (USE_MDR32F1QI)
    TIMER_ChnInitStruct->TIMER_CH_EventDelay       = ENABLE;
 800137e:	687b      	ldr	r3, [r7, #4]
 8001380:	2201      	movs	r2, #1
 8001382:	831a      	strh	r2, [r3, #24]
#endif
}
 8001384:	bf00      	nop
 8001386:	370c      	adds	r7, #12
 8001388:	46bd      	mov	sp, r7
 800138a:	bc80      	pop	{r7}
 800138c:	4770      	bx	lr

0800138e <TIMER_SetChnCompare>:
#if defined (USE_MDR32F1QI)
void TIMER_SetChnCompare(MDR_TIMER_TypeDef* TIMERx, TIMER_Channel_Number_TypeDef Channel, uint32_t Compare)
#elif defined (USE_MDR32F9xI) || defined (USE_MDR32FG16S1QI)
void TIMER_SetChnCompare(MDR_TIMER_TypeDef* TIMERx, TIMER_Channel_Number_TypeDef Channel, uint16_t Compare)
#endif
{
 800138e:	b480      	push	{r7}
 8001390:	b085      	sub	sp, #20
 8001392:	af00      	add	r7, sp, #0
 8001394:	6078      	str	r0, [r7, #4]
 8001396:	460b      	mov	r3, r1
 8001398:	70fb      	strb	r3, [r7, #3]
 800139a:	4613      	mov	r3, r2
 800139c:	803b      	strh	r3, [r7, #0]

    /* Check the parameters */
    assert_param(IS_TIMER_ALL_PERIPH(TIMERx));
    assert_param(IS_TIMER_CHANNEL_NUMBER(Channel));

    tmpreg_CCRx = &TIMERx->CCR1 + (uint32_t)Channel;
 800139e:	687b      	ldr	r3, [r7, #4]
 80013a0:	f103 0210 	add.w	r2, r3, #16
 80013a4:	78fb      	ldrb	r3, [r7, #3]
 80013a6:	009b      	lsls	r3, r3, #2
 80013a8:	4413      	add	r3, r2
 80013aa:	60fb      	str	r3, [r7, #12]
    *tmpreg_CCRx = Compare;
 80013ac:	883a      	ldrh	r2, [r7, #0]
 80013ae:	68fb      	ldr	r3, [r7, #12]
 80013b0:	601a      	str	r2, [r3, #0]
}
 80013b2:	bf00      	nop
 80013b4:	3714      	adds	r7, #20
 80013b6:	46bd      	mov	sp, r7
 80013b8:	bc80      	pop	{r7}
 80013ba:	4770      	bx	lr

080013bc <TIMER_ChnOutInit>:
  *         that contains the configuration information for the specified
  *         TIMER Channel peripheral.
  * @retval None
  */
void TIMER_ChnOutInit(MDR_TIMER_TypeDef* TIMERx, const TIMER_ChnOutInitTypeDef* TIMER_ChnOutInitStruct)
{
 80013bc:	b480      	push	{r7}
 80013be:	b087      	sub	sp, #28
 80013c0:	af00      	add	r7, sp, #0
 80013c2:	6078      	str	r0, [r7, #4]
 80013c4:	6039      	str	r1, [r7, #0]
    assert_param(IS_TIMER_CHO_MODE(TIMER_ChnOutInitStruct->TIMER_CH_NegOut_Mode));
    assert_param(IS_TIMER_CHANNEL_DTG_MAIN_PRESCALER(TIMER_ChnOutInitStruct->TIMER_CH_DTG_MainPrescaler));
    assert_param(IS_TIMER_CHANNEL_DTG_AUX_PRESCALER(TIMER_ChnOutInitStruct->TIMER_CH_DTG_AuxPrescaler));
    assert_param(IS_TIMER_CHANNEL_DTG_CLK_SOURCE(TIMER_ChnOutInitStruct->TIMER_CH_DTG_ClockSource));

    tmpreg_CH_CNTRL1 = (TIMER_ChnOutInitStruct->TIMER_CH_DirOut_Polarity << TIMER_CH_CNTRL1_INV_Pos)
 80013c6:	683b      	ldr	r3, [r7, #0]
 80013c8:	885b      	ldrh	r3, [r3, #2]
 80013ca:	011a      	lsls	r2, r3, #4
                     | (TIMER_ChnOutInitStruct->TIMER_CH_DirOut_Source   << TIMER_CH_CNTRL1_SELO_Pos)
 80013cc:	683b      	ldr	r3, [r7, #0]
 80013ce:	889b      	ldrh	r3, [r3, #4]
 80013d0:	009b      	lsls	r3, r3, #2
 80013d2:	4313      	orrs	r3, r2
                     | (TIMER_ChnOutInitStruct->TIMER_CH_DirOut_Mode     << TIMER_CH_CNTRL1_SELOE_Pos)
 80013d4:	683a      	ldr	r2, [r7, #0]
 80013d6:	88d2      	ldrh	r2, [r2, #6]
 80013d8:	431a      	orrs	r2, r3
                     | (TIMER_ChnOutInitStruct->TIMER_CH_NegOut_Polarity << TIMER_CH_CNTRL1_NINV_Pos)
 80013da:	683b      	ldr	r3, [r7, #0]
 80013dc:	891b      	ldrh	r3, [r3, #8]
 80013de:	031b      	lsls	r3, r3, #12
 80013e0:	431a      	orrs	r2, r3
                     | (TIMER_ChnOutInitStruct->TIMER_CH_NegOut_Source   << TIMER_CH_CNTRL1_NSELO_Pos)
 80013e2:	683b      	ldr	r3, [r7, #0]
 80013e4:	895b      	ldrh	r3, [r3, #10]
 80013e6:	029b      	lsls	r3, r3, #10
 80013e8:	431a      	orrs	r2, r3
                     | (TIMER_ChnOutInitStruct->TIMER_CH_NegOut_Mode     << TIMER_CH_CNTRL1_NSELOE_Pos);
 80013ea:	683b      	ldr	r3, [r7, #0]
 80013ec:	899b      	ldrh	r3, [r3, #12]
 80013ee:	021b      	lsls	r3, r3, #8
 80013f0:	4313      	orrs	r3, r2
    tmpreg_CH_CNTRL1 = (TIMER_ChnOutInitStruct->TIMER_CH_DirOut_Polarity << TIMER_CH_CNTRL1_INV_Pos)
 80013f2:	617b      	str	r3, [r7, #20]

    tmpreg_CH_Number = TIMER_ChnOutInitStruct->TIMER_CH_Number;
 80013f4:	683b      	ldr	r3, [r7, #0]
 80013f6:	881b      	ldrh	r3, [r3, #0]
 80013f8:	613b      	str	r3, [r7, #16]

    *(&TIMERx->CH1_CNTRL1 + tmpreg_CH_Number) = tmpreg_CH_CNTRL1;
 80013fa:	687b      	ldr	r3, [r7, #4]
 80013fc:	f103 0230 	add.w	r2, r3, #48	; 0x30
 8001400:	693b      	ldr	r3, [r7, #16]
 8001402:	009b      	lsls	r3, r3, #2
 8001404:	4413      	add	r3, r2
 8001406:	697a      	ldr	r2, [r7, #20]
 8001408:	601a      	str	r2, [r3, #0]

    tmpreg_CH_DTG = (TIMER_ChnOutInitStruct->TIMER_CH_DTG_MainPrescaler << TIMER_CH_DTG_Pos)
 800140a:	683b      	ldr	r3, [r7, #0]
 800140c:	89db      	ldrh	r3, [r3, #14]
 800140e:	021b      	lsls	r3, r3, #8
                  | (TIMER_ChnOutInitStruct->TIMER_CH_DTG_AuxPrescaler  << TIMER_CH_DTGX_Pos)
 8001410:	683a      	ldr	r2, [r7, #0]
 8001412:	8a12      	ldrh	r2, [r2, #16]
 8001414:	4313      	orrs	r3, r2
                  |  TIMER_ChnOutInitStruct->TIMER_CH_DTG_ClockSource;
 8001416:	683a      	ldr	r2, [r7, #0]
 8001418:	8a52      	ldrh	r2, [r2, #18]
 800141a:	4313      	orrs	r3, r2
    tmpreg_CH_DTG = (TIMER_ChnOutInitStruct->TIMER_CH_DTG_MainPrescaler << TIMER_CH_DTG_Pos)
 800141c:	60fb      	str	r3, [r7, #12]

    *(&TIMERx->CH1_DTG + tmpreg_CH_Number) = tmpreg_CH_DTG;
 800141e:	687b      	ldr	r3, [r7, #4]
 8001420:	f103 0240 	add.w	r2, r3, #64	; 0x40
 8001424:	693b      	ldr	r3, [r7, #16]
 8001426:	009b      	lsls	r3, r3, #2
 8001428:	4413      	add	r3, r2
 800142a:	68fa      	ldr	r2, [r7, #12]
 800142c:	601a      	str	r2, [r3, #0]
}
 800142e:	bf00      	nop
 8001430:	371c      	adds	r7, #28
 8001432:	46bd      	mov	sp, r7
 8001434:	bc80      	pop	{r7}
 8001436:	4770      	bx	lr

08001438 <TIMER_ChnOutStructInit>:
  * @param  TIMER_ChnOutInitStruct: pointer to a @ref TIMER_ChnOutInitTypeDef structure
  *         which will be initialized.
  * @retval None
  */
void TIMER_ChnOutStructInit(TIMER_ChnOutInitTypeDef* TIMER_ChnOutInitStruct)
{
 8001438:	b480      	push	{r7}
 800143a:	b083      	sub	sp, #12
 800143c:	af00      	add	r7, sp, #0
 800143e:	6078      	str	r0, [r7, #4]
    TIMER_ChnOutInitStruct->TIMER_CH_Number            = TIMER_CHANNEL1;
 8001440:	687b      	ldr	r3, [r7, #4]
 8001442:	2200      	movs	r2, #0
 8001444:	801a      	strh	r2, [r3, #0]
    TIMER_ChnOutInitStruct->TIMER_CH_DirOut_Polarity   = TIMER_CHOPolarity_NonInverted;
 8001446:	687b      	ldr	r3, [r7, #4]
 8001448:	2200      	movs	r2, #0
 800144a:	805a      	strh	r2, [r3, #2]
    TIMER_ChnOutInitStruct->TIMER_CH_DirOut_Source     = TIMER_CH_OutSrc_Only_0;
 800144c:	687b      	ldr	r3, [r7, #4]
 800144e:	2200      	movs	r2, #0
 8001450:	809a      	strh	r2, [r3, #4]
    TIMER_ChnOutInitStruct->TIMER_CH_DirOut_Mode       = TIMER_CH_OutMode_Input;
 8001452:	687b      	ldr	r3, [r7, #4]
 8001454:	2200      	movs	r2, #0
 8001456:	80da      	strh	r2, [r3, #6]
    TIMER_ChnOutInitStruct->TIMER_CH_NegOut_Polarity   = TIMER_CHOPolarity_NonInverted;
 8001458:	687b      	ldr	r3, [r7, #4]
 800145a:	2200      	movs	r2, #0
 800145c:	811a      	strh	r2, [r3, #8]
    TIMER_ChnOutInitStruct->TIMER_CH_NegOut_Source     = TIMER_CH_OutSrc_Only_0;
 800145e:	687b      	ldr	r3, [r7, #4]
 8001460:	2200      	movs	r2, #0
 8001462:	815a      	strh	r2, [r3, #10]
    TIMER_ChnOutInitStruct->TIMER_CH_NegOut_Mode       = TIMER_CH_OutMode_Input;
 8001464:	687b      	ldr	r3, [r7, #4]
 8001466:	2200      	movs	r2, #0
 8001468:	819a      	strh	r2, [r3, #12]
    TIMER_ChnOutInitStruct->TIMER_CH_DTG_MainPrescaler = 0;
 800146a:	687b      	ldr	r3, [r7, #4]
 800146c:	2200      	movs	r2, #0
 800146e:	81da      	strh	r2, [r3, #14]
    TIMER_ChnOutInitStruct->TIMER_CH_DTG_AuxPrescaler  = 0;
 8001470:	687b      	ldr	r3, [r7, #4]
 8001472:	2200      	movs	r2, #0
 8001474:	821a      	strh	r2, [r3, #16]
    TIMER_ChnOutInitStruct->TIMER_CH_DTG_ClockSource   = TIMER_CH_DTG_ClkSrc_TIMER_CLK;
 8001476:	687b      	ldr	r3, [r7, #4]
 8001478:	2200      	movs	r2, #0
 800147a:	825a      	strh	r2, [r3, #18]
}
 800147c:	bf00      	nop
 800147e:	370c      	adds	r7, #12
 8001480:	46bd      	mov	sp, r7
 8001482:	bc80      	pop	{r7}
 8001484:	4770      	bx	lr

08001486 <TIMER_ClearFlag>:
  * @param  Flags: specifies the flag bit mask to clear.
  *         This parameter can be any combination of @ref TIMER_Status_Flags_TypeDef values.
  * @retval None
  */
void TIMER_ClearFlag(MDR_TIMER_TypeDef* TIMERx, uint32_t Flags)
{
 8001486:	b480      	push	{r7}
 8001488:	b083      	sub	sp, #12
 800148a:	af00      	add	r7, sp, #0
 800148c:	6078      	str	r0, [r7, #4]
 800148e:	6039      	str	r1, [r7, #0]
    /* Check the parameters */
    assert_param(IS_TIMER_ALL_PERIPH(TIMERx));
    assert_param(IS_TIMER_STATUS(Flags));

    TIMERx->STATUS = ~Flags;
 8001490:	683b      	ldr	r3, [r7, #0]
 8001492:	43da      	mvns	r2, r3
 8001494:	687b      	ldr	r3, [r7, #4]
 8001496:	655a      	str	r2, [r3, #84]	; 0x54
}
 8001498:	bf00      	nop
 800149a:	370c      	adds	r7, #12
 800149c:	46bd      	mov	sp, r7
 800149e:	bc80      	pop	{r7}
 80014a0:	4770      	bx	lr

080014a2 <TIMER_ITConfig>:
  *         This parameter can be any combination of @ref TIMER_Status_Flags_TypeDef values.
  * @param  NewState - @ref FunctionalState - new state of the TIMER interrupts.
  * @retval None
  */
void TIMER_ITConfig(MDR_TIMER_TypeDef* TIMERx, uint32_t TIMER_IT, FunctionalState NewState)
{
 80014a2:	b480      	push	{r7}
 80014a4:	b087      	sub	sp, #28
 80014a6:	af00      	add	r7, sp, #0
 80014a8:	60f8      	str	r0, [r7, #12]
 80014aa:	60b9      	str	r1, [r7, #8]
 80014ac:	4613      	mov	r3, r2
 80014ae:	71fb      	strb	r3, [r7, #7]
    /* Check the parameters */
    assert_param(IS_TIMER_ALL_PERIPH(TIMERx));
    assert_param(IS_TIMER_STATUS(TIMER_IT));
    assert_param(IS_FUNCTIONAL_STATE(NewState));

    tmpreg_IE = TIMERx->IE;
 80014b0:	68fb      	ldr	r3, [r7, #12]
 80014b2:	6d9b      	ldr	r3, [r3, #88]	; 0x58
 80014b4:	617b      	str	r3, [r7, #20]

    /* Form new value */
    if (NewState != DISABLE)
 80014b6:	79fb      	ldrb	r3, [r7, #7]
 80014b8:	2b00      	cmp	r3, #0
 80014ba:	d004      	beq.n	80014c6 <TIMER_ITConfig+0x24>
    {
        /* Enable the TIMERx Interrupt requests by setting bits in the IE register */
        tmpreg_IE |= TIMER_IT;
 80014bc:	697a      	ldr	r2, [r7, #20]
 80014be:	68bb      	ldr	r3, [r7, #8]
 80014c0:	4313      	orrs	r3, r2
 80014c2:	617b      	str	r3, [r7, #20]
 80014c4:	e004      	b.n	80014d0 <TIMER_ITConfig+0x2e>
    }
    else
    {
        /* Disable the TIMERx Interrupt requests by clearing bits in the IE register */
        tmpreg_IE &= ~TIMER_IT;
 80014c6:	68bb      	ldr	r3, [r7, #8]
 80014c8:	43db      	mvns	r3, r3
 80014ca:	697a      	ldr	r2, [r7, #20]
 80014cc:	4013      	ands	r3, r2
 80014ce:	617b      	str	r3, [r7, #20]
    }

    /* Configure IE register with new value */
    TIMERx->IE = tmpreg_IE;
 80014d0:	68fb      	ldr	r3, [r7, #12]
 80014d2:	697a      	ldr	r2, [r7, #20]
 80014d4:	659a      	str	r2, [r3, #88]	; 0x58
}
 80014d6:	bf00      	nop
 80014d8:	371c      	adds	r7, #28
 80014da:	46bd      	mov	sp, r7
 80014dc:	bc80      	pop	{r7}
 80014de:	4770      	bx	lr

080014e0 <TIMER_GetITStatus>:
  *             1, 2, 3, 4 for MDR32F1QI.
  * @param  TIMER_IT - @ref TIMER_Status_Flags_TypeDef - specifies the TIMER interrupt source to check.
  * @retval @ref ITStatus - The state of the TIMER_IT (SET or RESET).
  */
ITStatus TIMER_GetITStatus(MDR_TIMER_TypeDef* TIMERx, TIMER_Status_Flags_TypeDef TIMER_IT)
{
 80014e0:	b480      	push	{r7}
 80014e2:	b085      	sub	sp, #20
 80014e4:	af00      	add	r7, sp, #0
 80014e6:	6078      	str	r0, [r7, #4]
 80014e8:	6039      	str	r1, [r7, #0]

    /* Check the parameters */
    assert_param(IS_TIMER_ALL_PERIPH(TIMERx));
    assert_param(IS_TIMER_STATUS_FLAG(TIMER_IT));

    tmpreg = TIMERx->IE;
 80014ea:	687b      	ldr	r3, [r7, #4]
 80014ec:	6d9b      	ldr	r3, [r3, #88]	; 0x58
 80014ee:	60bb      	str	r3, [r7, #8]
    tmpreg = TIMERx->STATUS & tmpreg & (uint32_t)TIMER_IT;
 80014f0:	687b      	ldr	r3, [r7, #4]
 80014f2:	6d5a      	ldr	r2, [r3, #84]	; 0x54
 80014f4:	68bb      	ldr	r3, [r7, #8]
 80014f6:	4013      	ands	r3, r2
 80014f8:	683a      	ldr	r2, [r7, #0]
 80014fa:	4013      	ands	r3, r2
 80014fc:	60bb      	str	r3, [r7, #8]

    if (tmpreg == 0)
 80014fe:	68bb      	ldr	r3, [r7, #8]
 8001500:	2b00      	cmp	r3, #0
 8001502:	d102      	bne.n	800150a <TIMER_GetITStatus+0x2a>
    {
        bitstatus = RESET;
 8001504:	2300      	movs	r3, #0
 8001506:	73fb      	strb	r3, [r7, #15]
 8001508:	e001      	b.n	800150e <TIMER_GetITStatus+0x2e>
    }
    else
    {
        bitstatus = SET;
 800150a:	2301      	movs	r3, #1
 800150c:	73fb      	strb	r3, [r7, #15]
    }

    return bitstatus;
 800150e:	7bfb      	ldrb	r3, [r7, #15]
}
 8001510:	4618      	mov	r0, r3
 8001512:	3714      	adds	r7, #20
 8001514:	46bd      	mov	sp, r7
 8001516:	bc80      	pop	{r7}
 8001518:	4770      	bx	lr
	...

0800151c <TIMER_BRGInit>:
  *             1, 2, 3, 4 for MDR32F1QI.
  * @param  TIMER_BRG - @ref TIMER_Clock_BRG_TypeDef - specifies the HCLK division factor.
  * @retval None
  */
void TIMER_BRGInit(MDR_TIMER_TypeDef* TIMERx, TIMER_Clock_BRG_TypeDef TIMER_BRG)
{
 800151c:	b480      	push	{r7}
 800151e:	b085      	sub	sp, #20
 8001520:	af00      	add	r7, sp, #0
 8001522:	6078      	str	r0, [r7, #4]
 8001524:	460b      	mov	r3, r1
 8001526:	70fb      	strb	r3, [r7, #3]
#if defined (USE_MDR32F1QI)
    if(TIMERx == MDR_TIMER4)
        tmpreg = MDR_RST_CLK->UART_CLOCK;
    else
#endif /* #if defined (USE_MDR32F1QI) */
        tmpreg = MDR_RST_CLK->TIM_CLOCK;
 8001528:	4b20      	ldr	r3, [pc, #128]	; (80015ac <TIMER_BRGInit+0x90>)
 800152a:	6a5b      	ldr	r3, [r3, #36]	; 0x24
 800152c:	60fb      	str	r3, [r7, #12]

    if(TIMERx == MDR_TIMER1)
 800152e:	687b      	ldr	r3, [r7, #4]
 8001530:	4a1f      	ldr	r2, [pc, #124]	; (80015b0 <TIMER_BRGInit+0x94>)
 8001532:	4293      	cmp	r3, r2
 8001534:	d10c      	bne.n	8001550 <TIMER_BRGInit+0x34>
    {
        tmpreg &= ~RST_CLK_TIM_CLOCK_TIM1_BRG_Msk;
 8001536:	68fb      	ldr	r3, [r7, #12]
 8001538:	f023 03ff 	bic.w	r3, r3, #255	; 0xff
 800153c:	60fb      	str	r3, [r7, #12]
        tmpreg |= TIMER_BRG << RST_CLK_TIM_CLOCK_TIM1_BRG_Pos;
 800153e:	78fb      	ldrb	r3, [r7, #3]
 8001540:	68fa      	ldr	r2, [r7, #12]
 8001542:	4313      	orrs	r3, r2
 8001544:	60fb      	str	r3, [r7, #12]
        tmpreg |= RST_CLK_TIM_CLOCK_TIM1_CLK_EN;
 8001546:	68fb      	ldr	r3, [r7, #12]
 8001548:	f043 7380 	orr.w	r3, r3, #16777216	; 0x1000000
 800154c:	60fb      	str	r3, [r7, #12]
 800154e:	e024      	b.n	800159a <TIMER_BRGInit+0x7e>
    }
    else if(TIMERx == MDR_TIMER2)
 8001550:	687b      	ldr	r3, [r7, #4]
 8001552:	4a18      	ldr	r2, [pc, #96]	; (80015b4 <TIMER_BRGInit+0x98>)
 8001554:	4293      	cmp	r3, r2
 8001556:	d10e      	bne.n	8001576 <TIMER_BRGInit+0x5a>
    {
        tmpreg &= ~RST_CLK_TIM_CLOCK_TIM2_BRG_Msk;
 8001558:	68fb      	ldr	r3, [r7, #12]
 800155a:	f423 437f 	bic.w	r3, r3, #65280	; 0xff00
 800155e:	60fb      	str	r3, [r7, #12]
        tmpreg |= TIMER_BRG << RST_CLK_TIM_CLOCK_TIM2_BRG_Pos;
 8001560:	78fb      	ldrb	r3, [r7, #3]
 8001562:	021b      	lsls	r3, r3, #8
 8001564:	461a      	mov	r2, r3
 8001566:	68fb      	ldr	r3, [r7, #12]
 8001568:	4313      	orrs	r3, r2
 800156a:	60fb      	str	r3, [r7, #12]
        tmpreg |= RST_CLK_TIM_CLOCK_TIM2_CLK_EN;
 800156c:	68fb      	ldr	r3, [r7, #12]
 800156e:	f043 7300 	orr.w	r3, r3, #33554432	; 0x2000000
 8001572:	60fb      	str	r3, [r7, #12]
 8001574:	e011      	b.n	800159a <TIMER_BRGInit+0x7e>
    }
    else if(TIMERx == MDR_TIMER3)
 8001576:	687b      	ldr	r3, [r7, #4]
 8001578:	4a0f      	ldr	r2, [pc, #60]	; (80015b8 <TIMER_BRGInit+0x9c>)
 800157a:	4293      	cmp	r3, r2
 800157c:	d10d      	bne.n	800159a <TIMER_BRGInit+0x7e>
    {
        tmpreg &= ~RST_CLK_TIM_CLOCK_TIM3_BRG_Msk;
 800157e:	68fb      	ldr	r3, [r7, #12]
 8001580:	f423 037f 	bic.w	r3, r3, #16711680	; 0xff0000
 8001584:	60fb      	str	r3, [r7, #12]
        tmpreg |= TIMER_BRG << RST_CLK_TIM_CLOCK_TIM3_BRG_Pos;
 8001586:	78fb      	ldrb	r3, [r7, #3]
 8001588:	041b      	lsls	r3, r3, #16
 800158a:	461a      	mov	r2, r3
 800158c:	68fb      	ldr	r3, [r7, #12]
 800158e:	4313      	orrs	r3, r2
 8001590:	60fb      	str	r3, [r7, #12]
        tmpreg |= RST_CLK_TIM_CLOCK_TIM3_CLK_EN;
 8001592:	68fb      	ldr	r3, [r7, #12]
 8001594:	f043 6380 	orr.w	r3, r3, #67108864	; 0x4000000
 8001598:	60fb      	str	r3, [r7, #12]

    if(TIMERx == MDR_TIMER4)
        MDR_RST_CLK->UART_CLOCK = tmpreg;
    else
#endif /* #if defined (USE_MDR32F1QI) */
        MDR_RST_CLK->TIM_CLOCK = tmpreg;
 800159a:	4a04      	ldr	r2, [pc, #16]	; (80015ac <TIMER_BRGInit+0x90>)
 800159c:	68fb      	ldr	r3, [r7, #12]
 800159e:	6253      	str	r3, [r2, #36]	; 0x24
}
 80015a0:	bf00      	nop
 80015a2:	3714      	adds	r7, #20
 80015a4:	46bd      	mov	sp, r7
 80015a6:	bc80      	pop	{r7}
 80015a8:	4770      	bx	lr
 80015aa:	bf00      	nop
 80015ac:	40020000 	.word	0x40020000
 80015b0:	40070000 	.word	0x40070000
 80015b4:	40078000 	.word	0x40078000
 80015b8:	40080000 	.word	0x40080000

080015bc <_decode_vreg1out>:
{0x14,0x77},{0x15,0x77},{0x16,0x77},{0x17,0x77},
{0x30,0x00},
};

// вспомогательные функции
static inline Ili9322_status_t _decode_vreg1out(uint32_t vreg1out_mv, uint8_t* vreg1out){
 80015bc:	b480      	push	{r7}
 80015be:	b083      	sub	sp, #12
 80015c0:	af00      	add	r7, sp, #0
 80015c2:	6078      	str	r0, [r7, #4]
 80015c4:	6039      	str	r1, [r7, #0]
	// default hw value, do not touch (should be 4.5v) 
	if(!vreg1out_mv){ *vreg1out = U8_MAX; return ILI9322_STATUS_OK; }
 80015c6:	687b      	ldr	r3, [r7, #4]
 80015c8:	2b00      	cmp	r3, #0
 80015ca:	d104      	bne.n	80015d6 <_decode_vreg1out+0x1a>
 80015cc:	683b      	ldr	r3, [r7, #0]
 80015ce:	22ff      	movs	r2, #255	; 0xff
 80015d0:	701a      	strb	r2, [r3, #0]
 80015d2:	2301      	movs	r3, #1
 80015d4:	e024      	b.n	8001620 <_decode_vreg1out+0x64>
	else {
		if(vreg1out_mv < 3600) return ILI9322_STATUS_ERROR;
 80015d6:	687b      	ldr	r3, [r7, #4]
 80015d8:	f5b3 6f61 	cmp.w	r3, #3600	; 0xe10
 80015dc:	d201      	bcs.n	80015e2 <_decode_vreg1out+0x26>
 80015de:	2300      	movs	r3, #0
 80015e0:	e01e      	b.n	8001620 <_decode_vreg1out+0x64>
		else {
			if(vreg1out_mv > 6000) return ILI9322_STATUS_ERROR;
 80015e2:	687b      	ldr	r3, [r7, #4]
 80015e4:	f241 7270 	movw	r2, #6000	; 0x1770
 80015e8:	4293      	cmp	r3, r2
 80015ea:	d901      	bls.n	80015f0 <_decode_vreg1out+0x34>
 80015ec:	2300      	movs	r3, #0
 80015ee:	e017      	b.n	8001620 <_decode_vreg1out+0x64>
			else if ((vreg1out_mv % 100) != 0) return ILI9322_STATUS_ERROR;
 80015f0:	687a      	ldr	r2, [r7, #4]
 80015f2:	4b0e      	ldr	r3, [pc, #56]	; (800162c <_decode_vreg1out+0x70>)
 80015f4:	fba3 1302 	umull	r1, r3, r3, r2
 80015f8:	095b      	lsrs	r3, r3, #5
 80015fa:	2164      	movs	r1, #100	; 0x64
 80015fc:	fb01 f303 	mul.w	r3, r1, r3
 8001600:	1ad3      	subs	r3, r2, r3
 8001602:	2b00      	cmp	r3, #0
 8001604:	d001      	beq.n	800160a <_decode_vreg1out+0x4e>
 8001606:	2300      	movs	r3, #0
 8001608:	e00a      	b.n	8001620 <_decode_vreg1out+0x64>
			else {
				*vreg1out = (uint8_t)((vreg1out_mv - 3600) / 100);
 800160a:	687b      	ldr	r3, [r7, #4]
 800160c:	f5a3 6361 	sub.w	r3, r3, #3600	; 0xe10
 8001610:	4a06      	ldr	r2, [pc, #24]	; (800162c <_decode_vreg1out+0x70>)
 8001612:	fba2 2303 	umull	r2, r3, r2, r3
 8001616:	095b      	lsrs	r3, r3, #5
 8001618:	b2da      	uxtb	r2, r3
 800161a:	683b      	ldr	r3, [r7, #0]
 800161c:	701a      	strb	r2, [r3, #0]
				return ILI9322_STATUS_OK;
 800161e:	2301      	movs	r3, #1
			}
		}
	}
}
 8001620:	4618      	mov	r0, r3
 8001622:	370c      	adds	r7, #12
 8001624:	46bd      	mov	sp, r7
 8001626:	bc80      	pop	{r7}
 8001628:	4770      	bx	lr
 800162a:	bf00      	nop
 800162c:	51eb851f 	.word	0x51eb851f

08001630 <_decode_vcom_amplitude>:

static inline Ili9322_status_t _decode_vcom_amplitude(uint32_t vcom_amplitude_percent, uint8_t* vcom_amplitude){
 8001630:	b480      	push	{r7}
 8001632:	b083      	sub	sp, #12
 8001634:	af00      	add	r7, sp, #0
 8001636:	6078      	str	r0, [r7, #4]
 8001638:	6039      	str	r1, [r7, #0]
	if(!vcom_amplitude_percent) { *vcom_amplitude = U8_MAX; return ILI9322_STATUS_OK; }
 800163a:	687b      	ldr	r3, [r7, #4]
 800163c:	2b00      	cmp	r3, #0
 800163e:	d104      	bne.n	800164a <_decode_vcom_amplitude+0x1a>
 8001640:	683b      	ldr	r3, [r7, #0]
 8001642:	22ff      	movs	r2, #255	; 0xff
 8001644:	701a      	strb	r2, [r3, #0]
 8001646:	2301      	movs	r3, #1
 8001648:	e010      	b.n	800166c <_decode_vcom_amplitude+0x3c>
	else {
		if(vcom_amplitude_percent < 70	) return ILI9322_STATUS_ERROR;
 800164a:	687b      	ldr	r3, [r7, #4]
 800164c:	2b45      	cmp	r3, #69	; 0x45
 800164e:	d801      	bhi.n	8001654 <_decode_vcom_amplitude+0x24>
 8001650:	2300      	movs	r3, #0
 8001652:	e00b      	b.n	800166c <_decode_vcom_amplitude+0x3c>
		else {
			if(vcom_amplitude_percent > 132) return ILI9322_STATUS_ERROR;
 8001654:	687b      	ldr	r3, [r7, #4]
 8001656:	2b84      	cmp	r3, #132	; 0x84
 8001658:	d901      	bls.n	800165e <_decode_vcom_amplitude+0x2e>
 800165a:	2300      	movs	r3, #0
 800165c:	e006      	b.n	800166c <_decode_vcom_amplitude+0x3c>
			else {
				*vcom_amplitude = (uint8_t)((vcom_amplitude_percent - 70)>>1);
 800165e:	687b      	ldr	r3, [r7, #4]
 8001660:	3b46      	subs	r3, #70	; 0x46
 8001662:	085b      	lsrs	r3, r3, #1
 8001664:	b2da      	uxtb	r2, r3
 8001666:	683b      	ldr	r3, [r7, #0]
 8001668:	701a      	strb	r2, [r3, #0]
				return ILI9322_STATUS_OK;
 800166a:	2301      	movs	r3, #1
			}
		}
	}
}
 800166c:	4618      	mov	r0, r3
 800166e:	370c      	adds	r7, #12
 8001670:	46bd      	mov	sp, r7
 8001672:	bc80      	pop	{r7}
 8001674:	4770      	bx	lr

08001676 <_decode_vcom_high>:

static inline Ili9322_status_t _decode_vcom_high(uint32_t vcom_high_percent, uint8_t* vcom_high){
 8001676:	b480      	push	{r7}
 8001678:	b083      	sub	sp, #12
 800167a:	af00      	add	r7, sp, #0
 800167c:	6078      	str	r0, [r7, #4]
 800167e:	6039      	str	r1, [r7, #0]
	if(!vcom_high_percent) { *vcom_high = U8_MAX; return ILI9322_STATUS_OK; }
 8001680:	687b      	ldr	r3, [r7, #4]
 8001682:	2b00      	cmp	r3, #0
 8001684:	d104      	bne.n	8001690 <_decode_vcom_high+0x1a>
 8001686:	683b      	ldr	r3, [r7, #0]
 8001688:	22ff      	movs	r2, #255	; 0xff
 800168a:	701a      	strb	r2, [r3, #0]
 800168c:	2301      	movs	r3, #1
 800168e:	e010      	b.n	80016b2 <_decode_vcom_high+0x3c>
	else {
		if(vcom_high_percent < 37) return ILI9322_STATUS_ERROR;
 8001690:	687b      	ldr	r3, [r7, #4]
 8001692:	2b24      	cmp	r3, #36	; 0x24
 8001694:	d801      	bhi.n	800169a <_decode_vcom_high+0x24>
 8001696:	2300      	movs	r3, #0
 8001698:	e00b      	b.n	80016b2 <_decode_vcom_high+0x3c>
		else {
			if(vcom_high_percent > 100) return ILI9322_STATUS_ERROR;
 800169a:	687b      	ldr	r3, [r7, #4]
 800169c:	2b64      	cmp	r3, #100	; 0x64
 800169e:	d901      	bls.n	80016a4 <_decode_vcom_high+0x2e>
 80016a0:	2300      	movs	r3, #0
 80016a2:	e006      	b.n	80016b2 <_decode_vcom_high+0x3c>
			else {
				*vcom_high = (uint8_t)(vcom_high_percent-37);
 80016a4:	687b      	ldr	r3, [r7, #4]
 80016a6:	b2db      	uxtb	r3, r3
 80016a8:	3b25      	subs	r3, #37	; 0x25
 80016aa:	b2da      	uxtb	r2, r3
 80016ac:	683b      	ldr	r3, [r7, #0]
 80016ae:	701a      	strb	r2, [r3, #0]
				return ILI9322_STATUS_OK;
 80016b0:	2301      	movs	r3, #1
			}
		}
	}
}
 80016b2:	4618      	mov	r0, r3
 80016b4:	370c      	adds	r7, #12
 80016b6:	46bd      	mov	sp, r7
 80016b8:	bc80      	pop	{r7}
 80016ba:	4770      	bx	lr

080016bc <_decode_gamma>:


static inline Ili9322_status_t _decode_gamma(uint8_t* gamma, const uint8_t* gamma_neg, const uint8_t* gamma_pos){
 80016bc:	b480      	push	{r7}
 80016be:	b087      	sub	sp, #28
 80016c0:	af00      	add	r7, sp, #0
 80016c2:	60f8      	str	r0, [r7, #12]
 80016c4:	60b9      	str	r1, [r7, #8]
 80016c6:	607a      	str	r2, [r7, #4]
	uint32_t val = 0;
 80016c8:	2300      	movs	r3, #0
 80016ca:	617b      	str	r3, [r7, #20]
	for(int i = 0; i < 8; i++){
 80016cc:	2300      	movs	r3, #0
 80016ce:	613b      	str	r3, [r7, #16]
 80016d0:	e02a      	b.n	8001728 <_decode_gamma+0x6c>
		// negative
		val = gamma_neg[i]; 
 80016d2:	693b      	ldr	r3, [r7, #16]
 80016d4:	68ba      	ldr	r2, [r7, #8]
 80016d6:	4413      	add	r3, r2
 80016d8:	781b      	ldrb	r3, [r3, #0]
 80016da:	617b      	str	r3, [r7, #20]
		if(val > 15) val = 15; 
 80016dc:	697b      	ldr	r3, [r7, #20]
 80016de:	2b0f      	cmp	r3, #15
 80016e0:	d901      	bls.n	80016e6 <_decode_gamma+0x2a>
 80016e2:	230f      	movs	r3, #15
 80016e4:	617b      	str	r3, [r7, #20]
		gamma[i] = (val << 4); 
 80016e6:	697b      	ldr	r3, [r7, #20]
 80016e8:	b2da      	uxtb	r2, r3
 80016ea:	693b      	ldr	r3, [r7, #16]
 80016ec:	68f9      	ldr	r1, [r7, #12]
 80016ee:	440b      	add	r3, r1
 80016f0:	0112      	lsls	r2, r2, #4
 80016f2:	b2d2      	uxtb	r2, r2
 80016f4:	701a      	strb	r2, [r3, #0]

		// positive 
		val = gamma_pos[i]; 
 80016f6:	693b      	ldr	r3, [r7, #16]
 80016f8:	687a      	ldr	r2, [r7, #4]
 80016fa:	4413      	add	r3, r2
 80016fc:	781b      	ldrb	r3, [r3, #0]
 80016fe:	617b      	str	r3, [r7, #20]
		if(val > 15) val = 15; 
 8001700:	697b      	ldr	r3, [r7, #20]
 8001702:	2b0f      	cmp	r3, #15
 8001704:	d901      	bls.n	800170a <_decode_gamma+0x4e>
 8001706:	230f      	movs	r3, #15
 8001708:	617b      	str	r3, [r7, #20]
		gamma[i] |= val;
 800170a:	693b      	ldr	r3, [r7, #16]
 800170c:	68fa      	ldr	r2, [r7, #12]
 800170e:	4413      	add	r3, r2
 8001710:	7819      	ldrb	r1, [r3, #0]
 8001712:	697b      	ldr	r3, [r7, #20]
 8001714:	b2da      	uxtb	r2, r3
 8001716:	693b      	ldr	r3, [r7, #16]
 8001718:	68f8      	ldr	r0, [r7, #12]
 800171a:	4403      	add	r3, r0
 800171c:	430a      	orrs	r2, r1
 800171e:	b2d2      	uxtb	r2, r2
 8001720:	701a      	strb	r2, [r3, #0]
	for(int i = 0; i < 8; i++){
 8001722:	693b      	ldr	r3, [r7, #16]
 8001724:	3301      	adds	r3, #1
 8001726:	613b      	str	r3, [r7, #16]
 8001728:	693b      	ldr	r3, [r7, #16]
 800172a:	2b07      	cmp	r3, #7
 800172c:	ddd1      	ble.n	80016d2 <_decode_gamma+0x16>

	}
	return ILI9322_STATUS_OK;
 800172e:	2301      	movs	r3, #1
}
 8001730:	4618      	mov	r0, r3
 8001732:	371c      	adds	r7, #28
 8001734:	46bd      	mov	sp, r7
 8001736:	bc80      	pop	{r7}
 8001738:	4770      	bx	lr

0800173a <entry_mode_register>:


static inline uint8_t entry_mode_register(const Ili9322_config_t* cfg){
 800173a:	b480      	push	{r7}
 800173c:	b085      	sub	sp, #20
 800173e:	af00      	add	r7, sp, #0
 8001740:	6078      	str	r0, [r7, #4]
	uint8_t reg = 0;
 8001742:	2300      	movs	r3, #0
 8001744:	73fb      	strb	r3, [r7, #15]
	// выбрали режим входа
	reg = (cfg->input << 4);
 8001746:	687b      	ldr	r3, [r7, #4]
 8001748:	789b      	ldrb	r3, [r3, #2]
 800174a:	011b      	lsls	r3, r3, #4
 800174c:	73fb      	strb	r3, [r7, #15]
	/* Флаги поворота изображения*/
	if(cfg->flip_horizontal)
 800174e:	687b      	ldr	r3, [r7, #4]
 8001750:	781b      	ldrb	r3, [r3, #0]
 8001752:	2b00      	cmp	r3, #0
 8001754:	d003      	beq.n	800175e <entry_mode_register+0x24>
		reg |= ILI9322_ENTRY_HDIR; 
 8001756:	7bfb      	ldrb	r3, [r7, #15]
 8001758:	f043 0301 	orr.w	r3, r3, #1
 800175c:	73fb      	strb	r3, [r7, #15]
	if(cfg->flip_vertical)
 800175e:	687b      	ldr	r3, [r7, #4]
 8001760:	785b      	ldrb	r3, [r3, #1]
 8001762:	2b00      	cmp	r3, #0
 8001764:	d003      	beq.n	800176e <entry_mode_register+0x34>
		reg |= ILI9322_ENTRY_VDIR;
 8001766:	7bfb      	ldrb	r3, [r7, #15]
 8001768:	f043 0302 	orr.w	r3, r3, #2
 800176c:	73fb      	strb	r3, [r7, #15]
	// включаем режим автодетектирования 
	reg |= ILI9322_ENTRY_AUTODETECT; 
 800176e:	7bfb      	ldrb	r3, [r7, #15]
 8001770:	f043 030c 	orr.w	r3, r3, #12
 8001774:	73fb      	strb	r3, [r7, #15]
	return reg;
 8001776:	7bfb      	ldrb	r3, [r7, #15]
}
 8001778:	4618      	mov	r0, r3
 800177a:	3714      	adds	r7, #20
 800177c:	46bd      	mov	sp, r7
 800177e:	bc80      	pop	{r7}
 8001780:	4770      	bx	lr

08001782 <polarity_control_initialize>:

static inline uint8_t polarity_control_initialize(const Ili9322_config_t* cfg){
 8001782:	b480      	push	{r7}
 8001784:	b085      	sub	sp, #20
 8001786:	af00      	add	r7, sp, #0
 8001788:	6078      	str	r0, [r7, #4]
	uint8_t reg = 0; 
 800178a:	2300      	movs	r3, #0
 800178c:	73fb      	strb	r3, [r7, #15]
   if (cfg->dclk_active_high) 
 800178e:	687b      	ldr	r3, [r7, #4]
 8001790:	7c1b      	ldrb	r3, [r3, #16]
 8001792:	2b00      	cmp	r3, #0
 8001794:	d001      	beq.n	800179a <polarity_control_initialize+0x18>
		reg = ILI9322_POL_DCLK;
 8001796:	2301      	movs	r3, #1
 8001798:	73fb      	strb	r3, [r7, #15]
   if(cfg->de_active_high)
 800179a:	687b      	ldr	r3, [r7, #4]
 800179c:	7c5b      	ldrb	r3, [r3, #17]
 800179e:	2b00      	cmp	r3, #0
 80017a0:	d003      	beq.n	80017aa <polarity_control_initialize+0x28>
		reg |= ILI9322_POL_DE;
 80017a2:	7bfb      	ldrb	r3, [r7, #15]
 80017a4:	f043 0308 	orr.w	r3, r3, #8
 80017a8:	73fb      	strb	r3, [r7, #15]
   if(cfg->hsync_active_high)
 80017aa:	687b      	ldr	r3, [r7, #4]
 80017ac:	7c9b      	ldrb	r3, [r3, #18]
 80017ae:	2b00      	cmp	r3, #0
 80017b0:	d003      	beq.n	80017ba <polarity_control_initialize+0x38>
		reg |= ILI9322_POL_HSYNC;
 80017b2:	7bfb      	ldrb	r3, [r7, #15]
 80017b4:	f043 0302 	orr.w	r3, r3, #2
 80017b8:	73fb      	strb	r3, [r7, #15]
   if(cfg->vsync_active_high)
 80017ba:	687b      	ldr	r3, [r7, #4]
 80017bc:	7cdb      	ldrb	r3, [r3, #19]
 80017be:	2b00      	cmp	r3, #0
 80017c0:	d003      	beq.n	80017ca <polarity_control_initialize+0x48>
		reg |= ILI9322_POL_VSYNC;
 80017c2:	7bfb      	ldrb	r3, [r7, #15]
 80017c4:	f043 0304 	orr.w	r3, r3, #4
 80017c8:	73fb      	strb	r3, [r7, #15]
   if(cfg->rev_mode_polarity)
 80017ca:	687b      	ldr	r3, [r7, #4]
 80017cc:	7d1b      	ldrb	r3, [r3, #20]
 80017ce:	2b00      	cmp	r3, #0
 80017d0:	d003      	beq.n	80017da <polarity_control_initialize+0x58>
		reg |= ILI9322_POL_REV; 
 80017d2:	7bfb      	ldrb	r3, [r7, #15]
 80017d4:	f043 0340 	orr.w	r3, r3, #64	; 0x40
 80017d8:	73fb      	strb	r3, [r7, #15]
   if(cfg->ycbcr_mode)
 80017da:	687b      	ldr	r3, [r7, #4]
 80017dc:	7d9b      	ldrb	r3, [r3, #22]
 80017de:	2b00      	cmp	r3, #0
 80017e0:	d003      	beq.n	80017ea <polarity_control_initialize+0x68>
		reg |= ILI9322_POL_YCBCR_MODE;
 80017e2:	7bfb      	ldrb	r3, [r7, #15]
 80017e4:	f043 0310 	orr.w	r3, r3, #16
 80017e8:	73fb      	strb	r3, [r7, #15]
	if(cfg->formula)
 80017ea:	687b      	ldr	r3, [r7, #4]
 80017ec:	7d5b      	ldrb	r3, [r3, #21]
 80017ee:	2b00      	cmp	r3, #0
 80017f0:	d003      	beq.n	80017fa <polarity_control_initialize+0x78>
		reg |= ILI9322_POL_FORMULA; 
 80017f2:	7bfb      	ldrb	r3, [r7, #15]
 80017f4:	f043 0320 	orr.w	r3, r3, #32
 80017f8:	73fb      	strb	r3, [r7, #15]
	return reg;
 80017fa:	7bfb      	ldrb	r3, [r7, #15]
}
 80017fc:	4618      	mov	r0, r3
 80017fe:	3714      	adds	r7, #20
 8001800:	46bd      	mov	sp, r7
 8001802:	bc80      	pop	{r7}
 8001804:	4770      	bx	lr
	...

08001808 <ili9322_init>:
	return ILI9322_STATUS_OK; 
}


Ili9322_status_t ili9322_init(const Ili9322_config_t* cfg)
{
 8001808:	b580      	push	{r7, lr}
 800180a:	b08c      	sub	sp, #48	; 0x30
 800180c:	af00      	add	r7, sp, #0
 800180e:	6078      	str	r0, [r7, #4]
	if (cfg == NULL) return ILI9322_STATUS_ERROR;
 8001810:	687b      	ldr	r3, [r7, #4]
 8001812:	2b00      	cmp	r3, #0
 8001814:	d101      	bne.n	800181a <ili9322_init+0x12>
 8001816:	2300      	movs	r3, #0
 8001818:	e114      	b.n	8001a44 <ili9322_init+0x23c>
	spi_init();
 800181a:	f004 f97f 	bl	8005b1c <spi_init>
	Ili9322_status_t status = ILI9322_STATUS_ERROR;
 800181e:	2300      	movs	r3, #0
 8001820:	f887 302b 	strb.w	r3, [r7, #43]	; 0x2b
	// reset 
	status = ili9322_write_register(ILI9322_GLOBAL_RESET, ILI9322_GLOBAL_RESET_ASSERT);
 8001824:	2100      	movs	r1, #0
 8001826:	2004      	movs	r0, #4
 8001828:	f000 f92a 	bl	8001a80 <ili9322_write_register>
 800182c:	4603      	mov	r3, r0
 800182e:	f887 302b 	strb.w	r3, [r7, #43]	; 0x2b
	if(status != ILI9322_STATUS_OK) return status;
 8001832:	f897 302b 	ldrb.w	r3, [r7, #43]	; 0x2b
 8001836:	2b01      	cmp	r3, #1
 8001838:	d002      	beq.n	8001840 <ili9322_init+0x38>
 800183a:	f897 302b 	ldrb.w	r3, [r7, #43]	; 0x2b
 800183e:	e101      	b.n	8001a44 <ili9322_init+0x23c>

	volatile uint32_t delay = 83000*1;
 8001840:	4b82      	ldr	r3, [pc, #520]	; (8001a4c <ili9322_init+0x244>)
 8001842:	61bb      	str	r3, [r7, #24]
	while(delay--) { __NOP(); }
 8001844:	e001      	b.n	800184a <ili9322_init+0x42>

    No Operation does nothing. This instruction can be used for code alignment purposes.
 */
__attribute__( ( always_inline ) ) __STATIC_INLINE void __NOP(void)
{
  __ASM volatile ("nop");
 8001846:	bf00      	nop
}
 8001848:	bf00      	nop
 800184a:	69bb      	ldr	r3, [r7, #24]
 800184c:	1e5a      	subs	r2, r3, #1
 800184e:	61ba      	str	r2, [r7, #24]
 8001850:	2b00      	cmp	r3, #0
 8001852:	d1f8      	bne.n	8001846 <ili9322_init+0x3e>

	/*set up the main voltage regulator */
	uint8_t vreg1out = U8_MAX;
 8001854:	23ff      	movs	r3, #255	; 0xff
 8001856:	75fb      	strb	r3, [r7, #23]
	if(_decode_vreg1out(cfg->vreg1out_mv, &vreg1out)==ILI9322_STATUS_OK){
 8001858:	687b      	ldr	r3, [r7, #4]
 800185a:	685b      	ldr	r3, [r3, #4]
 800185c:	f107 0217 	add.w	r2, r7, #23
 8001860:	4611      	mov	r1, r2
 8001862:	4618      	mov	r0, r3
 8001864:	f7ff feaa 	bl	80015bc <_decode_vreg1out>
 8001868:	4603      	mov	r3, r0
 800186a:	2b01      	cmp	r3, #1
 800186c:	d111      	bne.n	8001892 <ili9322_init+0x8a>
		if(vreg1out != U8_MAX){
 800186e:	7dfb      	ldrb	r3, [r7, #23]
 8001870:	2bff      	cmp	r3, #255	; 0xff
 8001872:	d00e      	beq.n	8001892 <ili9322_init+0x8a>
			status = ili9322_write_register(ILI9322_VREG1_VOLTAGE, vreg1out);
 8001874:	7dfb      	ldrb	r3, [r7, #23]
 8001876:	4619      	mov	r1, r3
 8001878:	2003      	movs	r0, #3
 800187a:	f000 f901 	bl	8001a80 <ili9322_write_register>
 800187e:	4603      	mov	r3, r0
 8001880:	f887 302b 	strb.w	r3, [r7, #43]	; 0x2b
			if(status != ILI9322_STATUS_OK) return status;
 8001884:	f897 302b 	ldrb.w	r3, [r7, #43]	; 0x2b
 8001888:	2b01      	cmp	r3, #1
 800188a:	d002      	beq.n	8001892 <ili9322_init+0x8a>
 800188c:	f897 302b 	ldrb.w	r3, [r7, #43]	; 0x2b
 8001890:	e0d8      	b.n	8001a44 <ili9322_init+0x23c>
		}
	};

	uint8_t vcom_amplitude = U8_MAX;
 8001892:	23ff      	movs	r3, #255	; 0xff
 8001894:	75bb      	strb	r3, [r7, #22]
	if(_decode_vcom_amplitude(cfg->vcom_amplitude_percent, &vcom_amplitude)==ILI9322_STATUS_OK){
 8001896:	687b      	ldr	r3, [r7, #4]
 8001898:	68db      	ldr	r3, [r3, #12]
 800189a:	f107 0216 	add.w	r2, r7, #22
 800189e:	4611      	mov	r1, r2
 80018a0:	4618      	mov	r0, r3
 80018a2:	f7ff fec5 	bl	8001630 <_decode_vcom_amplitude>
 80018a6:	4603      	mov	r3, r0
 80018a8:	2b01      	cmp	r3, #1
 80018aa:	d111      	bne.n	80018d0 <ili9322_init+0xc8>
		if(vcom_amplitude != U8_MAX){
 80018ac:	7dbb      	ldrb	r3, [r7, #22]
 80018ae:	2bff      	cmp	r3, #255	; 0xff
 80018b0:	d00e      	beq.n	80018d0 <ili9322_init+0xc8>
			status = ili9322_write_register(ILI9322_VCOM_AMP, vcom_amplitude);
 80018b2:	7dbb      	ldrb	r3, [r7, #22]
 80018b4:	4619      	mov	r1, r3
 80018b6:	2001      	movs	r0, #1
 80018b8:	f000 f8e2 	bl	8001a80 <ili9322_write_register>
 80018bc:	4603      	mov	r3, r0
 80018be:	f887 302b 	strb.w	r3, [r7, #43]	; 0x2b
			if(status != ILI9322_STATUS_OK) return status;
 80018c2:	f897 302b 	ldrb.w	r3, [r7, #43]	; 0x2b
 80018c6:	2b01      	cmp	r3, #1
 80018c8:	d002      	beq.n	80018d0 <ili9322_init+0xc8>
 80018ca:	f897 302b 	ldrb.w	r3, [r7, #43]	; 0x2b
 80018ce:	e0b9      	b.n	8001a44 <ili9322_init+0x23c>
		}
	};

	uint8_t vcom_high = U8_MAX; 
 80018d0:	23ff      	movs	r3, #255	; 0xff
 80018d2:	757b      	strb	r3, [r7, #21]
	if(_decode_vcom_high(cfg->vcom_high_percent, &vcom_high)==ILI9322_STATUS_OK){
 80018d4:	687b      	ldr	r3, [r7, #4]
 80018d6:	689b      	ldr	r3, [r3, #8]
 80018d8:	f107 0215 	add.w	r2, r7, #21
 80018dc:	4611      	mov	r1, r2
 80018de:	4618      	mov	r0, r3
 80018e0:	f7ff fec9 	bl	8001676 <_decode_vcom_high>
 80018e4:	4603      	mov	r3, r0
 80018e6:	2b01      	cmp	r3, #1
 80018e8:	d111      	bne.n	800190e <ili9322_init+0x106>
		if(vcom_high != U8_MAX){
 80018ea:	7d7b      	ldrb	r3, [r7, #21]
 80018ec:	2bff      	cmp	r3, #255	; 0xff
 80018ee:	d00e      	beq.n	800190e <ili9322_init+0x106>
			status = ili9322_write_register(ILI9322_VCOM_HIGH, vcom_high);
 80018f0:	7d7b      	ldrb	r3, [r7, #21]
 80018f2:	4619      	mov	r1, r3
 80018f4:	2002      	movs	r0, #2
 80018f6:	f000 f8c3 	bl	8001a80 <ili9322_write_register>
 80018fa:	4603      	mov	r3, r0
 80018fc:	f887 302b 	strb.w	r3, [r7, #43]	; 0x2b
			if(status != ILI9322_STATUS_OK) return status;
 8001900:	f897 302b 	ldrb.w	r3, [r7, #43]	; 0x2b
 8001904:	2b01      	cmp	r3, #1
 8001906:	d002      	beq.n	800190e <ili9322_init+0x106>
 8001908:	f897 302b 	ldrb.w	r3, [r7, #43]	; 0x2b
 800190c:	e09a      	b.n	8001a44 <ili9322_init+0x23c>
		}
	}
	
	// gamma correction
	uint8_t gamma[8] = {0}; 
 800190e:	2300      	movs	r3, #0
 8001910:	60fb      	str	r3, [r7, #12]
 8001912:	2300      	movs	r3, #0
 8001914:	613b      	str	r3, [r7, #16]
	const uint8_t *p_gamma_neg = cfg->gamma_corr_neg;
 8001916:	687b      	ldr	r3, [r7, #4]
 8001918:	3320      	adds	r3, #32
 800191a:	627b      	str	r3, [r7, #36]	; 0x24
	const uint8_t *p_gamma_pos = cfg->gamma_corr_pos;
 800191c:	687b      	ldr	r3, [r7, #4]
 800191e:	3318      	adds	r3, #24
 8001920:	623b      	str	r3, [r7, #32]
	if(_decode_gamma(gamma, p_gamma_neg, p_gamma_pos)==ILI9322_STATUS_OK){
 8001922:	f107 030c 	add.w	r3, r7, #12
 8001926:	6a3a      	ldr	r2, [r7, #32]
 8001928:	6a79      	ldr	r1, [r7, #36]	; 0x24
 800192a:	4618      	mov	r0, r3
 800192c:	f7ff fec6 	bl	80016bc <_decode_gamma>
 8001930:	4603      	mov	r3, r0
 8001932:	2b01      	cmp	r3, #1
 8001934:	d11e      	bne.n	8001974 <ili9322_init+0x16c>
		for(int i =0; i<8 ; i++){
 8001936:	2300      	movs	r3, #0
 8001938:	62fb      	str	r3, [r7, #44]	; 0x2c
 800193a:	e018      	b.n	800196e <ili9322_init+0x166>
			status = ili9322_write_register(ILI9322_GAMMA_1 + i, gamma[i]); 
 800193c:	6afb      	ldr	r3, [r7, #44]	; 0x2c
 800193e:	b2db      	uxtb	r3, r3
 8001940:	3310      	adds	r3, #16
 8001942:	b2d8      	uxtb	r0, r3
 8001944:	f107 020c 	add.w	r2, r7, #12
 8001948:	6afb      	ldr	r3, [r7, #44]	; 0x2c
 800194a:	4413      	add	r3, r2
 800194c:	781b      	ldrb	r3, [r3, #0]
 800194e:	4619      	mov	r1, r3
 8001950:	f000 f896 	bl	8001a80 <ili9322_write_register>
 8001954:	4603      	mov	r3, r0
 8001956:	f887 302b 	strb.w	r3, [r7, #43]	; 0x2b
			if(status != ILI9322_STATUS_OK) return status;
 800195a:	f897 302b 	ldrb.w	r3, [r7, #43]	; 0x2b
 800195e:	2b01      	cmp	r3, #1
 8001960:	d002      	beq.n	8001968 <ili9322_init+0x160>
 8001962:	f897 302b 	ldrb.w	r3, [r7, #43]	; 0x2b
 8001966:	e06d      	b.n	8001a44 <ili9322_init+0x23c>
		for(int i =0; i<8 ; i++){
 8001968:	6afb      	ldr	r3, [r7, #44]	; 0x2c
 800196a:	3301      	adds	r3, #1
 800196c:	62fb      	str	r3, [r7, #44]	; 0x2c
 800196e:	6afb      	ldr	r3, [r7, #44]	; 0x2c
 8001970:	2b07      	cmp	r3, #7
 8001972:	dde3      	ble.n	800193c <ili9322_init+0x134>

	/*
      * Polarity and inverted color order for RGB input.
      * None of this applies in the BT.656 mode.
    */
   uint8_t reg = polarity_control_initialize(cfg);
 8001974:	6878      	ldr	r0, [r7, #4]
 8001976:	f7ff ff04 	bl	8001782 <polarity_control_initialize>
 800197a:	4603      	mov	r3, r0
 800197c:	77fb      	strb	r3, [r7, #31]
   status = ili9322_write_register(ILI9322_POL, reg);
 800197e:	7ffb      	ldrb	r3, [r7, #31]
 8001980:	4619      	mov	r1, r3
 8001982:	200a      	movs	r0, #10
 8001984:	f000 f87c 	bl	8001a80 <ili9322_write_register>
 8001988:	4603      	mov	r3, r0
 800198a:	f887 302b 	strb.w	r3, [r7, #43]	; 0x2b
   if(status != ILI9322_STATUS_OK) return status;
 800198e:	f897 302b 	ldrb.w	r3, [r7, #43]	; 0x2b
 8001992:	2b01      	cmp	r3, #1
 8001994:	d002      	beq.n	800199c <ili9322_init+0x194>
 8001996:	f897 302b 	ldrb.w	r3, [r7, #43]	; 0x2b
 800199a:	e053      	b.n	8001a44 <ili9322_init+0x23c>

   /*
      * Set up interface control.
      * This is not used in the BT.656 mode (no H/Vsync or DE signals).
	*/
	reg = cfg->syncmode; 
 800199c:	687b      	ldr	r3, [r7, #4]
 800199e:	7ddb      	ldrb	r3, [r3, #23]
 80019a0:	77fb      	strb	r3, [r7, #31]
	reg |= ILI9322_IF_CTRL_LINE_INVERSION; 
 80019a2:	7ffb      	ldrb	r3, [r7, #31]
 80019a4:	f043 0301 	orr.w	r3, r3, #1
 80019a8:	77fb      	strb	r3, [r7, #31]
	status = ili9322_write_register(ILI9322_IF_CTRL, reg);
 80019aa:	7ffb      	ldrb	r3, [r7, #31]
 80019ac:	4619      	mov	r1, r3
 80019ae:	200b      	movs	r0, #11
 80019b0:	f000 f866 	bl	8001a80 <ili9322_write_register>
 80019b4:	4603      	mov	r3, r0
 80019b6:	f887 302b 	strb.w	r3, [r7, #43]	; 0x2b
	if(status != ILI9322_STATUS_OK) return status;
 80019ba:	f897 302b 	ldrb.w	r3, [r7, #43]	; 0x2b
 80019be:	2b01      	cmp	r3, #1
 80019c0:	d002      	beq.n	80019c8 <ili9322_init+0x1c0>
 80019c2:	f897 302b 	ldrb.w	r3, [r7, #43]	; 0x2b
 80019c6:	e03d      	b.n	8001a44 <ili9322_init+0x23c>

	// регистр 6 
	reg = entry_mode_register(cfg);
 80019c8:	6878      	ldr	r0, [r7, #4]
 80019ca:	f7ff feb6 	bl	800173a <entry_mode_register>
 80019ce:	4603      	mov	r3, r0
 80019d0:	77fb      	strb	r3, [r7, #31]
	status = ili9322_write_register(ILI9322_ENTRY, reg);
 80019d2:	7ffb      	ldrb	r3, [r7, #31]
 80019d4:	4619      	mov	r1, r3
 80019d6:	2006      	movs	r0, #6
 80019d8:	f000 f852 	bl	8001a80 <ili9322_write_register>
 80019dc:	4603      	mov	r3, r0
 80019de:	f887 302b 	strb.w	r3, [r7, #43]	; 0x2b
	if(status != ILI9322_STATUS_OK) return status;
 80019e2:	f897 302b 	ldrb.w	r3, [r7, #43]	; 0x2b
 80019e6:	2b01      	cmp	r3, #1
 80019e8:	d002      	beq.n	80019f0 <ili9322_init+0x1e8>
 80019ea:	f897 302b 	ldrb.w	r3, [r7, #43]	; 0x2b
 80019ee:	e029      	b.n	8001a44 <ili9322_init+0x23c>


	status = ili9322_write_register(ILI9322_REG_POWER, 0x0A);
 80019f0:	210a      	movs	r1, #10
 80019f2:	2030      	movs	r0, #48	; 0x30
 80019f4:	f000 f844 	bl	8001a80 <ili9322_write_register>
 80019f8:	4603      	mov	r3, r0
 80019fa:	f887 302b 	strb.w	r3, [r7, #43]	; 0x2b


	status = ili9322_write_register(ILI9322_REG_CONTRAST, cfg->contrast);	
 80019fe:	687b      	ldr	r3, [r7, #4]
 8001a00:	f893 3029 	ldrb.w	r3, [r3, #41]	; 0x29
 8001a04:	4619      	mov	r1, r3
 8001a06:	200e      	movs	r0, #14
 8001a08:	f000 f83a 	bl	8001a80 <ili9322_write_register>
 8001a0c:	4603      	mov	r3, r0
 8001a0e:	f887 302b 	strb.w	r3, [r7, #43]	; 0x2b

	status = ili9322_write_register(ILI9322_REG_BRIGHT, cfg->brightness);
 8001a12:	687b      	ldr	r3, [r7, #4]
 8001a14:	f893 3028 	ldrb.w	r3, [r3, #40]	; 0x28
 8001a18:	4619      	mov	r1, r3
 8001a1a:	200f      	movs	r0, #15
 8001a1c:	f000 f830 	bl	8001a80 <ili9322_write_register>
 8001a20:	4603      	mov	r3, r0
 8001a22:	f887 302b 	strb.w	r3, [r7, #43]	; 0x2b


	(void)ili9322_enable(true); 
 8001a26:	2001      	movs	r0, #1
 8001a28:	f000 f814 	bl	8001a54 <ili9322_enable>

	delay = 83000*100;
 8001a2c:	4b08      	ldr	r3, [pc, #32]	; (8001a50 <ili9322_init+0x248>)
 8001a2e:	61bb      	str	r3, [r7, #24]
	while(delay--) { __NOP(); }
 8001a30:	e001      	b.n	8001a36 <ili9322_init+0x22e>
  __ASM volatile ("nop");
 8001a32:	bf00      	nop
}
 8001a34:	bf00      	nop
 8001a36:	69bb      	ldr	r3, [r7, #24]
 8001a38:	1e5a      	subs	r2, r3, #1
 8001a3a:	61ba      	str	r2, [r7, #24]
 8001a3c:	2b00      	cmp	r3, #0
 8001a3e:	d1f8      	bne.n	8001a32 <ili9322_init+0x22a>


	return status; 
 8001a40:	f897 302b 	ldrb.w	r3, [r7, #43]	; 0x2b
}
 8001a44:	4618      	mov	r0, r3
 8001a46:	3730      	adds	r7, #48	; 0x30
 8001a48:	46bd      	mov	sp, r7
 8001a4a:	bd80      	pop	{r7, pc}
 8001a4c:	00014438 	.word	0x00014438
 8001a50:	007ea5e0 	.word	0x007ea5e0

08001a54 <ili9322_enable>:


Ili9322_status_t ili9322_enable(bool enable){
 8001a54:	b580      	push	{r7, lr}
 8001a56:	b084      	sub	sp, #16
 8001a58:	af00      	add	r7, sp, #0
 8001a5a:	4603      	mov	r3, r0
 8001a5c:	71fb      	strb	r3, [r7, #7]
	uint8_t value = (enable ? 0xEF : 0);
 8001a5e:	79fb      	ldrb	r3, [r7, #7]
 8001a60:	2b00      	cmp	r3, #0
 8001a62:	d001      	beq.n	8001a68 <ili9322_enable+0x14>
 8001a64:	23ef      	movs	r3, #239	; 0xef
 8001a66:	e000      	b.n	8001a6a <ili9322_enable+0x16>
 8001a68:	2300      	movs	r3, #0
 8001a6a:	73fb      	strb	r3, [r7, #15]
	return ili9322_write_register(ILI9322_POW_CTRL, value); 
 8001a6c:	7bfb      	ldrb	r3, [r7, #15]
 8001a6e:	4619      	mov	r1, r3
 8001a70:	2007      	movs	r0, #7
 8001a72:	f000 f805 	bl	8001a80 <ili9322_write_register>
 8001a76:	4603      	mov	r3, r0
}
 8001a78:	4618      	mov	r0, r3
 8001a7a:	3710      	adds	r7, #16
 8001a7c:	46bd      	mov	sp, r7
 8001a7e:	bd80      	pop	{r7, pc}

08001a80 <ili9322_write_register>:

Ili9322_status_t ili9322_write_register(uint8_t reg, uint8_t value)
{
 8001a80:	b580      	push	{r7, lr}
 8001a82:	b084      	sub	sp, #16
 8001a84:	af00      	add	r7, sp, #0
 8001a86:	4603      	mov	r3, r0
 8001a88:	460a      	mov	r2, r1
 8001a8a:	71fb      	strb	r3, [r7, #7]
 8001a8c:	4613      	mov	r3, r2
 8001a8e:	71bb      	strb	r3, [r7, #6]
	uint16_t read_data = 0; 
 8001a90:	2300      	movs	r3, #0
 8001a92:	81bb      	strh	r3, [r7, #12]
	const uint16_t data_send = (((uint16_t)reg) << 8) | ((uint16_t)value);
 8001a94:	79fb      	ldrb	r3, [r7, #7]
 8001a96:	021b      	lsls	r3, r3, #8
 8001a98:	b21a      	sxth	r2, r3
 8001a9a:	79bb      	ldrb	r3, [r7, #6]
 8001a9c:	b21b      	sxth	r3, r3
 8001a9e:	4313      	orrs	r3, r2
 8001aa0:	b21b      	sxth	r3, r3
 8001aa2:	b29b      	uxth	r3, r3
 8001aa4:	817b      	strh	r3, [r7, #10]
	uint16_t count = sendSpi16(&data_send, &read_data, 1);
 8001aa6:	f107 010c 	add.w	r1, r7, #12
 8001aaa:	f107 030a 	add.w	r3, r7, #10
 8001aae:	2201      	movs	r2, #1
 8001ab0:	4618      	mov	r0, r3
 8001ab2:	f004 f88f 	bl	8005bd4 <sendSpi16>
 8001ab6:	4603      	mov	r3, r0
 8001ab8:	81fb      	strh	r3, [r7, #14]
	if(count) return ILI9322_STATUS_OK;
 8001aba:	89fb      	ldrh	r3, [r7, #14]
 8001abc:	2b00      	cmp	r3, #0
 8001abe:	d001      	beq.n	8001ac4 <ili9322_write_register+0x44>
 8001ac0:	2301      	movs	r3, #1
 8001ac2:	e000      	b.n	8001ac6 <ili9322_write_register+0x46>
	else return ILI9322_STATUS_ERROR;
 8001ac4:	2300      	movs	r3, #0
}
 8001ac6:	4618      	mov	r0, r3
 8001ac8:	3710      	adds	r7, #16
 8001aca:	46bd      	mov	sp, r7
 8001acc:	bd80      	pop	{r7, pc}
	...

08001ad0 <ili9322_change_setting>:

Ili9322_status_t ili9322_test_spi(uint8_t *read_data){
	return ili9322_read_register(ILI9322_CHIP_ID, read_data); 
}

Ili9322_status_t ili9322_change_setting(Ili9322_config_t* cfg, uint32_t reg_adr, uint32_t value){	
 8001ad0:	b580      	push	{r7, lr}
 8001ad2:	b090      	sub	sp, #64	; 0x40
 8001ad4:	af00      	add	r7, sp, #0
 8001ad6:	60f8      	str	r0, [r7, #12]
 8001ad8:	60b9      	str	r1, [r7, #8]
 8001ada:	607a      	str	r2, [r7, #4]
	if(cfg == NULL) return ILI9322_STATUS_ERROR;
 8001adc:	68fb      	ldr	r3, [r7, #12]
 8001ade:	2b00      	cmp	r3, #0
 8001ae0:	d101      	bne.n	8001ae6 <ili9322_change_setting+0x16>
 8001ae2:	2300      	movs	r3, #0
 8001ae4:	e149      	b.n	8001d7a <ili9322_change_setting+0x2aa>
	const uint32_t reg = reg_adr & 0xFF;
 8001ae6:	68bb      	ldr	r3, [r7, #8]
 8001ae8:	b2db      	uxtb	r3, r3
 8001aea:	63bb      	str	r3, [r7, #56]	; 0x38
	const uint32_t h_reg = reg & 0xF0;
 8001aec:	6bbb      	ldr	r3, [r7, #56]	; 0x38
 8001aee:	f003 03f0 	and.w	r3, r3, #240	; 0xf0
 8001af2:	637b      	str	r3, [r7, #52]	; 0x34
	const uint32_t l_reg = reg & 0x0F;
 8001af4:	6bbb      	ldr	r3, [r7, #56]	; 0x38
 8001af6:	f003 030f 	and.w	r3, r3, #15
 8001afa:	633b      	str	r3, [r7, #48]	; 0x30

	// gamma registers 
	if((h_reg == 0x10) && (l_reg >= 0x10 && l_reg <= 0x17)){
 8001afc:	6b7b      	ldr	r3, [r7, #52]	; 0x34
 8001afe:	2b10      	cmp	r3, #16
 8001b00:	d13d      	bne.n	8001b7e <ili9322_change_setting+0xae>
 8001b02:	6b3b      	ldr	r3, [r7, #48]	; 0x30
 8001b04:	2b0f      	cmp	r3, #15
 8001b06:	d93a      	bls.n	8001b7e <ili9322_change_setting+0xae>
 8001b08:	6b3b      	ldr	r3, [r7, #48]	; 0x30
 8001b0a:	2b17      	cmp	r3, #23
 8001b0c:	d837      	bhi.n	8001b7e <ili9322_change_setting+0xae>
		// выделили адрес регистра 
		const uint8_t adr = (uint8_t)(reg&0xFF);
 8001b0e:	6bbb      	ldr	r3, [r7, #56]	; 0x38
 8001b10:	f887 302f 	strb.w	r3, [r7, #47]	; 0x2f
		// выделили значение
		const uint8_t value_u8 = (uint8_t)(value&0xFF); 
 8001b14:	687b      	ldr	r3, [r7, #4]
 8001b16:	f887 302e 	strb.w	r3, [r7, #46]	; 0x2e
		// пробем записать в регистр
		Ili9322_status_t status = ili9322_write_register(adr, value_u8);
 8001b1a:	f897 202e 	ldrb.w	r2, [r7, #46]	; 0x2e
 8001b1e:	f897 302f 	ldrb.w	r3, [r7, #47]	; 0x2f
 8001b22:	4611      	mov	r1, r2
 8001b24:	4618      	mov	r0, r3
 8001b26:	f7ff ffab 	bl	8001a80 <ili9322_write_register>
 8001b2a:	4603      	mov	r3, r0
 8001b2c:	f887 302d 	strb.w	r3, [r7, #45]	; 0x2d
		// в случае успеха сохраняем в конфигурации для 
		// того что бы пользователь мог сохранить конфигурацию в память 
		if(status == ILI9322_STATUS_OK){
 8001b30:	f897 302d 	ldrb.w	r3, [r7, #45]	; 0x2d
 8001b34:	2b01      	cmp	r3, #1
 8001b36:	d11f      	bne.n	8001b78 <ili9322_change_setting+0xa8>
			// получили значения для сохранения в настройки 
			// младшие 4 бита для положительных и старшие 4 бита для отрицательных
			// согласно даташита 
			uint8_t value_gamma_pos = (uint8_t)(value_u8 & 0x0F);
 8001b38:	f897 302e 	ldrb.w	r3, [r7, #46]	; 0x2e
 8001b3c:	f003 030f 	and.w	r3, r3, #15
 8001b40:	f887 302c 	strb.w	r3, [r7, #44]	; 0x2c
			uint8_t value_gamma_neg = (uint8_t)(value_u8 & 0xF0);
 8001b44:	f897 302e 	ldrb.w	r3, [r7, #46]	; 0x2e
 8001b48:	f023 030f 	bic.w	r3, r3, #15
 8001b4c:	f887 302b 	strb.w	r3, [r7, #43]	; 0x2b
			// вычисляем адрес буфера в массиве 
			const uint8_t index_gamma = l_reg - 0x10;
 8001b50:	6b3b      	ldr	r3, [r7, #48]	; 0x30
 8001b52:	b2db      	uxtb	r3, r3
 8001b54:	3b10      	subs	r3, #16
 8001b56:	f887 302a 	strb.w	r3, [r7, #42]	; 0x2a
			// сохраняем значения в конфигурацию
			cfg->gamma_corr_neg[index_gamma] = value_gamma_neg;
 8001b5a:	f897 302a 	ldrb.w	r3, [r7, #42]	; 0x2a
 8001b5e:	68fa      	ldr	r2, [r7, #12]
 8001b60:	4413      	add	r3, r2
 8001b62:	f897 202b 	ldrb.w	r2, [r7, #43]	; 0x2b
 8001b66:	f883 2020 	strb.w	r2, [r3, #32]
			cfg->gamma_corr_pos[index_gamma] = value_gamma_pos;
 8001b6a:	f897 302a 	ldrb.w	r3, [r7, #42]	; 0x2a
 8001b6e:	68fa      	ldr	r2, [r7, #12]
 8001b70:	4413      	add	r3, r2
 8001b72:	f897 202c 	ldrb.w	r2, [r7, #44]	; 0x2c
 8001b76:	761a      	strb	r2, [r3, #24]
		}
		return status; 
 8001b78:	f897 302d 	ldrb.w	r3, [r7, #45]	; 0x2d
 8001b7c:	e0fd      	b.n	8001d7a <ili9322_change_setting+0x2aa>
	} 
	// остальные регистры 
	Ili9322_status_t status = ILI9322_STATUS_OK;
 8001b7e:	2301      	movs	r3, #1
 8001b80:	f887 303f 	strb.w	r3, [r7, #63]	; 0x3f
	switch (reg)
 8001b84:	6bbb      	ldr	r3, [r7, #56]	; 0x38
 8001b86:	3b06      	subs	r3, #6
 8001b88:	2b09      	cmp	r3, #9
 8001b8a:	f200 80e0 	bhi.w	8001d4e <ili9322_change_setting+0x27e>
 8001b8e:	a201      	add	r2, pc, #4	; (adr r2, 8001b94 <ili9322_change_setting+0xc4>)
 8001b90:	f852 f023 	ldr.w	pc, [r2, r3, lsl #2]
 8001b94:	08001bbd 	.word	0x08001bbd
 8001b98:	08001d4f 	.word	0x08001d4f
 8001b9c:	08001d4f 	.word	0x08001d4f
 8001ba0:	08001d4f 	.word	0x08001d4f
 8001ba4:	08001c2d 	.word	0x08001c2d
 8001ba8:	08001d4f 	.word	0x08001d4f
 8001bac:	08001d4f 	.word	0x08001d4f
 8001bb0:	08001d4f 	.word	0x08001d4f
 8001bb4:	08001cd1 	.word	0x08001cd1
 8001bb8:	08001d13 	.word	0x08001d13
	{
		case ILI9322_REG_ENTRY_CTRL:{
			Ili9322_config_t* p_cfg = (Ili9322_config_t*)cfg;
 8001bbc:	68fb      	ldr	r3, [r7, #12]
 8001bbe:	61bb      	str	r3, [r7, #24]
			// новые значения 
			bool vdir = (value & 0x02) ? true : false;
 8001bc0:	687b      	ldr	r3, [r7, #4]
 8001bc2:	085b      	lsrs	r3, r3, #1
 8001bc4:	f003 0301 	and.w	r3, r3, #1
 8001bc8:	2b00      	cmp	r3, #0
 8001bca:	bf14      	ite	ne
 8001bcc:	2301      	movne	r3, #1
 8001bce:	2300      	moveq	r3, #0
 8001bd0:	75fb      	strb	r3, [r7, #23]
			bool hdir = (value & 0x01) ? true : false;
 8001bd2:	687b      	ldr	r3, [r7, #4]
 8001bd4:	f003 0301 	and.w	r3, r3, #1
 8001bd8:	2b00      	cmp	r3, #0
 8001bda:	bf14      	ite	ne
 8001bdc:	2301      	movne	r3, #1
 8001bde:	2300      	moveq	r3, #0
 8001be0:	75bb      	strb	r3, [r7, #22]
			// сохранили старые 
			bool old_vdir = p_cfg->flip_vertical;
 8001be2:	69bb      	ldr	r3, [r7, #24]
 8001be4:	785b      	ldrb	r3, [r3, #1]
 8001be6:	757b      	strb	r3, [r7, #21]
			bool old_hdir = p_cfg->flip_horizontal;
 8001be8:	69bb      	ldr	r3, [r7, #24]
 8001bea:	781b      	ldrb	r3, [r3, #0]
 8001bec:	753b      	strb	r3, [r7, #20]
			// добавляем флаги поворота в конфигурацию
			p_cfg->flip_horizontal = hdir;
 8001bee:	69bb      	ldr	r3, [r7, #24]
 8001bf0:	7dba      	ldrb	r2, [r7, #22]
 8001bf2:	701a      	strb	r2, [r3, #0]
			p_cfg->flip_vertical = vdir;
 8001bf4:	69bb      	ldr	r3, [r7, #24]
 8001bf6:	7dfa      	ldrb	r2, [r7, #23]
 8001bf8:	705a      	strb	r2, [r3, #1]
			// формируем данные для регистра	
			const uint8_t reg_value = entry_mode_register(p_cfg);
 8001bfa:	69b8      	ldr	r0, [r7, #24]
 8001bfc:	f7ff fd9d 	bl	800173a <entry_mode_register>
 8001c00:	4603      	mov	r3, r0
 8001c02:	74fb      	strb	r3, [r7, #19]
			// записываем 
			status = ili9322_write_register(ILI9322_ENTRY, reg_value);
 8001c04:	7cfb      	ldrb	r3, [r7, #19]
 8001c06:	4619      	mov	r1, r3
 8001c08:	2006      	movs	r0, #6
 8001c0a:	f7ff ff39 	bl	8001a80 <ili9322_write_register>
 8001c0e:	4603      	mov	r3, r0
 8001c10:	f887 303f 	strb.w	r3, [r7, #63]	; 0x3f
			//в случае не удачи возращаем старые значения
			if(status != ILI9322_STATUS_OK){
 8001c14:	f897 303f 	ldrb.w	r3, [r7, #63]	; 0x3f
 8001c18:	2b01      	cmp	r3, #1
 8001c1a:	f000 80a5 	beq.w	8001d68 <ili9322_change_setting+0x298>
				p_cfg->flip_horizontal = old_hdir;
 8001c1e:	69bb      	ldr	r3, [r7, #24]
 8001c20:	7d3a      	ldrb	r2, [r7, #20]
 8001c22:	701a      	strb	r2, [r3, #0]
				p_cfg->flip_vertical = old_vdir;
 8001c24:	69bb      	ldr	r3, [r7, #24]
 8001c26:	7d7a      	ldrb	r2, [r7, #21]
 8001c28:	705a      	strb	r2, [r3, #1]
			}
			break; 
 8001c2a:	e09d      	b.n	8001d68 <ili9322_change_setting+0x298>
		}
	case ILI9322_REG_POLARITY: {
		Ili9322_config_t* p_cfg = (Ili9322_config_t*)cfg;
 8001c2c:	68fb      	ldr	r3, [r7, #12]
 8001c2e:	627b      	str	r3, [r7, #36]	; 0x24
		// новые значения
		bool rev = (value & 0x40) ? true : false;
 8001c30:	687b      	ldr	r3, [r7, #4]
 8001c32:	099b      	lsrs	r3, r3, #6
 8001c34:	f003 0301 	and.w	r3, r3, #1
 8001c38:	2b00      	cmp	r3, #0
 8001c3a:	bf14      	ite	ne
 8001c3c:	2301      	movne	r3, #1
 8001c3e:	2300      	moveq	r3, #0
 8001c40:	f887 3023 	strb.w	r3, [r7, #35]	; 0x23
		bool formula = (value & 0x20) ? true : false;
 8001c44:	687b      	ldr	r3, [r7, #4]
 8001c46:	095b      	lsrs	r3, r3, #5
 8001c48:	f003 0301 	and.w	r3, r3, #1
 8001c4c:	2b00      	cmp	r3, #0
 8001c4e:	bf14      	ite	ne
 8001c50:	2301      	movne	r3, #1
 8001c52:	2300      	moveq	r3, #0
 8001c54:	f887 3022 	strb.w	r3, [r7, #34]	; 0x22
		bool ycbcr = (value & 0x10) ? true : false;
 8001c58:	687b      	ldr	r3, [r7, #4]
 8001c5a:	091b      	lsrs	r3, r3, #4
 8001c5c:	f003 0301 	and.w	r3, r3, #1
 8001c60:	2b00      	cmp	r3, #0
 8001c62:	bf14      	ite	ne
 8001c64:	2301      	movne	r3, #1
 8001c66:	2300      	moveq	r3, #0
 8001c68:	f887 3021 	strb.w	r3, [r7, #33]	; 0x21
		// сохранили старые 
		bool old_rev = p_cfg->rev_mode_polarity;
 8001c6c:	6a7b      	ldr	r3, [r7, #36]	; 0x24
 8001c6e:	7d1b      	ldrb	r3, [r3, #20]
 8001c70:	f887 3020 	strb.w	r3, [r7, #32]
		bool old_formula = p_cfg->formula;
 8001c74:	6a7b      	ldr	r3, [r7, #36]	; 0x24
 8001c76:	7d5b      	ldrb	r3, [r3, #21]
 8001c78:	77fb      	strb	r3, [r7, #31]
		bool old_ycbcr = p_cfg->ycbcr_mode;
 8001c7a:	6a7b      	ldr	r3, [r7, #36]	; 0x24
 8001c7c:	7d9b      	ldrb	r3, [r3, #22]
 8001c7e:	77bb      	strb	r3, [r7, #30]
		// добавляем флаги поворота в конфигурацию
		p_cfg->rev_mode_polarity = rev;
 8001c80:	6a7b      	ldr	r3, [r7, #36]	; 0x24
 8001c82:	f897 2023 	ldrb.w	r2, [r7, #35]	; 0x23
 8001c86:	751a      	strb	r2, [r3, #20]
		p_cfg->formula = formula;
 8001c88:	6a7b      	ldr	r3, [r7, #36]	; 0x24
 8001c8a:	f897 2022 	ldrb.w	r2, [r7, #34]	; 0x22
 8001c8e:	755a      	strb	r2, [r3, #21]
		p_cfg->ycbcr_mode = ycbcr;
 8001c90:	6a7b      	ldr	r3, [r7, #36]	; 0x24
 8001c92:	f897 2021 	ldrb.w	r2, [r7, #33]	; 0x21
 8001c96:	759a      	strb	r2, [r3, #22]
		// формируем данные для регистра	
		const uint8_t reg_value = polarity_control_initialize(p_cfg);
 8001c98:	6a78      	ldr	r0, [r7, #36]	; 0x24
 8001c9a:	f7ff fd72 	bl	8001782 <polarity_control_initialize>
 8001c9e:	4603      	mov	r3, r0
 8001ca0:	777b      	strb	r3, [r7, #29]
		// записываем 
		status = ili9322_write_register(ILI9322_POL, reg_value);
 8001ca2:	7f7b      	ldrb	r3, [r7, #29]
 8001ca4:	4619      	mov	r1, r3
 8001ca6:	200a      	movs	r0, #10
 8001ca8:	f7ff feea 	bl	8001a80 <ili9322_write_register>
 8001cac:	4603      	mov	r3, r0
 8001cae:	f887 303f 	strb.w	r3, [r7, #63]	; 0x3f
		//в случае не удачи возращаем старые значения
		if(status != ILI9322_STATUS_OK){
 8001cb2:	f897 303f 	ldrb.w	r3, [r7, #63]	; 0x3f
 8001cb6:	2b01      	cmp	r3, #1
 8001cb8:	d058      	beq.n	8001d6c <ili9322_change_setting+0x29c>
			p_cfg->rev_mode_polarity = old_rev;
 8001cba:	6a7b      	ldr	r3, [r7, #36]	; 0x24
 8001cbc:	f897 2020 	ldrb.w	r2, [r7, #32]
 8001cc0:	751a      	strb	r2, [r3, #20]
			p_cfg->formula = old_formula;
 8001cc2:	6a7b      	ldr	r3, [r7, #36]	; 0x24
 8001cc4:	7ffa      	ldrb	r2, [r7, #31]
 8001cc6:	755a      	strb	r2, [r3, #21]
			p_cfg->ycbcr_mode = old_ycbcr;
 8001cc8:	6a7b      	ldr	r3, [r7, #36]	; 0x24
 8001cca:	7fba      	ldrb	r2, [r7, #30]
 8001ccc:	759a      	strb	r2, [r3, #22]
		}
		break; 
 8001cce:	e04d      	b.n	8001d6c <ili9322_change_setting+0x29c>
	}
	case ILI9322_REG_CONTRAST: {
		// прошлое значение 
		uint8_t old_value = cfg->contrast; 
 8001cd0:	68fb      	ldr	r3, [r7, #12]
 8001cd2:	f893 3029 	ldrb.w	r3, [r3, #41]	; 0x29
 8001cd6:	f887 3028 	strb.w	r3, [r7, #40]	; 0x28
		// выделили значение
		cfg->contrast = (uint8_t)(value&0x0F); 
 8001cda:	687b      	ldr	r3, [r7, #4]
 8001cdc:	b2db      	uxtb	r3, r3
 8001cde:	f003 030f 	and.w	r3, r3, #15
 8001ce2:	b2da      	uxtb	r2, r3
 8001ce4:	68fb      	ldr	r3, [r7, #12]
 8001ce6:	f883 2029 	strb.w	r2, [r3, #41]	; 0x29
		// записываем
		status = ili9322_write_register(ILI9322_REG_CONTRAST, cfg->contrast);
 8001cea:	68fb      	ldr	r3, [r7, #12]
 8001cec:	f893 3029 	ldrb.w	r3, [r3, #41]	; 0x29
 8001cf0:	4619      	mov	r1, r3
 8001cf2:	200e      	movs	r0, #14
 8001cf4:	f7ff fec4 	bl	8001a80 <ili9322_write_register>
 8001cf8:	4603      	mov	r3, r0
 8001cfa:	f887 303f 	strb.w	r3, [r7, #63]	; 0x3f
		// в случае ошибки возращаем старое значение 
		if(status != ILI9322_STATUS_OK){
 8001cfe:	f897 303f 	ldrb.w	r3, [r7, #63]	; 0x3f
 8001d02:	2b01      	cmp	r3, #1
 8001d04:	d034      	beq.n	8001d70 <ili9322_change_setting+0x2a0>
			cfg->contrast = old_value;
 8001d06:	68fb      	ldr	r3, [r7, #12]
 8001d08:	f897 2028 	ldrb.w	r2, [r7, #40]	; 0x28
 8001d0c:	f883 2029 	strb.w	r2, [r3, #41]	; 0x29
		}	
		break;
 8001d10:	e02e      	b.n	8001d70 <ili9322_change_setting+0x2a0>
	}
	case ILI9322_REG_BRIGHT: {
		// прошлое значение 
		uint8_t old_value = cfg->brightness; 
 8001d12:	68fb      	ldr	r3, [r7, #12]
 8001d14:	f893 3028 	ldrb.w	r3, [r3, #40]	; 0x28
 8001d18:	f887 3029 	strb.w	r3, [r7, #41]	; 0x29
		// выделили значение
		cfg->brightness = (uint8_t)(value&0xFF); 
 8001d1c:	687b      	ldr	r3, [r7, #4]
 8001d1e:	b2da      	uxtb	r2, r3
 8001d20:	68fb      	ldr	r3, [r7, #12]
 8001d22:	f883 2028 	strb.w	r2, [r3, #40]	; 0x28
		// записываем
		status = ili9322_write_register(ILI9322_REG_BRIGHT, cfg->brightness);
 8001d26:	68fb      	ldr	r3, [r7, #12]
 8001d28:	f893 3028 	ldrb.w	r3, [r3, #40]	; 0x28
 8001d2c:	4619      	mov	r1, r3
 8001d2e:	200f      	movs	r0, #15
 8001d30:	f7ff fea6 	bl	8001a80 <ili9322_write_register>
 8001d34:	4603      	mov	r3, r0
 8001d36:	f887 303f 	strb.w	r3, [r7, #63]	; 0x3f
		// в случае ошибки возращаем старое значение 
		if(status != ILI9322_STATUS_OK){
 8001d3a:	f897 303f 	ldrb.w	r3, [r7, #63]	; 0x3f
 8001d3e:	2b01      	cmp	r3, #1
 8001d40:	d018      	beq.n	8001d74 <ili9322_change_setting+0x2a4>
			cfg->brightness = old_value;
 8001d42:	68fb      	ldr	r3, [r7, #12]
 8001d44:	f897 2029 	ldrb.w	r2, [r7, #41]	; 0x29
 8001d48:	f883 2028 	strb.w	r2, [r3, #40]	; 0x28
		}	
		break;
 8001d4c:	e012      	b.n	8001d74 <ili9322_change_setting+0x2a4>
	}
	
	default:
	{	const uint8_t value_u8 = (uint8_t)(value&0xFF); 
 8001d4e:	687b      	ldr	r3, [r7, #4]
 8001d50:	74bb      	strb	r3, [r7, #18]
		status = ili9322_write_register(reg, value_u8); }
 8001d52:	6bbb      	ldr	r3, [r7, #56]	; 0x38
 8001d54:	b2db      	uxtb	r3, r3
 8001d56:	7cba      	ldrb	r2, [r7, #18]
 8001d58:	4611      	mov	r1, r2
 8001d5a:	4618      	mov	r0, r3
 8001d5c:	f7ff fe90 	bl	8001a80 <ili9322_write_register>
 8001d60:	4603      	mov	r3, r0
 8001d62:	f887 303f 	strb.w	r3, [r7, #63]	; 0x3f
 8001d66:	e006      	b.n	8001d76 <ili9322_change_setting+0x2a6>
			break; 
 8001d68:	bf00      	nop
 8001d6a:	e004      	b.n	8001d76 <ili9322_change_setting+0x2a6>
		break; 
 8001d6c:	bf00      	nop
 8001d6e:	e002      	b.n	8001d76 <ili9322_change_setting+0x2a6>
		break;
 8001d70:	bf00      	nop
 8001d72:	e000      	b.n	8001d76 <ili9322_change_setting+0x2a6>
		break;
 8001d74:	bf00      	nop
	}
	return status;
 8001d76:	f897 303f 	ldrb.w	r3, [r7, #63]	; 0x3f
}
 8001d7a:	4618      	mov	r0, r3
 8001d7c:	3740      	adds	r7, #64	; 0x40
 8001d7e:	46bd      	mov	sp, r7
 8001d80:	bd80      	pop	{r7, pc}
 8001d82:	bf00      	nop

08001d84 <ili9322_init_brightness>:

void ili9322_init_brightness(Ili9322_config_t* cfg, uint8_t brightness){
 8001d84:	b480      	push	{r7}
 8001d86:	b083      	sub	sp, #12
 8001d88:	af00      	add	r7, sp, #0
 8001d8a:	6078      	str	r0, [r7, #4]
 8001d8c:	460b      	mov	r3, r1
 8001d8e:	70fb      	strb	r3, [r7, #3]
	cfg->brightness = brightness;
 8001d90:	687b      	ldr	r3, [r7, #4]
 8001d92:	78fa      	ldrb	r2, [r7, #3]
 8001d94:	f883 2028 	strb.w	r2, [r3, #40]	; 0x28
}
 8001d98:	bf00      	nop
 8001d9a:	370c      	adds	r7, #12
 8001d9c:	46bd      	mov	sp, r7
 8001d9e:	bc80      	pop	{r7}
 8001da0:	4770      	bx	lr

08001da2 <ili9322_init_contrast>:
void ili9322_init_contrast(Ili9322_config_t* cfg, uint8_t contrast){
 8001da2:	b480      	push	{r7}
 8001da4:	b083      	sub	sp, #12
 8001da6:	af00      	add	r7, sp, #0
 8001da8:	6078      	str	r0, [r7, #4]
 8001daa:	460b      	mov	r3, r1
 8001dac:	70fb      	strb	r3, [r7, #3]
	cfg->contrast = contrast&0x0F;
 8001dae:	78fb      	ldrb	r3, [r7, #3]
 8001db0:	f003 030f 	and.w	r3, r3, #15
 8001db4:	b2da      	uxtb	r2, r3
 8001db6:	687b      	ldr	r3, [r7, #4]
 8001db8:	f883 2029 	strb.w	r2, [r3, #41]	; 0x29
}
 8001dbc:	bf00      	nop
 8001dbe:	370c      	adds	r7, #12
 8001dc0:	46bd      	mov	sp, r7
 8001dc2:	bc80      	pop	{r7}
 8001dc4:	4770      	bx	lr

08001dc6 <ili9322_init_entry_ctrl>:
void ili9322_init_entry_ctrl(Ili9322_config_t* cfg, uint8_t entr){
 8001dc6:	b480      	push	{r7}
 8001dc8:	b083      	sub	sp, #12
 8001dca:	af00      	add	r7, sp, #0
 8001dcc:	6078      	str	r0, [r7, #4]
 8001dce:	460b      	mov	r3, r1
 8001dd0:	70fb      	strb	r3, [r7, #3]
	// default value 6F
	cfg->input = ILI9322_INPUT_PRGB_ALIGNED; 
 8001dd2:	687b      	ldr	r3, [r7, #4]
 8001dd4:	2206      	movs	r2, #6
 8001dd6:	709a      	strb	r2, [r3, #2]
	cfg->flip_horizontal = entr & 0x01;
 8001dd8:	78fb      	ldrb	r3, [r7, #3]
 8001dda:	f003 0301 	and.w	r3, r3, #1
 8001dde:	2b00      	cmp	r3, #0
 8001de0:	bf14      	ite	ne
 8001de2:	2301      	movne	r3, #1
 8001de4:	2300      	moveq	r3, #0
 8001de6:	b2da      	uxtb	r2, r3
 8001de8:	687b      	ldr	r3, [r7, #4]
 8001dea:	701a      	strb	r2, [r3, #0]
	cfg->flip_vertical = entr & 0x02;
 8001dec:	78fb      	ldrb	r3, [r7, #3]
 8001dee:	f003 0302 	and.w	r3, r3, #2
 8001df2:	2b00      	cmp	r3, #0
 8001df4:	bf14      	ite	ne
 8001df6:	2301      	movne	r3, #1
 8001df8:	2300      	moveq	r3, #0
 8001dfa:	b2da      	uxtb	r2, r3
 8001dfc:	687b      	ldr	r3, [r7, #4]
 8001dfe:	705a      	strb	r2, [r3, #1]
}
 8001e00:	bf00      	nop
 8001e02:	370c      	adds	r7, #12
 8001e04:	46bd      	mov	sp, r7
 8001e06:	bc80      	pop	{r7}
 8001e08:	4770      	bx	lr

08001e0a <ili9322_init_polarity>:
void ili9322_init_polarity(Ili9322_config_t* cfg, uint8_t polarity){
 8001e0a:	b480      	push	{r7}
 8001e0c:	b083      	sub	sp, #12
 8001e0e:	af00      	add	r7, sp, #0
 8001e10:	6078      	str	r0, [r7, #4]
 8001e12:	460b      	mov	r3, r1
 8001e14:	70fb      	strb	r3, [r7, #3]
	// default value 49
	cfg->dclk_active_high = true; 
 8001e16:	687b      	ldr	r3, [r7, #4]
 8001e18:	2201      	movs	r2, #1
 8001e1a:	741a      	strb	r2, [r3, #16]
	cfg->de_active_high = true;
 8001e1c:	687b      	ldr	r3, [r7, #4]
 8001e1e:	2201      	movs	r2, #1
 8001e20:	745a      	strb	r2, [r3, #17]
	cfg->hsync_active_high = false;
 8001e22:	687b      	ldr	r3, [r7, #4]
 8001e24:	2200      	movs	r2, #0
 8001e26:	749a      	strb	r2, [r3, #18]
	cfg->vsync_active_high = false;
 8001e28:	687b      	ldr	r3, [r7, #4]
 8001e2a:	2200      	movs	r2, #0
 8001e2c:	74da      	strb	r2, [r3, #19]
	cfg->rev_mode_polarity = polarity & 0x40;
 8001e2e:	78fb      	ldrb	r3, [r7, #3]
 8001e30:	f003 0340 	and.w	r3, r3, #64	; 0x40
 8001e34:	2b00      	cmp	r3, #0
 8001e36:	bf14      	ite	ne
 8001e38:	2301      	movne	r3, #1
 8001e3a:	2300      	moveq	r3, #0
 8001e3c:	b2da      	uxtb	r2, r3
 8001e3e:	687b      	ldr	r3, [r7, #4]
 8001e40:	751a      	strb	r2, [r3, #20]
	cfg->ycbcr_mode = polarity & 0x10;
 8001e42:	78fb      	ldrb	r3, [r7, #3]
 8001e44:	f003 0310 	and.w	r3, r3, #16
 8001e48:	2b00      	cmp	r3, #0
 8001e4a:	bf14      	ite	ne
 8001e4c:	2301      	movne	r3, #1
 8001e4e:	2300      	moveq	r3, #0
 8001e50:	b2da      	uxtb	r2, r3
 8001e52:	687b      	ldr	r3, [r7, #4]
 8001e54:	759a      	strb	r2, [r3, #22]
	cfg->formula = polarity & 0x20;
 8001e56:	78fb      	ldrb	r3, [r7, #3]
 8001e58:	f003 0320 	and.w	r3, r3, #32
 8001e5c:	2b00      	cmp	r3, #0
 8001e5e:	bf14      	ite	ne
 8001e60:	2301      	movne	r3, #1
 8001e62:	2300      	moveq	r3, #0
 8001e64:	b2da      	uxtb	r2, r3
 8001e66:	687b      	ldr	r3, [r7, #4]
 8001e68:	755a      	strb	r2, [r3, #21]
}
 8001e6a:	bf00      	nop
 8001e6c:	370c      	adds	r7, #12
 8001e6e:	46bd      	mov	sp, r7
 8001e70:	bc80      	pop	{r7}
 8001e72:	4770      	bx	lr

08001e74 <NVIC_SystemReset>:
/** \brief  System Reset

    The function initiates a system reset request to reset the MCU.
 */
__STATIC_INLINE void NVIC_SystemReset(void)
{
 8001e74:	b480      	push	{r7}
 8001e76:	af00      	add	r7, sp, #0
    This function acts as a special kind of Data Memory Barrier.
    It completes when all explicit memory accesses before this instruction complete.
 */
__attribute__( ( always_inline ) ) __STATIC_INLINE void __DSB(void)
{
  __ASM volatile ("dsb");
 8001e78:	f3bf 8f4f 	dsb	sy
}
 8001e7c:	bf00      	nop
  __DSB();                                                     /* Ensure all outstanding memory accesses included
                                                                  buffered write are completed before reset */
  SCB->AIRCR  = ((0x5FA << SCB_AIRCR_VECTKEY_Pos)      |
                 (SCB->AIRCR & SCB_AIRCR_PRIGROUP_Msk) |
 8001e7e:	4b06      	ldr	r3, [pc, #24]	; (8001e98 <NVIC_SystemReset+0x24>)
 8001e80:	68db      	ldr	r3, [r3, #12]
 8001e82:	f403 62e0 	and.w	r2, r3, #1792	; 0x700
  SCB->AIRCR  = ((0x5FA << SCB_AIRCR_VECTKEY_Pos)      |
 8001e86:	4904      	ldr	r1, [pc, #16]	; (8001e98 <NVIC_SystemReset+0x24>)
                 (SCB->AIRCR & SCB_AIRCR_PRIGROUP_Msk) |
 8001e88:	4b04      	ldr	r3, [pc, #16]	; (8001e9c <NVIC_SystemReset+0x28>)
 8001e8a:	4313      	orrs	r3, r2
  SCB->AIRCR  = ((0x5FA << SCB_AIRCR_VECTKEY_Pos)      |
 8001e8c:	60cb      	str	r3, [r1, #12]
  __ASM volatile ("dsb");
 8001e8e:	f3bf 8f4f 	dsb	sy
}
 8001e92:	bf00      	nop
                 SCB_AIRCR_SYSRESETREQ_Msk);                   /* Keep priority group unchanged */
  __DSB();                                                     /* Ensure completion of memory access */
  while(1);                                                    /* wait until reset */
 8001e94:	e7fe      	b.n	8001e94 <NVIC_SystemReset+0x20>
 8001e96:	bf00      	nop
 8001e98:	e000ed00 	.word	0xe000ed00
 8001e9c:	05fa0004 	.word	0x05fa0004

08001ea0 <obmen_init>:


//************************************************************** */

void obmen_init(uint32_t id_logic, uint32_t id_physical)
{
 8001ea0:	b480      	push	{r7}
 8001ea2:	b083      	sub	sp, #12
 8001ea4:	af00      	add	r7, sp, #0
 8001ea6:	6078      	str	r0, [r7, #4]
 8001ea8:	6039      	str	r1, [r7, #0]
	obmen_state.id_can_physical = id_physical;
 8001eaa:	4a1b      	ldr	r2, [pc, #108]	; (8001f18 <obmen_init+0x78>)
 8001eac:	683b      	ldr	r3, [r7, #0]
 8001eae:	6053      	str	r3, [r2, #4]
	obmen_state.id_can_logic = id_logic;
 8001eb0:	4a19      	ldr	r2, [pc, #100]	; (8001f18 <obmen_init+0x78>)
 8001eb2:	687b      	ldr	r3, [r7, #4]
 8001eb4:	6013      	str	r3, [r2, #0]
	obmen_state.id_msg_rx[0] = CAN_RX_ID_CTRL + id_logic;
 8001eb6:	687b      	ldr	r3, [r7, #4]
 8001eb8:	f503 7380 	add.w	r3, r3, #256	; 0x100
 8001ebc:	4a16      	ldr	r2, [pc, #88]	; (8001f18 <obmen_init+0x78>)
 8001ebe:	6093      	str	r3, [r2, #8]
	obmen_state.id_msg_rx[1] = CAN_RX_ID_READ + id_logic;
 8001ec0:	687b      	ldr	r3, [r7, #4]
 8001ec2:	f503 7368 	add.w	r3, r3, #928	; 0x3a0
 8001ec6:	4a14      	ldr	r2, [pc, #80]	; (8001f18 <obmen_init+0x78>)
 8001ec8:	60d3      	str	r3, [r2, #12]
	obmen_state.id_msg_rx[2] = CAN_RX_ID_PWM + id_logic;
 8001eca:	687b      	ldr	r3, [r7, #4]
 8001ecc:	f503 7340 	add.w	r3, r3, #768	; 0x300
 8001ed0:	4a11      	ldr	r2, [pc, #68]	; (8001f18 <obmen_init+0x78>)
 8001ed2:	6113      	str	r3, [r2, #16]
	obmen_state.id_msg_rx[3] = CAN_RX_ID_SETTING + id_logic ;
 8001ed4:	687b      	ldr	r3, [r7, #4]
 8001ed6:	f503 7358 	add.w	r3, r3, #864	; 0x360
 8001eda:	4a0f      	ldr	r2, [pc, #60]	; (8001f18 <obmen_init+0x78>)
 8001edc:	6153      	str	r3, [r2, #20]
	obmen_state.id_msg_tx[0] = CAN_TX_ID_CTRL + id_logic;
 8001ede:	687b      	ldr	r3, [r7, #4]
 8001ee0:	f503 73c0 	add.w	r3, r3, #384	; 0x180
 8001ee4:	4a0c      	ldr	r2, [pc, #48]	; (8001f18 <obmen_init+0x78>)
 8001ee6:	6193      	str	r3, [r2, #24]
	obmen_state.id_msg_tx[1] = CAN_TX_ID_ADC + id_logic;
 8001ee8:	687b      	ldr	r3, [r7, #4]
 8001eea:	f503 7378 	add.w	r3, r3, #992	; 0x3e0
 8001eee:	4a0a      	ldr	r2, [pc, #40]	; (8001f18 <obmen_init+0x78>)
 8001ef0:	61d3      	str	r3, [r2, #28]
	obmen_state.id_msg_tx[2] = CAN_TX_ID_ENC + id_logic;
 8001ef2:	687b      	ldr	r3, [r7, #4]
 8001ef4:	f503 7330 	add.w	r3, r3, #704	; 0x2c0
 8001ef8:	4a07      	ldr	r2, [pc, #28]	; (8001f18 <obmen_init+0x78>)
 8001efa:	6213      	str	r3, [r2, #32]
	obmen_state.id_msg_tx[3] = CAN_TX_ID_BTN + id_logic;
 8001efc:	687b      	ldr	r3, [r7, #4]
 8001efe:	f503 7370 	add.w	r3, r3, #960	; 0x3c0
 8001f02:	4a05      	ldr	r2, [pc, #20]	; (8001f18 <obmen_init+0x78>)
 8001f04:	6253      	str	r3, [r2, #36]	; 0x24
	obmen_state.is_run_service_mode = false;
 8001f06:	4b04      	ldr	r3, [pc, #16]	; (8001f18 <obmen_init+0x78>)
 8001f08:	2200      	movs	r2, #0
 8001f0a:	f883 2044 	strb.w	r2, [r3, #68]	; 0x44
}
 8001f0e:	bf00      	nop
 8001f10:	370c      	adds	r7, #12
 8001f12:	46bd      	mov	sp, r7
 8001f14:	bc80      	pop	{r7}
 8001f16:	4770      	bx	lr
 8001f18:	20000724 	.word	0x20000724

08001f1c <_get_handler_ctrl>:
		case 3: return _get_handler_setting(cmd, dlc);
		default: return NULL;
	}
}

static inline CanCmdHandler_t _get_handler_ctrl(uint8_t cmd, const uint8_t dlc){
 8001f1c:	b480      	push	{r7}
 8001f1e:	b083      	sub	sp, #12
 8001f20:	af00      	add	r7, sp, #0
 8001f22:	4603      	mov	r3, r0
 8001f24:	460a      	mov	r2, r1
 8001f26:	71fb      	strb	r3, [r7, #7]
 8001f28:	4613      	mov	r3, r2
 8001f2a:	71bb      	strb	r3, [r7, #6]
	switch(cmd){
 8001f2c:	79fb      	ldrb	r3, [r7, #7]
 8001f2e:	2b85      	cmp	r3, #133	; 0x85
 8001f30:	dc41      	bgt.n	8001fb6 <_get_handler_ctrl+0x9a>
 8001f32:	2b81      	cmp	r3, #129	; 0x81
 8001f34:	da08      	bge.n	8001f48 <_get_handler_ctrl+0x2c>
 8001f36:	2b42      	cmp	r3, #66	; 0x42
 8001f38:	d031      	beq.n	8001f9e <_get_handler_ctrl+0x82>
 8001f3a:	2b42      	cmp	r3, #66	; 0x42
 8001f3c:	dc3b      	bgt.n	8001fb6 <_get_handler_ctrl+0x9a>
 8001f3e:	2b03      	cmp	r3, #3
 8001f40:	dc20      	bgt.n	8001f84 <_get_handler_ctrl+0x68>
 8001f42:	2b00      	cmp	r3, #0
 8001f44:	da10      	bge.n	8001f68 <_get_handler_ctrl+0x4c>
 8001f46:	e036      	b.n	8001fb6 <_get_handler_ctrl+0x9a>
 8001f48:	3b81      	subs	r3, #129	; 0x81
 8001f4a:	2b04      	cmp	r3, #4
 8001f4c:	d833      	bhi.n	8001fb6 <_get_handler_ctrl+0x9a>
 8001f4e:	a201      	add	r2, pc, #4	; (adr r2, 8001f54 <_get_handler_ctrl+0x38>)
 8001f50:	f852 f023 	ldr.w	pc, [r2, r3, lsl #2]
 8001f54:	08001fa3 	.word	0x08001fa3
 8001f58:	08001fa7 	.word	0x08001fa7
 8001f5c:	08001fab 	.word	0x08001fab
 8001f60:	08001faf 	.word	0x08001faf
 8001f64:	08001fb3 	.word	0x08001fb3
 8001f68:	2b03      	cmp	r3, #3
 8001f6a:	d824      	bhi.n	8001fb6 <_get_handler_ctrl+0x9a>
 8001f6c:	a201      	add	r2, pc, #4	; (adr r2, 8001f74 <_get_handler_ctrl+0x58>)
 8001f6e:	f852 f023 	ldr.w	pc, [r2, r3, lsl #2]
 8001f72:	bf00      	nop
 8001f74:	08001f8b 	.word	0x08001f8b
 8001f78:	08001f8f 	.word	0x08001f8f
 8001f7c:	08001f93 	.word	0x08001f93
 8001f80:	08001f97 	.word	0x08001f97
 8001f84:	2b41      	cmp	r3, #65	; 0x41
 8001f86:	d008      	beq.n	8001f9a <_get_handler_ctrl+0x7e>
 8001f88:	e015      	b.n	8001fb6 <_get_handler_ctrl+0x9a>
		case CMD_CNTR_SERVICE: return handler_ctrl_service; 
 8001f8a:	4b0e      	ldr	r3, [pc, #56]	; (8001fc4 <_get_handler_ctrl+0xa8>)
 8001f8c:	e014      	b.n	8001fb8 <_get_handler_ctrl+0x9c>
		case CMD_CNTR_SET_LOG_ID: return handler_ctrl_set_log_id; 
 8001f8e:	4b0e      	ldr	r3, [pc, #56]	; (8001fc8 <_get_handler_ctrl+0xac>)
 8001f90:	e012      	b.n	8001fb8 <_get_handler_ctrl+0x9c>
		case CMD_CNTR_GET_PHY_ID: return handler_ctrl_set_phy_id; 
 8001f92:	4b0e      	ldr	r3, [pc, #56]	; (8001fcc <_get_handler_ctrl+0xb0>)
 8001f94:	e010      	b.n	8001fb8 <_get_handler_ctrl+0x9c>
		case CMD_CNTR_RUN: return handler_ctrl_run; 
 8001f96:	4b0e      	ldr	r3, [pc, #56]	; (8001fd0 <_get_handler_ctrl+0xb4>)
 8001f98:	e00e      	b.n	8001fb8 <_get_handler_ctrl+0x9c>
		case CMD_CNTR_SET_PARAM: return handler_ctrl_set_param;
 8001f9a:	4b0e      	ldr	r3, [pc, #56]	; (8001fd4 <_get_handler_ctrl+0xb8>)
 8001f9c:	e00c      	b.n	8001fb8 <_get_handler_ctrl+0x9c>
		case CMD_CNTR_GET_PARAM: return handler_ctrl_get_param;
 8001f9e:	4b0e      	ldr	r3, [pc, #56]	; (8001fd8 <_get_handler_ctrl+0xbc>)
 8001fa0:	e00a      	b.n	8001fb8 <_get_handler_ctrl+0x9c>
		case CMD_CNTR_CLR_FLASH: return handler_ctrl_clr_flash; 
 8001fa2:	4b0e      	ldr	r3, [pc, #56]	; (8001fdc <_get_handler_ctrl+0xc0>)
 8001fa4:	e008      	b.n	8001fb8 <_get_handler_ctrl+0x9c>
		case CMD_CNTR_SET_DEVICE: return handler_ctrl_set_device; 
 8001fa6:	4b0e      	ldr	r3, [pc, #56]	; (8001fe0 <_get_handler_ctrl+0xc4>)
 8001fa8:	e006      	b.n	8001fb8 <_get_handler_ctrl+0x9c>
		case CMD_CNTR_WR_SETTING: return handler_ctrl_wr_setting_default; 
 8001faa:	4b0e      	ldr	r3, [pc, #56]	; (8001fe4 <_get_handler_ctrl+0xc8>)
 8001fac:	e004      	b.n	8001fb8 <_get_handler_ctrl+0x9c>
		case CMD_CNTR_RD_SETTING: return handler_ctrl_rd_setting; 
 8001fae:	4b0e      	ldr	r3, [pc, #56]	; (8001fe8 <_get_handler_ctrl+0xcc>)
 8001fb0:	e002      	b.n	8001fb8 <_get_handler_ctrl+0x9c>
		case CMD_CNTR_CONFIG_PERIPH: return handler_ctrl_config_name_periph;
 8001fb2:	4b0e      	ldr	r3, [pc, #56]	; (8001fec <_get_handler_ctrl+0xd0>)
 8001fb4:	e000      	b.n	8001fb8 <_get_handler_ctrl+0x9c>
		default: return NULL;
 8001fb6:	2300      	movs	r3, #0
	}
} 
 8001fb8:	4618      	mov	r0, r3
 8001fba:	370c      	adds	r7, #12
 8001fbc:	46bd      	mov	sp, r7
 8001fbe:	bc80      	pop	{r7}
 8001fc0:	4770      	bx	lr
 8001fc2:	bf00      	nop
 8001fc4:	080023bd 	.word	0x080023bd
 8001fc8:	080024c1 	.word	0x080024c1
 8001fcc:	0800250f 	.word	0x0800250f
 8001fd0:	0800255d 	.word	0x0800255d
 8001fd4:	08002571 	.word	0x08002571
 8001fd8:	080025fd 	.word	0x080025fd
 8001fdc:	08002699 	.word	0x08002699
 8001fe0:	080026e3 	.word	0x080026e3
 8001fe4:	08002731 	.word	0x08002731
 8001fe8:	08002799 	.word	0x08002799
 8001fec:	080027b1 	.word	0x080027b1

08001ff0 <_get_handler_pwm>:
static inline CanCmdHandler_t _get_handler_pwm(uint8_t cmd, const uint8_t dlc){
 8001ff0:	b480      	push	{r7}
 8001ff2:	b083      	sub	sp, #12
 8001ff4:	af00      	add	r7, sp, #0
 8001ff6:	4603      	mov	r3, r0
 8001ff8:	460a      	mov	r2, r1
 8001ffa:	71fb      	strb	r3, [r7, #7]
 8001ffc:	4613      	mov	r3, r2
 8001ffe:	71bb      	strb	r3, [r7, #6]
	switch(cmd){
 8002000:	79fb      	ldrb	r3, [r7, #7]
 8002002:	3b08      	subs	r3, #8
 8002004:	2b05      	cmp	r3, #5
 8002006:	d81b      	bhi.n	8002040 <_get_handler_pwm+0x50>
 8002008:	a201      	add	r2, pc, #4	; (adr r2, 8002010 <_get_handler_pwm+0x20>)
 800200a:	f852 f023 	ldr.w	pc, [r2, r3, lsl #2]
 800200e:	bf00      	nop
 8002010:	08002029 	.word	0x08002029
 8002014:	0800202d 	.word	0x0800202d
 8002018:	08002031 	.word	0x08002031
 800201c:	08002035 	.word	0x08002035
 8002020:	08002039 	.word	0x08002039
 8002024:	0800203d 	.word	0x0800203d
		case CMD_SET_PWM_BUTTON: return handler_pwm_button;
 8002028:	4b08      	ldr	r3, [pc, #32]	; (800204c <_get_handler_pwm+0x5c>)
 800202a:	e00a      	b.n	8002042 <_get_handler_pwm+0x52>
		case CMD_SET_PWM_DISPLAY: return handler_pwm_display;
 800202c:	4b08      	ldr	r3, [pc, #32]	; (8002050 <_get_handler_pwm+0x60>)
 800202e:	e008      	b.n	8002042 <_get_handler_pwm+0x52>
		case CMD_SET_PWM_ONOFF_DISPLAY: return handler_pwm_onoff_display;
 8002030:	4b08      	ldr	r3, [pc, #32]	; (8002054 <_get_handler_pwm+0x64>)
 8002032:	e006      	b.n	8002042 <_get_handler_pwm+0x52>
		case CMD_SET_PWM_BUTTON_RAW: return handler_pwm_button_raw;
 8002034:	4b08      	ldr	r3, [pc, #32]	; (8002058 <_get_handler_pwm+0x68>)
 8002036:	e004      	b.n	8002042 <_get_handler_pwm+0x52>
		case CMD_SET_PWM_DISPLAY_RAW: return handler_pwm_display_raw; 
 8002038:	4b08      	ldr	r3, [pc, #32]	; (800205c <_get_handler_pwm+0x6c>)
 800203a:	e002      	b.n	8002042 <_get_handler_pwm+0x52>
		case CMD_SET_PWM_SCALE2: return handler_pwm_scale2; 
 800203c:	4b08      	ldr	r3, [pc, #32]	; (8002060 <_get_handler_pwm+0x70>)
 800203e:	e000      	b.n	8002042 <_get_handler_pwm+0x52>
		default: return NULL;
 8002040:	2300      	movs	r3, #0
	}
}
 8002042:	4618      	mov	r0, r3
 8002044:	370c      	adds	r7, #12
 8002046:	46bd      	mov	sp, r7
 8002048:	bc80      	pop	{r7}
 800204a:	4770      	bx	lr
 800204c:	08002899 	.word	0x08002899
 8002050:	080028c9 	.word	0x080028c9
 8002054:	080028f9 	.word	0x080028f9
 8002058:	08002935 	.word	0x08002935
 800205c:	08002965 	.word	0x08002965
 8002060:	08002995 	.word	0x08002995

08002064 <_get_handler_read_state>:
static inline CanCmdHandler_t _get_handler_read_state(uint8_t cmd, const uint8_t dlc){
 8002064:	b480      	push	{r7}
 8002066:	b083      	sub	sp, #12
 8002068:	af00      	add	r7, sp, #0
 800206a:	4603      	mov	r3, r0
 800206c:	460a      	mov	r2, r1
 800206e:	71fb      	strb	r3, [r7, #7]
 8002070:	4613      	mov	r3, r2
 8002072:	71bb      	strb	r3, [r7, #6]
	if(dlc == 0) { return handler_read_all;};
 8002074:	79bb      	ldrb	r3, [r7, #6]
 8002076:	2b00      	cmp	r3, #0
 8002078:	d101      	bne.n	800207e <_get_handler_read_state+0x1a>
 800207a:	4b0c      	ldr	r3, [pc, #48]	; (80020ac <_get_handler_read_state+0x48>)
 800207c:	e010      	b.n	80020a0 <_get_handler_read_state+0x3c>
	switch(cmd){
 800207e:	79fb      	ldrb	r3, [r7, #7]
 8002080:	2b02      	cmp	r3, #2
 8002082:	d00a      	beq.n	800209a <_get_handler_read_state+0x36>
 8002084:	2b02      	cmp	r3, #2
 8002086:	dc0a      	bgt.n	800209e <_get_handler_read_state+0x3a>
 8002088:	2b00      	cmp	r3, #0
 800208a:	d002      	beq.n	8002092 <_get_handler_read_state+0x2e>
 800208c:	2b01      	cmp	r3, #1
 800208e:	d002      	beq.n	8002096 <_get_handler_read_state+0x32>
 8002090:	e005      	b.n	800209e <_get_handler_read_state+0x3a>
		case CMD_READ_ADC: return handler_read_adc;
 8002092:	4b07      	ldr	r3, [pc, #28]	; (80020b0 <_get_handler_read_state+0x4c>)
 8002094:	e004      	b.n	80020a0 <_get_handler_read_state+0x3c>
		case CMD_READ_BTN: return handler_read_btn;
 8002096:	4b07      	ldr	r3, [pc, #28]	; (80020b4 <_get_handler_read_state+0x50>)
 8002098:	e002      	b.n	80020a0 <_get_handler_read_state+0x3c>
		case CMD_READ_ENC: return handler_read_enc;
 800209a:	4b07      	ldr	r3, [pc, #28]	; (80020b8 <_get_handler_read_state+0x54>)
 800209c:	e000      	b.n	80020a0 <_get_handler_read_state+0x3c>
		default: return NULL;
 800209e:	2300      	movs	r3, #0
	}
}
 80020a0:	4618      	mov	r0, r3
 80020a2:	370c      	adds	r7, #12
 80020a4:	46bd      	mov	sp, r7
 80020a6:	bc80      	pop	{r7}
 80020a8:	4770      	bx	lr
 80020aa:	bf00      	nop
 80020ac:	080029c5 	.word	0x080029c5
 80020b0:	080029e5 	.word	0x080029e5
 80020b4:	080029fb 	.word	0x080029fb
 80020b8:	08002a11 	.word	0x08002a11

080020bc <_get_handler_setting>:
static inline CanCmdHandler_t _get_handler_setting(uint8_t cmd, const uint8_t dlc){
 80020bc:	b480      	push	{r7}
 80020be:	b083      	sub	sp, #12
 80020c0:	af00      	add	r7, sp, #0
 80020c2:	4603      	mov	r3, r0
 80020c4:	460a      	mov	r2, r1
 80020c6:	71fb      	strb	r3, [r7, #7]
 80020c8:	4613      	mov	r3, r2
 80020ca:	71bb      	strb	r3, [r7, #6]
	switch(dlc){
 80020cc:	79bb      	ldrb	r3, [r7, #6]
 80020ce:	3b02      	subs	r3, #2
 80020d0:	2b06      	cmp	r3, #6
 80020d2:	d819      	bhi.n	8002108 <_get_handler_setting+0x4c>
 80020d4:	a201      	add	r2, pc, #4	; (adr r2, 80020dc <_get_handler_setting+0x20>)
 80020d6:	f852 f023 	ldr.w	pc, [r2, r3, lsl #2]
 80020da:	bf00      	nop
 80020dc:	080020f9 	.word	0x080020f9
 80020e0:	08002109 	.word	0x08002109
 80020e4:	08002109 	.word	0x08002109
 80020e8:	080020fd 	.word	0x080020fd
 80020ec:	08002101 	.word	0x08002101
 80020f0:	08002109 	.word	0x08002109
 80020f4:	08002105 	.word	0x08002105
		case SIZE_CMD_NEW_SETTING_ADC: return handler_wr_setting_adc;
 80020f8:	4b06      	ldr	r3, [pc, #24]	; (8002114 <_get_handler_setting+0x58>)
 80020fa:	e006      	b.n	800210a <_get_handler_setting+0x4e>
		case SIZE_CMD_NEW_SETTING_PWM: return handler_wr_setting_pwm;
 80020fc:	4b06      	ldr	r3, [pc, #24]	; (8002118 <_get_handler_setting+0x5c>)
 80020fe:	e004      	b.n	800210a <_get_handler_setting+0x4e>
		case SIZE_CMD_NEW_SETTING_PWM2: return handler_wr_setting_pwm2;
 8002100:	4b06      	ldr	r3, [pc, #24]	; (800211c <_get_handler_setting+0x60>)
 8002102:	e002      	b.n	800210a <_get_handler_setting+0x4e>
		case size_CMD_NEW_SETTING_DLC8: return handler_wr_setting_dlc8;
 8002104:	4b06      	ldr	r3, [pc, #24]	; (8002120 <_get_handler_setting+0x64>)
 8002106:	e000      	b.n	800210a <_get_handler_setting+0x4e>
		default: return NULL;
 8002108:	2300      	movs	r3, #0
	}
}
 800210a:	4618      	mov	r0, r3
 800210c:	370c      	adds	r7, #12
 800210e:	46bd      	mov	sp, r7
 8002110:	bc80      	pop	{r7}
 8002112:	4770      	bx	lr
 8002114:	08002a29 	.word	0x08002a29
 8002118:	08002a97 	.word	0x08002a97
 800211c:	08002b3d 	.word	0x08002b3d
 8002120:	08002bab 	.word	0x08002bab

08002124 <_check_ctrl_cmd>:

static inline ObmenStatus_t _check_ctrl_cmd(const CanCmdCtx_t* ctx, uint8_t dlc){
 8002124:	b480      	push	{r7}
 8002126:	b085      	sub	sp, #20
 8002128:	af00      	add	r7, sp, #0
 800212a:	6078      	str	r0, [r7, #4]
 800212c:	460b      	mov	r3, r1
 800212e:	70fb      	strb	r3, [r7, #3]
	if(ctx->frame->dlc != dlc) return OBMEN_STATUS_INVALID_DLC;
 8002130:	687b      	ldr	r3, [r7, #4]
 8002132:	681b      	ldr	r3, [r3, #0]
 8002134:	7c1b      	ldrb	r3, [r3, #16]
 8002136:	78fa      	ldrb	r2, [r7, #3]
 8002138:	429a      	cmp	r2, r3
 800213a:	d001      	beq.n	8002140 <_check_ctrl_cmd+0x1c>
 800213c:	2304      	movs	r3, #4
 800213e:	e016      	b.n	800216e <_check_ctrl_cmd+0x4a>
	// проверяем на совпадение с физическим id и то что режим сервиса включен
	if(obmen_state.is_run_service_mode == false) return OBMEN_STATUS_INVALID_FLAG;
 8002140:	4b0d      	ldr	r3, [pc, #52]	; (8002178 <_check_ctrl_cmd+0x54>)
 8002142:	f893 3044 	ldrb.w	r3, [r3, #68]	; 0x44
 8002146:	f083 0301 	eor.w	r3, r3, #1
 800214a:	b2db      	uxtb	r3, r3
 800214c:	2b00      	cmp	r3, #0
 800214e:	d001      	beq.n	8002154 <_check_ctrl_cmd+0x30>
 8002150:	2305      	movs	r3, #5
 8002152:	e00c      	b.n	800216e <_check_ctrl_cmd+0x4a>
	const uint32_t readed_ph_id = (uint32_t)ctx->data[1];
 8002154:	687b      	ldr	r3, [r7, #4]
 8002156:	685b      	ldr	r3, [r3, #4]
 8002158:	3301      	adds	r3, #1
 800215a:	781b      	ldrb	r3, [r3, #0]
 800215c:	60fb      	str	r3, [r7, #12]
	if(readed_ph_id != obmen_state.id_can_physical) return OBMEN_STATUS_INVALID_ID;
 800215e:	4b06      	ldr	r3, [pc, #24]	; (8002178 <_check_ctrl_cmd+0x54>)
 8002160:	685b      	ldr	r3, [r3, #4]
 8002162:	68fa      	ldr	r2, [r7, #12]
 8002164:	429a      	cmp	r2, r3
 8002166:	d001      	beq.n	800216c <_check_ctrl_cmd+0x48>
 8002168:	2302      	movs	r3, #2
 800216a:	e000      	b.n	800216e <_check_ctrl_cmd+0x4a>
	return OBMEN_STATUS_OK;
 800216c:	2300      	movs	r3, #0
}
 800216e:	4618      	mov	r0, r3
 8002170:	3714      	adds	r7, #20
 8002172:	46bd      	mov	sp, r7
 8002174:	bc80      	pop	{r7}
 8002176:	4770      	bx	lr
 8002178:	20000724 	.word	0x20000724

0800217c <obmen>:


ObmenStatus_t obmen(){
 800217c:	b580      	push	{r7, lr}
 800217e:	b094      	sub	sp, #80	; 0x50
 8002180:	af00      	add	r7, sp, #0
	if(canBufGetData( getRxBuf(),  &obmen_state.rx_frame[0]) == SUCCESS){
 8002182:	f001 f9c1 	bl	8003508 <getRxBuf>
 8002186:	4603      	mov	r3, r0
 8002188:	4987      	ldr	r1, [pc, #540]	; (80023a8 <obmen+0x22c>)
 800218a:	4618      	mov	r0, r3
 800218c:	f001 fe1f 	bl	8003dce <canBufGetData>
 8002190:	4603      	mov	r3, r0
 8002192:	2b01      	cmp	r3, #1
 8002194:	f040 8103 	bne.w	800239e <obmen+0x222>
		
		if(obmen_state.rx_frame[0].IDE == CAN_ID_EXT) return OBMEN_STATUS_INVALID_FORMAT;
 8002198:	4b84      	ldr	r3, [pc, #528]	; (80023ac <obmen+0x230>)
 800219a:	f893 3039 	ldrb.w	r3, [r3, #57]	; 0x39
 800219e:	2b01      	cmp	r3, #1
 80021a0:	d101      	bne.n	80021a6 <obmen+0x2a>
 80021a2:	2306      	movs	r3, #6
 80021a4:	e0fc      	b.n	80023a0 <obmen+0x224>
        // сортируем по id 
		const int id_index = _get_bus_index(obmen_state.rx_frame[0].id, obmen_state.id_can_logic);
 80021a6:	4b81      	ldr	r3, [pc, #516]	; (80023ac <obmen+0x230>)
 80021a8:	6a9a      	ldr	r2, [r3, #40]	; 0x28
 80021aa:	4b80      	ldr	r3, [pc, #512]	; (80023ac <obmen+0x230>)
 80021ac:	681b      	ldr	r3, [r3, #0]
 80021ae:	643a      	str	r2, [r7, #64]	; 0x40
 80021b0:	63fb      	str	r3, [r7, #60]	; 0x3c
    const uint32_t base_id = id & CAN_BASE_MASK;
 80021b2:	6c3b      	ldr	r3, [r7, #64]	; 0x40
 80021b4:	f023 031f 	bic.w	r3, r3, #31
 80021b8:	63bb      	str	r3, [r7, #56]	; 0x38
    const uint32_t offset = id & CAN_ID_MASK;
 80021ba:	6c3b      	ldr	r3, [r7, #64]	; 0x40
 80021bc:	f003 031f 	and.w	r3, r3, #31
 80021c0:	637b      	str	r3, [r7, #52]	; 0x34
    if ((offset != logic_id)&&(offset != 0)) {
 80021c2:	6bfa      	ldr	r2, [r7, #60]	; 0x3c
 80021c4:	6b7b      	ldr	r3, [r7, #52]	; 0x34
 80021c6:	429a      	cmp	r2, r3
 80021c8:	d005      	beq.n	80021d6 <obmen+0x5a>
 80021ca:	6b7b      	ldr	r3, [r7, #52]	; 0x34
 80021cc:	2b00      	cmp	r3, #0
 80021ce:	d002      	beq.n	80021d6 <obmen+0x5a>
        return -1;  
 80021d0:	f04f 33ff 	mov.w	r3, #4294967295	; 0xffffffff
 80021d4:	e022      	b.n	800221c <obmen+0xa0>
    switch (base_id) {
 80021d6:	6bbb      	ldr	r3, [r7, #56]	; 0x38
 80021d8:	f5b3 7f68 	cmp.w	r3, #928	; 0x3a0
 80021dc:	d016      	beq.n	800220c <obmen+0x90>
 80021de:	6bbb      	ldr	r3, [r7, #56]	; 0x38
 80021e0:	f5b3 7f68 	cmp.w	r3, #928	; 0x3a0
 80021e4:	d818      	bhi.n	8002218 <obmen+0x9c>
 80021e6:	6bbb      	ldr	r3, [r7, #56]	; 0x38
 80021e8:	f5b3 7f58 	cmp.w	r3, #864	; 0x360
 80021ec:	d012      	beq.n	8002214 <obmen+0x98>
 80021ee:	6bbb      	ldr	r3, [r7, #56]	; 0x38
 80021f0:	f5b3 7f58 	cmp.w	r3, #864	; 0x360
 80021f4:	d810      	bhi.n	8002218 <obmen+0x9c>
 80021f6:	6bbb      	ldr	r3, [r7, #56]	; 0x38
 80021f8:	f5b3 7f80 	cmp.w	r3, #256	; 0x100
 80021fc:	d004      	beq.n	8002208 <obmen+0x8c>
 80021fe:	6bbb      	ldr	r3, [r7, #56]	; 0x38
 8002200:	f5b3 7f40 	cmp.w	r3, #768	; 0x300
 8002204:	d004      	beq.n	8002210 <obmen+0x94>
 8002206:	e007      	b.n	8002218 <obmen+0x9c>
        case CAN_RX_ID_CTRL:    return 0;
 8002208:	2300      	movs	r3, #0
 800220a:	e007      	b.n	800221c <obmen+0xa0>
        case CAN_RX_ID_READ:    return 1;
 800220c:	2301      	movs	r3, #1
 800220e:	e005      	b.n	800221c <obmen+0xa0>
        case CAN_RX_ID_PWM:     return 2;
 8002210:	2302      	movs	r3, #2
 8002212:	e003      	b.n	800221c <obmen+0xa0>
        case CAN_RX_ID_SETTING: return 3;
 8002214:	2303      	movs	r3, #3
 8002216:	e001      	b.n	800221c <obmen+0xa0>
        default: return -1;
 8002218:	f04f 33ff 	mov.w	r3, #4294967295	; 0xffffffff
		const int id_index = _get_bus_index(obmen_state.rx_frame[0].id, obmen_state.id_can_logic);
 800221c:	64fb      	str	r3, [r7, #76]	; 0x4c
		if(id_index < 0) return OBMEN_STATUS_INVALID_ID;
 800221e:	6cfb      	ldr	r3, [r7, #76]	; 0x4c
 8002220:	2b00      	cmp	r3, #0
 8002222:	da01      	bge.n	8002228 <obmen+0xac>
 8002224:	2302      	movs	r3, #2
 8002226:	e0bb      	b.n	80023a0 <obmen+0x224>
		//распаковываем в буфер данных для обработки 
		const uint8_t dlc = unpack_can_data_be(obmen_state.rx_frame[0].data, obmen_state.rx_data, obmen_state.rx_frame[0].dlc);
 8002228:	4b60      	ldr	r3, [pc, #384]	; (80023ac <obmen+0x230>)
 800222a:	f893 2038 	ldrb.w	r2, [r3, #56]	; 0x38
 800222e:	4b60      	ldr	r3, [pc, #384]	; (80023b0 <obmen+0x234>)
 8002230:	62bb      	str	r3, [r7, #40]	; 0x28
 8002232:	4b60      	ldr	r3, [pc, #384]	; (80023b4 <obmen+0x238>)
 8002234:	627b      	str	r3, [r7, #36]	; 0x24
 8002236:	4613      	mov	r3, r2
 8002238:	f887 3023 	strb.w	r3, [r7, #35]	; 0x23
    uint8_t len = (dlc > 8) ? 8 : dlc;
 800223c:	f897 3023 	ldrb.w	r3, [r7, #35]	; 0x23
 8002240:	2b08      	cmp	r3, #8
 8002242:	bf28      	it	cs
 8002244:	2308      	movcs	r3, #8
 8002246:	f887 3022 	strb.w	r3, [r7, #34]	; 0x22
    if (len == 0 || dst == NULL) return 0;
 800224a:	f897 3022 	ldrb.w	r3, [r7, #34]	; 0x22
 800224e:	2b00      	cmp	r3, #0
 8002250:	d002      	beq.n	8002258 <obmen+0xdc>
 8002252:	6a7b      	ldr	r3, [r7, #36]	; 0x24
 8002254:	2b00      	cmp	r3, #0
 8002256:	d101      	bne.n	800225c <obmen+0xe0>
 8002258:	2300      	movs	r3, #0
 800225a:	e03d      	b.n	80022d8 <obmen+0x15c>
 800225c:	6abb      	ldr	r3, [r7, #40]	; 0x28
 800225e:	681b      	ldr	r3, [r3, #0]
    memcpy(&w0, src, sizeof(w0));
 8002260:	60bb      	str	r3, [r7, #8]
    memcpy(&w1, src + 1, sizeof(w1));  //src + 1 или &src[1] — это адрес!
 8002262:	6abb      	ldr	r3, [r7, #40]	; 0x28
 8002264:	3304      	adds	r3, #4
 8002266:	681b      	ldr	r3, [r3, #0]
 8002268:	607b      	str	r3, [r7, #4]
    w0 = __REV(w0);
 800226a:	68bb      	ldr	r3, [r7, #8]
 800226c:	61fb      	str	r3, [r7, #28]
    \return               Reversed value
 */
__attribute__( ( always_inline ) ) __STATIC_INLINE uint32_t __REV(uint32_t value)
{
#if (__GNUC__ > 4) || (__GNUC__ == 4 && __GNUC_MINOR__ >= 5)
  return __builtin_bswap32(value);
 800226e:	69fb      	ldr	r3, [r7, #28]
 8002270:	ba1b      	rev	r3, r3
 8002272:	60bb      	str	r3, [r7, #8]
    w1 = __REV(w1);
 8002274:	687b      	ldr	r3, [r7, #4]
 8002276:	61bb      	str	r3, [r7, #24]
 8002278:	69bb      	ldr	r3, [r7, #24]
 800227a:	ba1b      	rev	r3, r3
 800227c:	607b      	str	r3, [r7, #4]
    uint8_t first_copy = (len < 4) ? len : 4;
 800227e:	f897 3022 	ldrb.w	r3, [r7, #34]	; 0x22
 8002282:	2b04      	cmp	r3, #4
 8002284:	bf28      	it	cs
 8002286:	2304      	movcs	r3, #4
 8002288:	75fb      	strb	r3, [r7, #23]
    memcpy(dst, &w0, first_copy);
 800228a:	7dfa      	ldrb	r2, [r7, #23]
 800228c:	f107 0308 	add.w	r3, r7, #8
 8002290:	4619      	mov	r1, r3
 8002292:	6a78      	ldr	r0, [r7, #36]	; 0x24
 8002294:	f004 f926 	bl	80064e4 <memcpy>
    if (len > 4) {
 8002298:	f897 3022 	ldrb.w	r3, [r7, #34]	; 0x22
 800229c:	2b04      	cmp	r3, #4
 800229e:	d909      	bls.n	80022b4 <obmen+0x138>
        memcpy(dst + 4, &w1, len - 4);
 80022a0:	6a7b      	ldr	r3, [r7, #36]	; 0x24
 80022a2:	1d18      	adds	r0, r3, #4
 80022a4:	f897 3022 	ldrb.w	r3, [r7, #34]	; 0x22
 80022a8:	3b04      	subs	r3, #4
 80022aa:	461a      	mov	r2, r3
 80022ac:	1d3b      	adds	r3, r7, #4
 80022ae:	4619      	mov	r1, r3
 80022b0:	f004 f918 	bl	80064e4 <memcpy>
    if (len < 8) {
 80022b4:	f897 3022 	ldrb.w	r3, [r7, #34]	; 0x22
 80022b8:	2b07      	cmp	r3, #7
 80022ba:	d80b      	bhi.n	80022d4 <obmen+0x158>
        memset(dst + len, 0, 8 - len);
 80022bc:	f897 3022 	ldrb.w	r3, [r7, #34]	; 0x22
 80022c0:	6a7a      	ldr	r2, [r7, #36]	; 0x24
 80022c2:	18d0      	adds	r0, r2, r3
 80022c4:	f897 3022 	ldrb.w	r3, [r7, #34]	; 0x22
 80022c8:	f1c3 0308 	rsb	r3, r3, #8
 80022cc:	461a      	mov	r2, r3
 80022ce:	2100      	movs	r1, #0
 80022d0:	f004 f97e 	bl	80065d0 <memset>
    return len;
 80022d4:	f897 3022 	ldrb.w	r3, [r7, #34]	; 0x22
		const uint8_t dlc = unpack_can_data_be(obmen_state.rx_frame[0].data, obmen_state.rx_data, obmen_state.rx_frame[0].dlc);
 80022d8:	f887 304b 	strb.w	r3, [r7, #75]	; 0x4b
		(void)dlc; 
		// определяем обработчик 
		const CanCmdHandler_t handler = _get_handler(id_index, obmen_state.rx_data[0], obmen_state.rx_frame[0].dlc);
 80022dc:	4b33      	ldr	r3, [pc, #204]	; (80023ac <obmen+0x230>)
 80022de:	f893 103c 	ldrb.w	r1, [r3, #60]	; 0x3c
 80022e2:	4b32      	ldr	r3, [pc, #200]	; (80023ac <obmen+0x230>)
 80022e4:	f893 2038 	ldrb.w	r2, [r3, #56]	; 0x38
 80022e8:	6cfb      	ldr	r3, [r7, #76]	; 0x4c
 80022ea:	633b      	str	r3, [r7, #48]	; 0x30
 80022ec:	460b      	mov	r3, r1
 80022ee:	f887 302f 	strb.w	r3, [r7, #47]	; 0x2f
 80022f2:	4613      	mov	r3, r2
 80022f4:	f887 302e 	strb.w	r3, [r7, #46]	; 0x2e
	if ((id_index < 0)||(id_index >= OBMEN_MAX_ID_TYPE)) return NULL;
 80022f8:	6b3b      	ldr	r3, [r7, #48]	; 0x30
 80022fa:	2b00      	cmp	r3, #0
 80022fc:	db02      	blt.n	8002304 <obmen+0x188>
 80022fe:	6b3b      	ldr	r3, [r7, #48]	; 0x30
 8002300:	2b03      	cmp	r3, #3
 8002302:	dd01      	ble.n	8002308 <obmen+0x18c>
 8002304:	2300      	movs	r3, #0
 8002306:	e036      	b.n	8002376 <obmen+0x1fa>
	switch(id_index) {
 8002308:	6b3b      	ldr	r3, [r7, #48]	; 0x30
 800230a:	2b03      	cmp	r3, #3
 800230c:	d832      	bhi.n	8002374 <obmen+0x1f8>
 800230e:	a201      	add	r2, pc, #4	; (adr r2, 8002314 <obmen+0x198>)
 8002310:	f852 f023 	ldr.w	pc, [r2, r3, lsl #2]
 8002314:	08002325 	.word	0x08002325
 8002318:	08002339 	.word	0x08002339
 800231c:	0800234d 	.word	0x0800234d
 8002320:	08002361 	.word	0x08002361
		case 0: return _get_handler_ctrl(cmd, dlc);
 8002324:	f897 202e 	ldrb.w	r2, [r7, #46]	; 0x2e
 8002328:	f897 302f 	ldrb.w	r3, [r7, #47]	; 0x2f
 800232c:	4611      	mov	r1, r2
 800232e:	4618      	mov	r0, r3
 8002330:	f7ff fdf4 	bl	8001f1c <_get_handler_ctrl>
 8002334:	4603      	mov	r3, r0
 8002336:	e01e      	b.n	8002376 <obmen+0x1fa>
		case 1: return _get_handler_read_state(cmd, dlc); 
 8002338:	f897 202e 	ldrb.w	r2, [r7, #46]	; 0x2e
 800233c:	f897 302f 	ldrb.w	r3, [r7, #47]	; 0x2f
 8002340:	4611      	mov	r1, r2
 8002342:	4618      	mov	r0, r3
 8002344:	f7ff fe8e 	bl	8002064 <_get_handler_read_state>
 8002348:	4603      	mov	r3, r0
 800234a:	e014      	b.n	8002376 <obmen+0x1fa>
		case 2: return _get_handler_pwm(cmd, dlc);
 800234c:	f897 202e 	ldrb.w	r2, [r7, #46]	; 0x2e
 8002350:	f897 302f 	ldrb.w	r3, [r7, #47]	; 0x2f
 8002354:	4611      	mov	r1, r2
 8002356:	4618      	mov	r0, r3
 8002358:	f7ff fe4a 	bl	8001ff0 <_get_handler_pwm>
 800235c:	4603      	mov	r3, r0
 800235e:	e00a      	b.n	8002376 <obmen+0x1fa>
		case 3: return _get_handler_setting(cmd, dlc);
 8002360:	f897 202e 	ldrb.w	r2, [r7, #46]	; 0x2e
 8002364:	f897 302f 	ldrb.w	r3, [r7, #47]	; 0x2f
 8002368:	4611      	mov	r1, r2
 800236a:	4618      	mov	r0, r3
 800236c:	f7ff fea6 	bl	80020bc <_get_handler_setting>
 8002370:	4603      	mov	r3, r0
 8002372:	e000      	b.n	8002376 <obmen+0x1fa>
		default: return NULL;
 8002374:	2300      	movs	r3, #0
		const CanCmdHandler_t handler = _get_handler(id_index, obmen_state.rx_data[0], obmen_state.rx_frame[0].dlc);
 8002376:	647b      	str	r3, [r7, #68]	; 0x44
		if(handler == NULL) return OBMEN_STATUS_INVALID_HANDLER;
 8002378:	6c7b      	ldr	r3, [r7, #68]	; 0x44
 800237a:	2b00      	cmp	r3, #0
 800237c:	d101      	bne.n	8002382 <obmen+0x206>
 800237e:	2307      	movs	r3, #7
 8002380:	e00e      	b.n	80023a0 <obmen+0x224>
		// вызываем обработчик 
		const CanCmdCtx_t ctx = {
 8002382:	4a0d      	ldr	r2, [pc, #52]	; (80023b8 <obmen+0x23c>)
 8002384:	f107 030c 	add.w	r3, r7, #12
 8002388:	e892 0003 	ldmia.w	r2, {r0, r1}
 800238c:	e883 0003 	stmia.w	r3, {r0, r1}
			.frame = &obmen_state.rx_frame[0],
			.data = obmen_state.rx_data
		};
		return handler(&ctx);
 8002390:	f107 020c 	add.w	r2, r7, #12
 8002394:	6c7b      	ldr	r3, [r7, #68]	; 0x44
 8002396:	4610      	mov	r0, r2
 8002398:	4798      	blx	r3
 800239a:	4603      	mov	r3, r0
 800239c:	e000      	b.n	80023a0 <obmen+0x224>
	}
	return OBMEN_STATUS_NO_DATA; 
 800239e:	2308      	movs	r3, #8
}
 80023a0:	4618      	mov	r0, r3
 80023a2:	3750      	adds	r7, #80	; 0x50
 80023a4:	46bd      	mov	sp, r7
 80023a6:	bd80      	pop	{r7, pc}
 80023a8:	2000074c 	.word	0x2000074c
 80023ac:	20000724 	.word	0x20000724
 80023b0:	20000754 	.word	0x20000754
 80023b4:	20000760 	.word	0x20000760
 80023b8:	08006688 	.word	0x08006688

080023bc <handler_ctrl_service>:

// handlers
static ObmenStatus_t handler_ctrl_service(const CanCmdCtx_t* ctx){
 80023bc:	b580      	push	{r7, lr}
 80023be:	b090      	sub	sp, #64	; 0x40
 80023c0:	af02      	add	r7, sp, #8
 80023c2:	6078      	str	r0, [r7, #4]
	// вариант команд:
	// 1) [00] [01]
	// 2) [00] [02]
	// 3) [00] [04]
	// 4) [00] [05]
	if(ctx->frame->dlc != 2) return OBMEN_STATUS_INVALID_DLC;
 80023c4:	687b      	ldr	r3, [r7, #4]
 80023c6:	681b      	ldr	r3, [r3, #0]
 80023c8:	7c1b      	ldrb	r3, [r3, #16]
 80023ca:	2b02      	cmp	r3, #2
 80023cc:	d001      	beq.n	80023d2 <handler_ctrl_service+0x16>
 80023ce:	2304      	movs	r3, #4
 80023d0:	e06f      	b.n	80024b2 <handler_ctrl_service+0xf6>
	const uint8_t param_1 = ctx->data[1]; 
 80023d2:	687b      	ldr	r3, [r7, #4]
 80023d4:	685b      	ldr	r3, [r3, #4]
 80023d6:	785b      	ldrb	r3, [r3, #1]
 80023d8:	f887 3037 	strb.w	r3, [r7, #55]	; 0x37
	switch(param_1){
 80023dc:	f897 3037 	ldrb.w	r3, [r7, #55]	; 0x37
 80023e0:	3b01      	subs	r3, #1
 80023e2:	2b04      	cmp	r3, #4
 80023e4:	d818      	bhi.n	8002418 <handler_ctrl_service+0x5c>
 80023e6:	a201      	add	r2, pc, #4	; (adr r2, 80023ec <handler_ctrl_service+0x30>)
 80023e8:	f852 f023 	ldr.w	pc, [r2, r3, lsl #2]
 80023ec:	0800241d 	.word	0x0800241d
 80023f0:	08002401 	.word	0x08002401
 80023f4:	08002419 	.word	0x08002419
 80023f8:	08002405 	.word	0x08002405
 80023fc:	0800240f 	.word	0x0800240f
		case 1: break;
		case 2: NVIC_SystemReset(); __builtin_unreachable(); break;
 8002400:	f7ff fd38 	bl	8001e74 <NVIC_SystemReset>
		case 4: obmen_state.is_run_service_mode = true; break;
 8002404:	4b2d      	ldr	r3, [pc, #180]	; (80024bc <handler_ctrl_service+0x100>)
 8002406:	2201      	movs	r2, #1
 8002408:	f883 2044 	strb.w	r2, [r3, #68]	; 0x44
 800240c:	e007      	b.n	800241e <handler_ctrl_service+0x62>
		case 5: obmen_state.is_run_service_mode = false; break;
 800240e:	4b2b      	ldr	r3, [pc, #172]	; (80024bc <handler_ctrl_service+0x100>)
 8002410:	2200      	movs	r2, #0
 8002412:	f883 2044 	strb.w	r2, [r3, #68]	; 0x44
 8002416:	e002      	b.n	800241e <handler_ctrl_service+0x62>
		default: return OBMEN_STATUS_INVALID_CMD;
 8002418:	2303      	movs	r3, #3
 800241a:	e04a      	b.n	80024b2 <handler_ctrl_service+0xf6>
		case 1: break;
 800241c:	bf00      	nop
	}
	can_frame frame; 
	config_union* cfg = getPtrCfg(); 
 800241e:	f001 f82b 	bl	8003478 <getPtrCfg>
 8002422:	6338      	str	r0, [r7, #48]	; 0x30
	const uint8_t typeDevice = (uint8_t)cfg->config_struct.type_device; 
 8002424:	6b3b      	ldr	r3, [r7, #48]	; 0x30
 8002426:	68db      	ldr	r3, [r3, #12]
 8002428:	f887 302f 	strb.w	r3, [r7, #47]	; 0x2f
	const uint8_t version_protokol = (uint8_t)cfg->config_struct.version_protokol;
 800242c:	6b3b      	ldr	r3, [r7, #48]	; 0x30
 800242e:	691b      	ldr	r3, [r3, #16]
 8002430:	f887 302e 	strb.w	r3, [r7, #46]	; 0x2e
	uint32_t data  = (typeDevice << 16) | (version_protokol << 8);
 8002434:	f897 302f 	ldrb.w	r3, [r7, #47]	; 0x2f
 8002438:	041a      	lsls	r2, r3, #16
 800243a:	f897 302e 	ldrb.w	r3, [r7, #46]	; 0x2e
 800243e:	021b      	lsls	r3, r3, #8
 8002440:	4313      	orrs	r3, r2
 8002442:	62bb      	str	r3, [r7, #40]	; 0x28
	data |= obmen_state.is_run_service_mode? 0x00000001: 0x00000000;
 8002444:	4b1d      	ldr	r3, [pc, #116]	; (80024bc <handler_ctrl_service+0x100>)
 8002446:	f893 3044 	ldrb.w	r3, [r3, #68]	; 0x44
 800244a:	2b00      	cmp	r3, #0
 800244c:	d001      	beq.n	8002452 <handler_ctrl_service+0x96>
 800244e:	2301      	movs	r3, #1
 8002450:	e000      	b.n	8002454 <handler_ctrl_service+0x98>
 8002452:	2300      	movs	r3, #0
 8002454:	6aba      	ldr	r2, [r7, #40]	; 0x28
 8002456:	4313      	orrs	r3, r2
 8002458:	62bb      	str	r3, [r7, #40]	; 0x28
	const uint32_t id_can_physic = (uint32_t)(cfg->config_struct.id_can_physic<<24);
 800245a:	6b3b      	ldr	r3, [r7, #48]	; 0x30
 800245c:	689b      	ldr	r3, [r3, #8]
 800245e:	061b      	lsls	r3, r3, #24
 8002460:	627b      	str	r3, [r7, #36]	; 0x24
	
	initFrame(&frame, obmen_state.id_msg_tx[0], data, id_can_physic, 5, CAN_ID_STD); 
 8002462:	4b16      	ldr	r3, [pc, #88]	; (80024bc <handler_ctrl_service+0x100>)
 8002464:	6999      	ldr	r1, [r3, #24]
 8002466:	f107 0008 	add.w	r0, r7, #8
 800246a:	2300      	movs	r3, #0
 800246c:	9301      	str	r3, [sp, #4]
 800246e:	2305      	movs	r3, #5
 8002470:	9300      	str	r3, [sp, #0]
 8002472:	6a7b      	ldr	r3, [r7, #36]	; 0x24
 8002474:	6aba      	ldr	r2, [r7, #40]	; 0x28
 8002476:	f001 fc43 	bl	8003d00 <initFrame>
 800247a:	f107 0308 	add.w	r3, r7, #8
 800247e:	61fb      	str	r3, [r7, #28]
	if(frame == NULL) { return false; }	
 8002480:	69fb      	ldr	r3, [r7, #28]
 8002482:	2b00      	cmp	r3, #0
 8002484:	d101      	bne.n	800248a <handler_ctrl_service+0xce>
 8002486:	2300      	movs	r3, #0
 8002488:	e00c      	b.n	80024a4 <handler_ctrl_service+0xe8>
	if(canBufAddData (getTxBuf(), frame) == SUCCESS){ return true; }
 800248a:	f001 f847 	bl	800351c <getTxBuf>
 800248e:	4603      	mov	r3, r0
 8002490:	69f9      	ldr	r1, [r7, #28]
 8002492:	4618      	mov	r0, r3
 8002494:	f001 fc58 	bl	8003d48 <canBufAddData>
 8002498:	4603      	mov	r3, r0
 800249a:	2b01      	cmp	r3, #1
 800249c:	d101      	bne.n	80024a2 <handler_ctrl_service+0xe6>
 800249e:	2301      	movs	r3, #1
 80024a0:	e000      	b.n	80024a4 <handler_ctrl_service+0xe8>
		return false;
 80024a2:	2300      	movs	r3, #0
	ObmenStatus_t result  = _sendFrame(&frame)? OBMEN_STATUS_OK : OBMEN_STATUS_ERROR;
 80024a4:	f083 0301 	eor.w	r3, r3, #1
 80024a8:	b2db      	uxtb	r3, r3
 80024aa:	f887 3023 	strb.w	r3, [r7, #35]	; 0x23
	return result;
 80024ae:	f897 3023 	ldrb.w	r3, [r7, #35]	; 0x23
}
 80024b2:	4618      	mov	r0, r3
 80024b4:	3738      	adds	r7, #56	; 0x38
 80024b6:	46bd      	mov	sp, r7
 80024b8:	bd80      	pop	{r7, pc}
 80024ba:	bf00      	nop
 80024bc:	20000724 	.word	0x20000724

080024c0 <handler_ctrl_set_log_id>:
static ObmenStatus_t handler_ctrl_set_log_id(const CanCmdCtx_t* ctx){
 80024c0:	b580      	push	{r7, lr}
 80024c2:	b086      	sub	sp, #24
 80024c4:	af00      	add	r7, sp, #0
 80024c6:	6078      	str	r0, [r7, #4]
	// установка лог ид
	// должны получить [ 01 ] [ физический id ] [ новый логический id ]
	ObmenStatus_t result = _check_ctrl_cmd(ctx, 3);
 80024c8:	2103      	movs	r1, #3
 80024ca:	6878      	ldr	r0, [r7, #4]
 80024cc:	f7ff fe2a 	bl	8002124 <_check_ctrl_cmd>
 80024d0:	4603      	mov	r3, r0
 80024d2:	75fb      	strb	r3, [r7, #23]
	if(result != OBMEN_STATUS_OK) return result;
 80024d4:	7dfb      	ldrb	r3, [r7, #23]
 80024d6:	2b00      	cmp	r3, #0
 80024d8:	d001      	beq.n	80024de <handler_ctrl_set_log_id+0x1e>
 80024da:	7dfb      	ldrb	r3, [r7, #23]
 80024dc:	e013      	b.n	8002506 <handler_ctrl_set_log_id+0x46>
	
	const uint32_t new_log_id = (uint32_t)ctx->data[2];
 80024de:	687b      	ldr	r3, [r7, #4]
 80024e0:	685b      	ldr	r3, [r3, #4]
 80024e2:	3302      	adds	r3, #2
 80024e4:	781b      	ldrb	r3, [r3, #0]
 80024e6:	613b      	str	r3, [r7, #16]
	config_union* cfg = getPtrCfg();
 80024e8:	f000 ffc6 	bl	8003478 <getPtrCfg>
 80024ec:	60f8      	str	r0, [r7, #12]
	int result_wr = setConfigParameter(cfg, (int)CONFIG_INDEX_ID_CAN_LOGIC, new_log_id); 
 80024ee:	693a      	ldr	r2, [r7, #16]
 80024f0:	2101      	movs	r1, #1
 80024f2:	68f8      	ldr	r0, [r7, #12]
 80024f4:	f001 ff02 	bl	80042fc <setConfigParameter>
 80024f8:	60b8      	str	r0, [r7, #8]
	sendResult(result_wr);
 80024fa:	68b8      	ldr	r0, [r7, #8]
 80024fc:	f000 fba4 	bl	8002c48 <sendResult>
	// переинициализируем плату с новыми id 
	boardInit(); 
 8002500:	f000 ff1e 	bl	8003340 <boardInit>
	return OBMEN_STATUS_OK;
 8002504:	2300      	movs	r3, #0
}
 8002506:	4618      	mov	r0, r3
 8002508:	3718      	adds	r7, #24
 800250a:	46bd      	mov	sp, r7
 800250c:	bd80      	pop	{r7, pc}

0800250e <handler_ctrl_set_phy_id>:
static ObmenStatus_t handler_ctrl_set_phy_id(const CanCmdCtx_t* ctx){
 800250e:	b580      	push	{r7, lr}
 8002510:	b086      	sub	sp, #24
 8002512:	af00      	add	r7, sp, #0
 8002514:	6078      	str	r0, [r7, #4]
	// установка физ ид
	// должны получить [ 02 ] [ физический id ] [ новый физический id ]
	ObmenStatus_t result = _check_ctrl_cmd(ctx, 3);
 8002516:	2103      	movs	r1, #3
 8002518:	6878      	ldr	r0, [r7, #4]
 800251a:	f7ff fe03 	bl	8002124 <_check_ctrl_cmd>
 800251e:	4603      	mov	r3, r0
 8002520:	75fb      	strb	r3, [r7, #23]
	if(result != OBMEN_STATUS_OK) return result;
 8002522:	7dfb      	ldrb	r3, [r7, #23]
 8002524:	2b00      	cmp	r3, #0
 8002526:	d001      	beq.n	800252c <handler_ctrl_set_phy_id+0x1e>
 8002528:	7dfb      	ldrb	r3, [r7, #23]
 800252a:	e013      	b.n	8002554 <handler_ctrl_set_phy_id+0x46>

	const uint32_t new_ph_id = (uint32_t)ctx->data[2];
 800252c:	687b      	ldr	r3, [r7, #4]
 800252e:	685b      	ldr	r3, [r3, #4]
 8002530:	3302      	adds	r3, #2
 8002532:	781b      	ldrb	r3, [r3, #0]
 8002534:	613b      	str	r3, [r7, #16]
	config_union* cfg = getPtrCfg();
 8002536:	f000 ff9f 	bl	8003478 <getPtrCfg>
 800253a:	60f8      	str	r0, [r7, #12]
	int result_wr = setConfigParameter(cfg, (int)CONFIG_INDEX_ID_CAN_PHYSIC, new_ph_id); 
 800253c:	693a      	ldr	r2, [r7, #16]
 800253e:	2102      	movs	r1, #2
 8002540:	68f8      	ldr	r0, [r7, #12]
 8002542:	f001 fedb 	bl	80042fc <setConfigParameter>
 8002546:	60b8      	str	r0, [r7, #8]
	sendResult(result_wr);
 8002548:	68b8      	ldr	r0, [r7, #8]
 800254a:	f000 fb7d 	bl	8002c48 <sendResult>
	// переинициализируем плату с новыми id 
	boardInit(); 
 800254e:	f000 fef7 	bl	8003340 <boardInit>
	return OBMEN_STATUS_OK;
 8002552:	2300      	movs	r3, #0
}
 8002554:	4618      	mov	r0, r3
 8002556:	3718      	adds	r7, #24
 8002558:	46bd      	mov	sp, r7
 800255a:	bd80      	pop	{r7, pc}

0800255c <handler_ctrl_run>:
static ObmenStatus_t handler_ctrl_run(const CanCmdCtx_t* ctx){return OBMEN_STATUS_OK;}
 800255c:	b480      	push	{r7}
 800255e:	b083      	sub	sp, #12
 8002560:	af00      	add	r7, sp, #0
 8002562:	6078      	str	r0, [r7, #4]
 8002564:	2300      	movs	r3, #0
 8002566:	4618      	mov	r0, r3
 8002568:	370c      	adds	r7, #12
 800256a:	46bd      	mov	sp, r7
 800256c:	bc80      	pop	{r7}
 800256e:	4770      	bx	lr

08002570 <handler_ctrl_set_param>:

static ObmenStatus_t handler_ctrl_set_param(const CanCmdCtx_t* ctx){
 8002570:	b580      	push	{r7, lr}
 8002572:	b086      	sub	sp, #24
 8002574:	af00      	add	r7, sp, #0
 8002576:	6078      	str	r0, [r7, #4]
	// установка параметра отдельная команда 
	// должны получить [ 41 ] [ param ] [ значение 3:0 ] dlc = 6
	// проверяем размер кадра 
	if(ctx->frame->dlc != 6) return OBMEN_STATUS_INVALID_DLC;
 8002578:	687b      	ldr	r3, [r7, #4]
 800257a:	681b      	ldr	r3, [r3, #0]
 800257c:	7c1b      	ldrb	r3, [r3, #16]
 800257e:	2b06      	cmp	r3, #6
 8002580:	d001      	beq.n	8002586 <handler_ctrl_set_param+0x16>
 8002582:	2304      	movs	r3, #4
 8002584:	e034      	b.n	80025f0 <handler_ctrl_set_param+0x80>
	// флаг сервиса включен 
	if(obmen_state.is_run_service_mode == false) return OBMEN_STATUS_INVALID_FLAG;
 8002586:	4b1c      	ldr	r3, [pc, #112]	; (80025f8 <handler_ctrl_set_param+0x88>)
 8002588:	f893 3044 	ldrb.w	r3, [r3, #68]	; 0x44
 800258c:	f083 0301 	eor.w	r3, r3, #1
 8002590:	b2db      	uxtb	r3, r3
 8002592:	2b00      	cmp	r3, #0
 8002594:	d001      	beq.n	800259a <handler_ctrl_set_param+0x2a>
 8002596:	2305      	movs	r3, #5
 8002598:	e02a      	b.n	80025f0 <handler_ctrl_set_param+0x80>

	const uint32_t new_data = ((uint32_t)ctx->data[2]<<24) | ((uint32_t)ctx->data[3]<<16) |
 800259a:	687b      	ldr	r3, [r7, #4]
 800259c:	685b      	ldr	r3, [r3, #4]
 800259e:	3302      	adds	r3, #2
 80025a0:	781b      	ldrb	r3, [r3, #0]
 80025a2:	061a      	lsls	r2, r3, #24
 80025a4:	687b      	ldr	r3, [r7, #4]
 80025a6:	685b      	ldr	r3, [r3, #4]
 80025a8:	3303      	adds	r3, #3
 80025aa:	781b      	ldrb	r3, [r3, #0]
 80025ac:	041b      	lsls	r3, r3, #16
 80025ae:	431a      	orrs	r2, r3
							 ((uint32_t)ctx->data[4]<<8) | ((uint32_t)ctx->data[5]);
 80025b0:	687b      	ldr	r3, [r7, #4]
 80025b2:	685b      	ldr	r3, [r3, #4]
 80025b4:	3304      	adds	r3, #4
 80025b6:	781b      	ldrb	r3, [r3, #0]
 80025b8:	021b      	lsls	r3, r3, #8
	const uint32_t new_data = ((uint32_t)ctx->data[2]<<24) | ((uint32_t)ctx->data[3]<<16) |
 80025ba:	4313      	orrs	r3, r2
							 ((uint32_t)ctx->data[4]<<8) | ((uint32_t)ctx->data[5]);
 80025bc:	687a      	ldr	r2, [r7, #4]
 80025be:	6852      	ldr	r2, [r2, #4]
 80025c0:	3205      	adds	r2, #5
 80025c2:	7812      	ldrb	r2, [r2, #0]
	const uint32_t new_data = ((uint32_t)ctx->data[2]<<24) | ((uint32_t)ctx->data[3]<<16) |
 80025c4:	4313      	orrs	r3, r2
 80025c6:	617b      	str	r3, [r7, #20]
	const uint8_t param = ctx->data[1];
 80025c8:	687b      	ldr	r3, [r7, #4]
 80025ca:	685b      	ldr	r3, [r3, #4]
 80025cc:	785b      	ldrb	r3, [r3, #1]
 80025ce:	74fb      	strb	r3, [r7, #19]
	config_union* cfg = getPtrCfg();
 80025d0:	f000 ff52 	bl	8003478 <getPtrCfg>
 80025d4:	60f8      	str	r0, [r7, #12]
	int result_wr = setConfigParameter(cfg, (int)param, new_data); 
 80025d6:	7cfb      	ldrb	r3, [r7, #19]
 80025d8:	697a      	ldr	r2, [r7, #20]
 80025da:	4619      	mov	r1, r3
 80025dc:	68f8      	ldr	r0, [r7, #12]
 80025de:	f001 fe8d 	bl	80042fc <setConfigParameter>
 80025e2:	60b8      	str	r0, [r7, #8]
	sendResult(result_wr);
 80025e4:	68b8      	ldr	r0, [r7, #8]
 80025e6:	f000 fb2f 	bl	8002c48 <sendResult>
	// переинициализируем плату с новыми данными 
	boardInit(); 
 80025ea:	f000 fea9 	bl	8003340 <boardInit>
	return OBMEN_STATUS_OK;
 80025ee:	2300      	movs	r3, #0

}
 80025f0:	4618      	mov	r0, r3
 80025f2:	3718      	adds	r7, #24
 80025f4:	46bd      	mov	sp, r7
 80025f6:	bd80      	pop	{r7, pc}
 80025f8:	20000724 	.word	0x20000724

080025fc <handler_ctrl_get_param>:
static ObmenStatus_t handler_ctrl_get_param(const CanCmdCtx_t* ctx){
 80025fc:	b580      	push	{r7, lr}
 80025fe:	b092      	sub	sp, #72	; 0x48
 8002600:	af02      	add	r7, sp, #8
 8002602:	6078      	str	r0, [r7, #4]
	// должны получить [ 42 ] [ param ]  dlc = 2
	// проверяем размер кадра 
	if(ctx->frame->dlc != 2) return OBMEN_STATUS_INVALID_DLC;
 8002604:	687b      	ldr	r3, [r7, #4]
 8002606:	681b      	ldr	r3, [r3, #0]
 8002608:	7c1b      	ldrb	r3, [r3, #16]
 800260a:	2b02      	cmp	r3, #2
 800260c:	d001      	beq.n	8002612 <handler_ctrl_get_param+0x16>
 800260e:	2304      	movs	r3, #4
 8002610:	e03c      	b.n	800268c <handler_ctrl_get_param+0x90>
	config_union* cfg = getPtrCfg();
 8002612:	f000 ff31 	bl	8003478 <getPtrCfg>
 8002616:	63f8      	str	r0, [r7, #60]	; 0x3c
	const uint8_t param = ctx->data[1];
 8002618:	687b      	ldr	r3, [r7, #4]
 800261a:	685b      	ldr	r3, [r3, #4]
 800261c:	785b      	ldrb	r3, [r3, #1]
 800261e:	f887 303b 	strb.w	r3, [r7, #59]	; 0x3b
	const uint32_t data_read = getConfigParameter(cfg, (int)param); 
 8002622:	f897 303b 	ldrb.w	r3, [r7, #59]	; 0x3b
 8002626:	4619      	mov	r1, r3
 8002628:	6bf8      	ldr	r0, [r7, #60]	; 0x3c
 800262a:	f001 fe80 	bl	800432e <getConfigParameter>
 800262e:	6378      	str	r0, [r7, #52]	; 0x34
	const uint32_t part1_data = 0x42000000U | (((uint32_t)param) <<16) 
 8002630:	f897 303b 	ldrb.w	r3, [r7, #59]	; 0x3b
 8002634:	041a      	lsls	r2, r3, #16
							| ((data_read >> 16) & 0x0000FFFF); 
 8002636:	6b7b      	ldr	r3, [r7, #52]	; 0x34
 8002638:	0c1b      	lsrs	r3, r3, #16
 800263a:	4313      	orrs	r3, r2
	const uint32_t part1_data = 0x42000000U | (((uint32_t)param) <<16) 
 800263c:	f043 4384 	orr.w	r3, r3, #1107296256	; 0x42000000
 8002640:	633b      	str	r3, [r7, #48]	; 0x30
	const uint32_t part2_data = (data_read & 0x0000FFFF)<<16;
 8002642:	6b7b      	ldr	r3, [r7, #52]	; 0x34
 8002644:	041b      	lsls	r3, r3, #16
 8002646:	62fb      	str	r3, [r7, #44]	; 0x2c
	uint32_t data1 = part1_data;
 8002648:	6b3b      	ldr	r3, [r7, #48]	; 0x30
 800264a:	62bb      	str	r3, [r7, #40]	; 0x28
	uint32_t data2 = part2_data;
 800264c:	6afb      	ldr	r3, [r7, #44]	; 0x2c
 800264e:	627b      	str	r3, [r7, #36]	; 0x24
	can_frame frame;
	initFrame(&frame, obmen_state.id_msg_tx[0], data1, data2, 6, CAN_ID_STD); 
 8002650:	4b10      	ldr	r3, [pc, #64]	; (8002694 <handler_ctrl_get_param+0x98>)
 8002652:	6999      	ldr	r1, [r3, #24]
 8002654:	f107 000c 	add.w	r0, r7, #12
 8002658:	2300      	movs	r3, #0
 800265a:	9301      	str	r3, [sp, #4]
 800265c:	2306      	movs	r3, #6
 800265e:	9300      	str	r3, [sp, #0]
 8002660:	6a7b      	ldr	r3, [r7, #36]	; 0x24
 8002662:	6aba      	ldr	r2, [r7, #40]	; 0x28
 8002664:	f001 fb4c 	bl	8003d00 <initFrame>
 8002668:	f107 030c 	add.w	r3, r7, #12
 800266c:	623b      	str	r3, [r7, #32]
	if(frame == NULL) { return false; }	
 800266e:	6a3b      	ldr	r3, [r7, #32]
 8002670:	2b00      	cmp	r3, #0
 8002672:	d009      	beq.n	8002688 <handler_ctrl_get_param+0x8c>
	if(canBufAddData (getTxBuf(), frame) == SUCCESS){ return true; }
 8002674:	f000 ff52 	bl	800351c <getTxBuf>
 8002678:	4603      	mov	r3, r0
 800267a:	6a39      	ldr	r1, [r7, #32]
 800267c:	4618      	mov	r0, r3
 800267e:	f001 fb63 	bl	8003d48 <canBufAddData>
 8002682:	4603      	mov	r3, r0
 8002684:	2b01      	cmp	r3, #1
 8002686:	e000      	b.n	800268a <handler_ctrl_get_param+0x8e>
	if(frame == NULL) { return false; }	
 8002688:	bf00      	nop
	(void)_sendFrame(&frame);
	return OBMEN_STATUS_OK;
 800268a:	2300      	movs	r3, #0
}
 800268c:	4618      	mov	r0, r3
 800268e:	3740      	adds	r7, #64	; 0x40
 8002690:	46bd      	mov	sp, r7
 8002692:	bd80      	pop	{r7, pc}
 8002694:	20000724 	.word	0x20000724

08002698 <handler_ctrl_clr_flash>:

static ObmenStatus_t handler_ctrl_clr_flash(const CanCmdCtx_t* ctx){
 8002698:	b580      	push	{r7, lr}
 800269a:	b084      	sub	sp, #16
 800269c:	af00      	add	r7, sp, #0
 800269e:	6078      	str	r0, [r7, #4]
	// должны получить [ 81 ] [ физический id ] [ режим ]
	ObmenStatus_t result = _check_ctrl_cmd(ctx, 3);
 80026a0:	2103      	movs	r1, #3
 80026a2:	6878      	ldr	r0, [r7, #4]
 80026a4:	f7ff fd3e 	bl	8002124 <_check_ctrl_cmd>
 80026a8:	4603      	mov	r3, r0
 80026aa:	73fb      	strb	r3, [r7, #15]

	if(result != OBMEN_STATUS_OK) return result;
 80026ac:	7bfb      	ldrb	r3, [r7, #15]
 80026ae:	2b00      	cmp	r3, #0
 80026b0:	d001      	beq.n	80026b6 <handler_ctrl_clr_flash+0x1e>
 80026b2:	7bfb      	ldrb	r3, [r7, #15]
 80026b4:	e011      	b.n	80026da <handler_ctrl_clr_flash+0x42>
	const uint8_t mode = (uint8_t)ctx->data[2];
 80026b6:	687b      	ldr	r3, [r7, #4]
 80026b8:	685b      	ldr	r3, [r3, #4]
 80026ba:	3302      	adds	r3, #2
 80026bc:	781b      	ldrb	r3, [r3, #0]
 80026be:	73bb      	strb	r3, [r7, #14]
		switch(mode){
 80026c0:	7bbb      	ldrb	r3, [r7, #14]
 80026c2:	2b02      	cmp	r3, #2
 80026c4:	d808      	bhi.n	80026d8 <handler_ctrl_clr_flash+0x40>
			case 0: 
			case 1: 
			case 2: clearConfig(getPtrCfg()); break;
 80026c6:	f000 fed7 	bl	8003478 <getPtrCfg>
 80026ca:	4603      	mov	r3, r0
 80026cc:	4618      	mov	r0, r3
 80026ce:	f001 fdff 	bl	80042d0 <clearConfig>
 80026d2:	bf00      	nop
			default:{ return OBMEN_STATUS_INVALID_CMD;}
		}
	return OBMEN_STATUS_OK;
 80026d4:	2300      	movs	r3, #0
 80026d6:	e000      	b.n	80026da <handler_ctrl_clr_flash+0x42>
			default:{ return OBMEN_STATUS_INVALID_CMD;}
 80026d8:	2303      	movs	r3, #3
}
 80026da:	4618      	mov	r0, r3
 80026dc:	3710      	adds	r7, #16
 80026de:	46bd      	mov	sp, r7
 80026e0:	bd80      	pop	{r7, pc}

080026e2 <handler_ctrl_set_device>:

static ObmenStatus_t handler_ctrl_set_device(const CanCmdCtx_t* ctx){
 80026e2:	b580      	push	{r7, lr}
 80026e4:	b086      	sub	sp, #24
 80026e6:	af00      	add	r7, sp, #0
 80026e8:	6078      	str	r0, [r7, #4]
	// устанавливаем  протокол устройства
	// должны получить [ 82 ] [ физический id ] [ protokol ]
	ObmenStatus_t result = _check_ctrl_cmd(ctx, 3);
 80026ea:	2103      	movs	r1, #3
 80026ec:	6878      	ldr	r0, [r7, #4]
 80026ee:	f7ff fd19 	bl	8002124 <_check_ctrl_cmd>
 80026f2:	4603      	mov	r3, r0
 80026f4:	75fb      	strb	r3, [r7, #23]
	if(result != OBMEN_STATUS_OK) return result;
 80026f6:	7dfb      	ldrb	r3, [r7, #23]
 80026f8:	2b00      	cmp	r3, #0
 80026fa:	d001      	beq.n	8002700 <handler_ctrl_set_device+0x1e>
 80026fc:	7dfb      	ldrb	r3, [r7, #23]
 80026fe:	e013      	b.n	8002728 <handler_ctrl_set_device+0x46>

	const uint32_t protokol = (uint32_t)ctx->data[2];
 8002700:	687b      	ldr	r3, [r7, #4]
 8002702:	685b      	ldr	r3, [r3, #4]
 8002704:	3302      	adds	r3, #2
 8002706:	781b      	ldrb	r3, [r3, #0]
 8002708:	613b      	str	r3, [r7, #16]
	config_union* cfg = getPtrCfg();
 800270a:	f000 feb5 	bl	8003478 <getPtrCfg>
 800270e:	60f8      	str	r0, [r7, #12]
	int result_wr = setConfigParameter(cfg, (int)CONFIG_INDEX_VERSION_PROTOKOL, protokol); 
 8002710:	693a      	ldr	r2, [r7, #16]
 8002712:	2104      	movs	r1, #4
 8002714:	68f8      	ldr	r0, [r7, #12]
 8002716:	f001 fdf1 	bl	80042fc <setConfigParameter>
 800271a:	60b8      	str	r0, [r7, #8]
	sendResult(result_wr);
 800271c:	68b8      	ldr	r0, [r7, #8]
 800271e:	f000 fa93 	bl	8002c48 <sendResult>
	// переинициализируем плату с новым протоколом 
	boardInit(); 
 8002722:	f000 fe0d 	bl	8003340 <boardInit>
	return OBMEN_STATUS_OK;
 8002726:	2300      	movs	r3, #0
}
 8002728:	4618      	mov	r0, r3
 800272a:	3718      	adds	r7, #24
 800272c:	46bd      	mov	sp, r7
 800272e:	bd80      	pop	{r7, pc}

08002730 <handler_ctrl_wr_setting_default>:
static ObmenStatus_t handler_ctrl_wr_setting_default(const CanCmdCtx_t* ctx){
 8002730:	b580      	push	{r7, lr}
 8002732:	b086      	sub	sp, #24
 8002734:	af00      	add	r7, sp, #0
 8002736:	6078      	str	r0, [r7, #4]
	// установить настройки поумолчанию, по сути обнуляем конфиг
	// в отличии от stm где было два сектора стираю все
	// и устанавливаем поумолчанию  
	// и снятия флага сервисного режима
	// должны получить [ 83 ] [ физический id ] [ режим ]
	ObmenStatus_t result = _check_ctrl_cmd(ctx, 3);
 8002738:	2103      	movs	r1, #3
 800273a:	6878      	ldr	r0, [r7, #4]
 800273c:	f7ff fcf2 	bl	8002124 <_check_ctrl_cmd>
 8002740:	4603      	mov	r3, r0
 8002742:	75fb      	strb	r3, [r7, #23]
	if(result != OBMEN_STATUS_OK) return result; 
 8002744:	7dfb      	ldrb	r3, [r7, #23]
 8002746:	2b00      	cmp	r3, #0
 8002748:	d001      	beq.n	800274e <handler_ctrl_wr_setting_default+0x1e>
 800274a:	7dfb      	ldrb	r3, [r7, #23]
 800274c:	e01d      	b.n	800278a <handler_ctrl_wr_setting_default+0x5a>

	int result_wr = 0;
 800274e:	2300      	movs	r3, #0
 8002750:	613b      	str	r3, [r7, #16]
	const uint8_t mode = (uint8_t)ctx->data[2];
 8002752:	687b      	ldr	r3, [r7, #4]
 8002754:	685b      	ldr	r3, [r3, #4]
 8002756:	3302      	adds	r3, #2
 8002758:	781b      	ldrb	r3, [r3, #0]
 800275a:	73fb      	strb	r3, [r7, #15]
		switch(mode){
 800275c:	7bfb      	ldrb	r3, [r7, #15]
 800275e:	2b01      	cmp	r3, #1
 8002760:	d812      	bhi.n	8002788 <handler_ctrl_wr_setting_default+0x58>
			case 0: 
			case 1: { result_wr = clearConfig(getPtrCfg()); 
 8002762:	f000 fe89 	bl	8003478 <getPtrCfg>
 8002766:	4603      	mov	r3, r0
 8002768:	4618      	mov	r0, r3
 800276a:	f001 fdb1 	bl	80042d0 <clearConfig>
 800276e:	6138      	str	r0, [r7, #16]
					sendResult(result_wr);
 8002770:	6938      	ldr	r0, [r7, #16]
 8002772:	f000 fa69 	bl	8002c48 <sendResult>
					boardInit(); // в stm не было  
 8002776:	f000 fde3 	bl	8003340 <boardInit>
			break;}
 800277a:	bf00      	nop
			default:{ return OBMEN_STATUS_INVALID_CMD;}
		}

		obmen_state.is_run_service_mode = true; 
 800277c:	4b05      	ldr	r3, [pc, #20]	; (8002794 <handler_ctrl_wr_setting_default+0x64>)
 800277e:	2201      	movs	r2, #1
 8002780:	f883 2044 	strb.w	r2, [r3, #68]	; 0x44
	return OBMEN_STATUS_OK;
 8002784:	2300      	movs	r3, #0
 8002786:	e000      	b.n	800278a <handler_ctrl_wr_setting_default+0x5a>
			default:{ return OBMEN_STATUS_INVALID_CMD;}
 8002788:	2303      	movs	r3, #3
}
 800278a:	4618      	mov	r0, r3
 800278c:	3718      	adds	r7, #24
 800278e:	46bd      	mov	sp, r7
 8002790:	bd80      	pop	{r7, pc}
 8002792:	bf00      	nop
 8002794:	20000724 	.word	0x20000724

08002798 <handler_ctrl_rd_setting>:
static ObmenStatus_t handler_ctrl_rd_setting(const CanCmdCtx_t* ctx){
 8002798:	b580      	push	{r7, lr}
 800279a:	b082      	sub	sp, #8
 800279c:	af00      	add	r7, sp, #0
 800279e:	6078      	str	r0, [r7, #4]
	sendSettings(); 	
 80027a0:	f000 faaa 	bl	8002cf8 <sendSettings>
	return OBMEN_STATUS_OK;
 80027a4:	2300      	movs	r3, #0
}
 80027a6:	4618      	mov	r0, r3
 80027a8:	3708      	adds	r7, #8
 80027aa:	46bd      	mov	sp, r7
 80027ac:	bd80      	pop	{r7, pc}
	...

080027b0 <handler_ctrl_config_name_periph>:
static ObmenStatus_t handler_ctrl_config_name_periph(const CanCmdCtx_t* ctx){
 80027b0:	b580      	push	{r7, lr}
 80027b2:	b086      	sub	sp, #24
 80027b4:	af00      	add	r7, sp, #0
 80027b6:	6078      	str	r0, [r7, #4]
	// назначить номера каналов периферии 
	//[85] [ физический id ] [ номер канала ] [ значение ]
	ObmenStatus_t result = _check_ctrl_cmd(ctx, 4);
 80027b8:	2104      	movs	r1, #4
 80027ba:	6878      	ldr	r0, [r7, #4]
 80027bc:	f7ff fcb2 	bl	8002124 <_check_ctrl_cmd>
 80027c0:	4603      	mov	r3, r0
 80027c2:	74fb      	strb	r3, [r7, #19]
	if(result != OBMEN_STATUS_OK) return result;
 80027c4:	7cfb      	ldrb	r3, [r7, #19]
 80027c6:	2b00      	cmp	r3, #0
 80027c8:	d001      	beq.n	80027ce <handler_ctrl_config_name_periph+0x1e>
 80027ca:	7cfb      	ldrb	r3, [r7, #19]
 80027cc:	e05e      	b.n	800288c <handler_ctrl_config_name_periph+0xdc>

	const uint8_t periph = (uint8_t)ctx->data[2];
 80027ce:	687b      	ldr	r3, [r7, #4]
 80027d0:	685b      	ldr	r3, [r3, #4]
 80027d2:	3302      	adds	r3, #2
 80027d4:	781b      	ldrb	r3, [r3, #0]
 80027d6:	74bb      	strb	r3, [r7, #18]
	const uint8_t value = (uint8_t)ctx->data[3];
 80027d8:	687b      	ldr	r3, [r7, #4]
 80027da:	685b      	ldr	r3, [r3, #4]
 80027dc:	3303      	adds	r3, #3
 80027de:	781b      	ldrb	r3, [r3, #0]
 80027e0:	747b      	strb	r3, [r7, #17]
	config_union* cfg = getPtrCfg();
 80027e2:	f000 fe49 	bl	8003478 <getPtrCfg>
 80027e6:	60f8      	str	r0, [r7, #12]
	int index_param = 0; 
 80027e8:	2300      	movs	r3, #0
 80027ea:	617b      	str	r3, [r7, #20]
	switch(periph)
 80027ec:	7cbb      	ldrb	r3, [r7, #18]
 80027ee:	2b10      	cmp	r3, #16
 80027f0:	d839      	bhi.n	8002866 <handler_ctrl_config_name_periph+0xb6>
 80027f2:	a201      	add	r2, pc, #4	; (adr r2, 80027f8 <handler_ctrl_config_name_periph+0x48>)
 80027f4:	f852 f023 	ldr.w	pc, [r2, r3, lsl #2]
 80027f8:	0800283d 	.word	0x0800283d
 80027fc:	08002843 	.word	0x08002843
 8002800:	08002849 	.word	0x08002849
 8002804:	0800284f 	.word	0x0800284f
 8002808:	08002855 	.word	0x08002855
 800280c:	0800285b 	.word	0x0800285b
 8002810:	08002867 	.word	0x08002867
 8002814:	08002867 	.word	0x08002867
 8002818:	08002867 	.word	0x08002867
 800281c:	08002867 	.word	0x08002867
 8002820:	08002867 	.word	0x08002867
 8002824:	08002867 	.word	0x08002867
 8002828:	08002867 	.word	0x08002867
 800282c:	08002867 	.word	0x08002867
 8002830:	08002867 	.word	0x08002867
 8002834:	08002867 	.word	0x08002867
 8002838:	08002861 	.word	0x08002861
	{
		case 0x00: { index_param = (int)CONFIG_INDEX_ADC1_NAME; break; }
 800283c:	230e      	movs	r3, #14
 800283e:	617b      	str	r3, [r7, #20]
 8002840:	e013      	b.n	800286a <handler_ctrl_config_name_periph+0xba>
		case 0x01: { index_param = (int)CONFIG_INDEX_ADC2_NAME; break; }
 8002842:	230f      	movs	r3, #15
 8002844:	617b      	str	r3, [r7, #20]
 8002846:	e010      	b.n	800286a <handler_ctrl_config_name_periph+0xba>
		case 0x02: { index_param = (int)CONFIG_INDEX_ENC1_NAME; break; }
 8002848:	2311      	movs	r3, #17
 800284a:	617b      	str	r3, [r7, #20]
 800284c:	e00d      	b.n	800286a <handler_ctrl_config_name_periph+0xba>
		case 0x03: { index_param = (int)CONFIG_INDEX_ENC2_NAME; break; }
 800284e:	2312      	movs	r3, #18
 8002850:	617b      	str	r3, [r7, #20]
 8002852:	e00a      	b.n	800286a <handler_ctrl_config_name_periph+0xba>
		case 0x04: { index_param = (int)CONFIG_INDEX_ENC3_NAME; break; }
 8002854:	2313      	movs	r3, #19
 8002856:	617b      	str	r3, [r7, #20]
 8002858:	e007      	b.n	800286a <handler_ctrl_config_name_periph+0xba>
		case 0x05: { index_param = (int)CONFIG_INDEX_ENC4_NAME; break; }
 800285a:	2314      	movs	r3, #20
 800285c:	617b      	str	r3, [r7, #20]
 800285e:	e004      	b.n	800286a <handler_ctrl_config_name_periph+0xba>
		case 0x10: { index_param = (int)CONFIG_INDEX_ADC3_NAME; break; }
 8002860:	2310      	movs	r3, #16
 8002862:	617b      	str	r3, [r7, #20]
 8002864:	e001      	b.n	800286a <handler_ctrl_config_name_periph+0xba>
		default: { return OBMEN_STATUS_INVALID_CMD; }
 8002866:	2303      	movs	r3, #3
 8002868:	e010      	b.n	800288c <handler_ctrl_config_name_periph+0xdc>
	}
	int result_wr = setConfigParameter(cfg, index_param, value); 
 800286a:	7c7b      	ldrb	r3, [r7, #17]
 800286c:	461a      	mov	r2, r3
 800286e:	6979      	ldr	r1, [r7, #20]
 8002870:	68f8      	ldr	r0, [r7, #12]
 8002872:	f001 fd43 	bl	80042fc <setConfigParameter>
 8002876:	60b8      	str	r0, [r7, #8]
	sendResult(result_wr); 
 8002878:	68b8      	ldr	r0, [r7, #8]
 800287a:	f000 f9e5 	bl	8002c48 <sendResult>
	boardInit(); 
 800287e:	f000 fd5f 	bl	8003340 <boardInit>
	obmen_state.is_run_service_mode = true;
 8002882:	4b04      	ldr	r3, [pc, #16]	; (8002894 <handler_ctrl_config_name_periph+0xe4>)
 8002884:	2201      	movs	r2, #1
 8002886:	f883 2044 	strb.w	r2, [r3, #68]	; 0x44
	return OBMEN_STATUS_OK;
 800288a:	2300      	movs	r3, #0
}
 800288c:	4618      	mov	r0, r3
 800288e:	3718      	adds	r7, #24
 8002890:	46bd      	mov	sp, r7
 8002892:	bd80      	pop	{r7, pc}
 8002894:	20000724 	.word	0x20000724

08002898 <handler_pwm_button>:

//******************************************************** */
// handlers pwm 
//******************************************************** */
static ObmenStatus_t handler_pwm_button(const CanCmdCtx_t* ctx){
 8002898:	b580      	push	{r7, lr}
 800289a:	b082      	sub	sp, #8
 800289c:	af00      	add	r7, sp, #0
 800289e:	6078      	str	r0, [r7, #4]
	// устанавливаем шим на кнопках 
	//[ канал ] [ значение ]
	if(ctx->frame->dlc != 2) return OBMEN_STATUS_INVALID_DLC;
 80028a0:	687b      	ldr	r3, [r7, #4]
 80028a2:	681b      	ldr	r3, [r3, #0]
 80028a4:	7c1b      	ldrb	r3, [r3, #16]
 80028a6:	2b02      	cmp	r3, #2
 80028a8:	d001      	beq.n	80028ae <handler_pwm_button+0x16>
 80028aa:	2304      	movs	r3, #4
 80028ac:	e008      	b.n	80028c0 <handler_pwm_button+0x28>
	pwm_set_8bit_linear_value(PWM_CHANNEL_BUTTON, ctx->data[1]);
 80028ae:	687b      	ldr	r3, [r7, #4]
 80028b0:	685b      	ldr	r3, [r3, #4]
 80028b2:	3301      	adds	r3, #1
 80028b4:	781b      	ldrb	r3, [r3, #0]
 80028b6:	4619      	mov	r1, r3
 80028b8:	2000      	movs	r0, #0
 80028ba:	f002 fe0f 	bl	80054dc <pwm_set_8bit_linear_value>
	return OBMEN_STATUS_OK;
 80028be:	2300      	movs	r3, #0
}
 80028c0:	4618      	mov	r0, r3
 80028c2:	3708      	adds	r7, #8
 80028c4:	46bd      	mov	sp, r7
 80028c6:	bd80      	pop	{r7, pc}

080028c8 <handler_pwm_display>:
static ObmenStatus_t handler_pwm_display(const CanCmdCtx_t* ctx){
 80028c8:	b580      	push	{r7, lr}
 80028ca:	b082      	sub	sp, #8
 80028cc:	af00      	add	r7, sp, #0
 80028ce:	6078      	str	r0, [r7, #4]
	// устанавливаем шим на дисплее
	//[ канал ] [ значение ]
	if(ctx->frame->dlc != 2) return OBMEN_STATUS_INVALID_DLC;
 80028d0:	687b      	ldr	r3, [r7, #4]
 80028d2:	681b      	ldr	r3, [r3, #0]
 80028d4:	7c1b      	ldrb	r3, [r3, #16]
 80028d6:	2b02      	cmp	r3, #2
 80028d8:	d001      	beq.n	80028de <handler_pwm_display+0x16>
 80028da:	2304      	movs	r3, #4
 80028dc:	e008      	b.n	80028f0 <handler_pwm_display+0x28>
	pwm_set_8bit_linear_value(PWM_CHANNEL_DISPLAY, ctx->data[1]);
 80028de:	687b      	ldr	r3, [r7, #4]
 80028e0:	685b      	ldr	r3, [r3, #4]
 80028e2:	3301      	adds	r3, #1
 80028e4:	781b      	ldrb	r3, [r3, #0]
 80028e6:	4619      	mov	r1, r3
 80028e8:	2001      	movs	r0, #1
 80028ea:	f002 fdf7 	bl	80054dc <pwm_set_8bit_linear_value>
	return OBMEN_STATUS_OK;}
 80028ee:	2300      	movs	r3, #0
 80028f0:	4618      	mov	r0, r3
 80028f2:	3708      	adds	r7, #8
 80028f4:	46bd      	mov	sp, r7
 80028f6:	bd80      	pop	{r7, pc}

080028f8 <handler_pwm_onoff_display>:

static ObmenStatus_t handler_pwm_onoff_display(const CanCmdCtx_t* ctx){
 80028f8:	b580      	push	{r7, lr}
 80028fa:	b084      	sub	sp, #16
 80028fc:	af00      	add	r7, sp, #0
 80028fe:	6078      	str	r0, [r7, #4]
	if(ctx->frame->dlc != 2) return OBMEN_STATUS_INVALID_DLC;
 8002900:	687b      	ldr	r3, [r7, #4]
 8002902:	681b      	ldr	r3, [r3, #0]
 8002904:	7c1b      	ldrb	r3, [r3, #16]
 8002906:	2b02      	cmp	r3, #2
 8002908:	d001      	beq.n	800290e <handler_pwm_onoff_display+0x16>
 800290a:	2304      	movs	r3, #4
 800290c:	e00e      	b.n	800292c <handler_pwm_onoff_display+0x34>
	Display_command_t command = ctx->data[1]==0 ? DISPLAY_ON : DISPLAY_OFF;
 800290e:	687b      	ldr	r3, [r7, #4]
 8002910:	685b      	ldr	r3, [r3, #4]
 8002912:	3301      	adds	r3, #1
 8002914:	781b      	ldrb	r3, [r3, #0]
 8002916:	2b00      	cmp	r3, #0
 8002918:	bf14      	ite	ne
 800291a:	2301      	movne	r3, #1
 800291c:	2300      	moveq	r3, #0
 800291e:	b2db      	uxtb	r3, r3
 8002920:	73fb      	strb	r3, [r7, #15]
	pwm_set_display_enable(command); 
 8002922:	7bfb      	ldrb	r3, [r7, #15]
 8002924:	4618      	mov	r0, r3
 8002926:	f002 fe89 	bl	800563c <pwm_set_display_enable>
	return OBMEN_STATUS_OK;}
 800292a:	2300      	movs	r3, #0
 800292c:	4618      	mov	r0, r3
 800292e:	3710      	adds	r7, #16
 8002930:	46bd      	mov	sp, r7
 8002932:	bd80      	pop	{r7, pc}

08002934 <handler_pwm_button_raw>:

static ObmenStatus_t handler_pwm_button_raw(const CanCmdCtx_t* ctx){
 8002934:	b580      	push	{r7, lr}
 8002936:	b082      	sub	sp, #8
 8002938:	af00      	add	r7, sp, #0
 800293a:	6078      	str	r0, [r7, #4]
	if(ctx->frame->dlc != 2) return OBMEN_STATUS_INVALID_DLC;
 800293c:	687b      	ldr	r3, [r7, #4]
 800293e:	681b      	ldr	r3, [r3, #0]
 8002940:	7c1b      	ldrb	r3, [r3, #16]
 8002942:	2b02      	cmp	r3, #2
 8002944:	d001      	beq.n	800294a <handler_pwm_button_raw+0x16>
 8002946:	2304      	movs	r3, #4
 8002948:	e008      	b.n	800295c <handler_pwm_button_raw+0x28>
	pwm_set_8bit_absolute_value(PWM_CHANNEL_BUTTON, ctx->data[1]);
 800294a:	687b      	ldr	r3, [r7, #4]
 800294c:	685b      	ldr	r3, [r3, #4]
 800294e:	3301      	adds	r3, #1
 8002950:	781b      	ldrb	r3, [r3, #0]
 8002952:	4619      	mov	r1, r3
 8002954:	2000      	movs	r0, #0
 8002956:	f002 fe25 	bl	80055a4 <pwm_set_8bit_absolute_value>
	return OBMEN_STATUS_OK;}
 800295a:	2300      	movs	r3, #0
 800295c:	4618      	mov	r0, r3
 800295e:	3708      	adds	r7, #8
 8002960:	46bd      	mov	sp, r7
 8002962:	bd80      	pop	{r7, pc}

08002964 <handler_pwm_display_raw>:

static ObmenStatus_t handler_pwm_display_raw(const CanCmdCtx_t* ctx){
 8002964:	b580      	push	{r7, lr}
 8002966:	b082      	sub	sp, #8
 8002968:	af00      	add	r7, sp, #0
 800296a:	6078      	str	r0, [r7, #4]
	if(ctx->frame->dlc != 2) return OBMEN_STATUS_INVALID_DLC;
 800296c:	687b      	ldr	r3, [r7, #4]
 800296e:	681b      	ldr	r3, [r3, #0]
 8002970:	7c1b      	ldrb	r3, [r3, #16]
 8002972:	2b02      	cmp	r3, #2
 8002974:	d001      	beq.n	800297a <handler_pwm_display_raw+0x16>
 8002976:	2304      	movs	r3, #4
 8002978:	e008      	b.n	800298c <handler_pwm_display_raw+0x28>
	pwm_set_8bit_absolute_value(PWM_CHANNEL_DISPLAY, ctx->data[1]);
 800297a:	687b      	ldr	r3, [r7, #4]
 800297c:	685b      	ldr	r3, [r3, #4]
 800297e:	3301      	adds	r3, #1
 8002980:	781b      	ldrb	r3, [r3, #0]
 8002982:	4619      	mov	r1, r3
 8002984:	2001      	movs	r0, #1
 8002986:	f002 fe0d 	bl	80055a4 <pwm_set_8bit_absolute_value>
	return OBMEN_STATUS_OK;}
 800298a:	2300      	movs	r3, #0
 800298c:	4618      	mov	r0, r3
 800298e:	3708      	adds	r7, #8
 8002990:	46bd      	mov	sp, r7
 8002992:	bd80      	pop	{r7, pc}

08002994 <handler_pwm_scale2>:

static ObmenStatus_t handler_pwm_scale2(const CanCmdCtx_t* ctx){
 8002994:	b580      	push	{r7, lr}
 8002996:	b082      	sub	sp, #8
 8002998:	af00      	add	r7, sp, #0
 800299a:	6078      	str	r0, [r7, #4]
		// устанавливаем шим на кнопках 
		//[ канал ] [ значение ]
		if(ctx->frame->dlc != 2) return OBMEN_STATUS_INVALID_DLC;
 800299c:	687b      	ldr	r3, [r7, #4]
 800299e:	681b      	ldr	r3, [r3, #0]
 80029a0:	7c1b      	ldrb	r3, [r3, #16]
 80029a2:	2b02      	cmp	r3, #2
 80029a4:	d001      	beq.n	80029aa <handler_pwm_scale2+0x16>
 80029a6:	2304      	movs	r3, #4
 80029a8:	e008      	b.n	80029bc <handler_pwm_scale2+0x28>
		pwm_set_8bit_linear_value(PWM_CHANNEL_SCALE2, ctx->data[1]);
 80029aa:	687b      	ldr	r3, [r7, #4]
 80029ac:	685b      	ldr	r3, [r3, #4]
 80029ae:	3301      	adds	r3, #1
 80029b0:	781b      	ldrb	r3, [r3, #0]
 80029b2:	4619      	mov	r1, r3
 80029b4:	2002      	movs	r0, #2
 80029b6:	f002 fd91 	bl	80054dc <pwm_set_8bit_linear_value>
		return OBMEN_STATUS_OK;}
 80029ba:	2300      	movs	r3, #0
 80029bc:	4618      	mov	r0, r3
 80029be:	3708      	adds	r7, #8
 80029c0:	46bd      	mov	sp, r7
 80029c2:	bd80      	pop	{r7, pc}

080029c4 <handler_read_all>:

//************************************************************* */
// handlers read state
//************************************************************* */
static ObmenStatus_t handler_read_all(const CanCmdCtx_t* ctx){
 80029c4:	b580      	push	{r7, lr}
 80029c6:	b082      	sub	sp, #8
 80029c8:	af00      	add	r7, sp, #0
 80029ca:	6078      	str	r0, [r7, #4]
	sendAdcState();
 80029cc:	f000 fa52 	bl	8002e74 <sendAdcState>
	sendButtonsState();
 80029d0:	f000 fac4 	bl	8002f5c <sendButtonsState>
	sendEncodersState(true);
 80029d4:	2001      	movs	r0, #1
 80029d6:	f000 fb07 	bl	8002fe8 <sendEncodersState>
	return OBMEN_STATUS_OK;}
 80029da:	2300      	movs	r3, #0
 80029dc:	4618      	mov	r0, r3
 80029de:	3708      	adds	r7, #8
 80029e0:	46bd      	mov	sp, r7
 80029e2:	bd80      	pop	{r7, pc}

080029e4 <handler_read_adc>:
static ObmenStatus_t handler_read_adc(const CanCmdCtx_t* ctx){
 80029e4:	b580      	push	{r7, lr}
 80029e6:	b082      	sub	sp, #8
 80029e8:	af00      	add	r7, sp, #0
 80029ea:	6078      	str	r0, [r7, #4]
	sendAdcState();
 80029ec:	f000 fa42 	bl	8002e74 <sendAdcState>
	return OBMEN_STATUS_OK;}
 80029f0:	2300      	movs	r3, #0
 80029f2:	4618      	mov	r0, r3
 80029f4:	3708      	adds	r7, #8
 80029f6:	46bd      	mov	sp, r7
 80029f8:	bd80      	pop	{r7, pc}

080029fa <handler_read_btn>:
static ObmenStatus_t handler_read_btn(const CanCmdCtx_t* ctx){
 80029fa:	b580      	push	{r7, lr}
 80029fc:	b082      	sub	sp, #8
 80029fe:	af00      	add	r7, sp, #0
 8002a00:	6078      	str	r0, [r7, #4]
	sendButtonsState();
 8002a02:	f000 faab 	bl	8002f5c <sendButtonsState>
	return OBMEN_STATUS_OK;}
 8002a06:	2300      	movs	r3, #0
 8002a08:	4618      	mov	r0, r3
 8002a0a:	3708      	adds	r7, #8
 8002a0c:	46bd      	mov	sp, r7
 8002a0e:	bd80      	pop	{r7, pc}

08002a10 <handler_read_enc>:
static ObmenStatus_t handler_read_enc(const CanCmdCtx_t* ctx){
 8002a10:	b580      	push	{r7, lr}
 8002a12:	b082      	sub	sp, #8
 8002a14:	af00      	add	r7, sp, #0
 8002a16:	6078      	str	r0, [r7, #4]
	sendEncodersState(true);
 8002a18:	2001      	movs	r0, #1
 8002a1a:	f000 fae5 	bl	8002fe8 <sendEncodersState>
	return OBMEN_STATUS_OK;}
 8002a1e:	2300      	movs	r3, #0
 8002a20:	4618      	mov	r0, r3
 8002a22:	3708      	adds	r7, #8
 8002a24:	46bd      	mov	sp, r7
 8002a26:	bd80      	pop	{r7, pc}

08002a28 <handler_wr_setting_adc>:

//************************************************************* */
// handlers write setting
//************************************************************* */
static ObmenStatus_t handler_wr_setting_adc(const CanCmdCtx_t* ctx){
 8002a28:	b580      	push	{r7, lr}
 8002a2a:	b086      	sub	sp, #24
 8002a2c:	af00      	add	r7, sp, #0
 8002a2e:	6078      	str	r0, [r7, #4]
	// выбор обработчика был по dlc
	// теперь по первому байту определяем переменную 
	// изменения порога ацп
	// 361# [parameter] [data] dlc=2 
	const uint8_t parameter = ctx->data[0];
 8002a30:	687b      	ldr	r3, [r7, #4]
 8002a32:	685b      	ldr	r3, [r3, #4]
 8002a34:	781b      	ldrb	r3, [r3, #0]
 8002a36:	74fb      	strb	r3, [r7, #19]
	const uint8_t data = ctx->data[1];
 8002a38:	687b      	ldr	r3, [r7, #4]
 8002a3a:	685b      	ldr	r3, [r3, #4]
 8002a3c:	785b      	ldrb	r3, [r3, #1]
 8002a3e:	74bb      	strb	r3, [r7, #18]
	config_union* cfg = getPtrCfg();
 8002a40:	f000 fd1a 	bl	8003478 <getPtrCfg>
 8002a44:	60f8      	str	r0, [r7, #12]
	int index_parameter = 0; 
 8002a46:	2300      	movs	r3, #0
 8002a48:	617b      	str	r3, [r7, #20]
	switch (parameter)
 8002a4a:	7cfb      	ldrb	r3, [r7, #19]
 8002a4c:	2b10      	cmp	r3, #16
 8002a4e:	d00c      	beq.n	8002a6a <handler_wr_setting_adc+0x42>
 8002a50:	2b10      	cmp	r3, #16
 8002a52:	dc0d      	bgt.n	8002a70 <handler_wr_setting_adc+0x48>
 8002a54:	2b00      	cmp	r3, #0
 8002a56:	d002      	beq.n	8002a5e <handler_wr_setting_adc+0x36>
 8002a58:	2b01      	cmp	r3, #1
 8002a5a:	d003      	beq.n	8002a64 <handler_wr_setting_adc+0x3c>
 8002a5c:	e008      	b.n	8002a70 <handler_wr_setting_adc+0x48>
	{
	case 0x00: { index_parameter = (int)CONFIG_INDEX_ADC1_LIMIT; break; }
 8002a5e:	230b      	movs	r3, #11
 8002a60:	617b      	str	r3, [r7, #20]
 8002a62:	e007      	b.n	8002a74 <handler_wr_setting_adc+0x4c>
	case 0x01: { index_parameter = (int)CONFIG_INDEX_ADC2_LIMIT; break; }
 8002a64:	230c      	movs	r3, #12
 8002a66:	617b      	str	r3, [r7, #20]
 8002a68:	e004      	b.n	8002a74 <handler_wr_setting_adc+0x4c>
	case 0x10: { index_parameter = (int)CONFIG_INDEX_ADC3_LIMIT; break; }
 8002a6a:	230d      	movs	r3, #13
 8002a6c:	617b      	str	r3, [r7, #20]
 8002a6e:	e001      	b.n	8002a74 <handler_wr_setting_adc+0x4c>
	default: 
		return OBMEN_STATUS_INVALID_CMD;
 8002a70:	2303      	movs	r3, #3
 8002a72:	e00c      	b.n	8002a8e <handler_wr_setting_adc+0x66>
	}
	int result_wr = setConfigParameter(cfg, index_parameter, (uint32_t)data);
 8002a74:	7cbb      	ldrb	r3, [r7, #18]
 8002a76:	461a      	mov	r2, r3
 8002a78:	6979      	ldr	r1, [r7, #20]
 8002a7a:	68f8      	ldr	r0, [r7, #12]
 8002a7c:	f001 fc3e 	bl	80042fc <setConfigParameter>
 8002a80:	60b8      	str	r0, [r7, #8]
	sendResult(result_wr);
 8002a82:	68b8      	ldr	r0, [r7, #8]
 8002a84:	f000 f8e0 	bl	8002c48 <sendResult>
	boardInit();
 8002a88:	f000 fc5a 	bl	8003340 <boardInit>
	return OBMEN_STATUS_OK;}
 8002a8c:	2300      	movs	r3, #0
 8002a8e:	4618      	mov	r0, r3
 8002a90:	3718      	adds	r7, #24
 8002a92:	46bd      	mov	sp, r7
 8002a94:	bd80      	pop	{r7, pc}

08002a96 <handler_wr_setting_pwm>:

static ObmenStatus_t handler_wr_setting_pwm(const CanCmdCtx_t* ctx){
 8002a96:	b580      	push	{r7, lr}
 8002a98:	b086      	sub	sp, #24
 8002a9a:	af00      	add	r7, sp, #0
 8002a9c:	6078      	str	r0, [r7, #4]
	//изменение значения яркости по умолчанию 
	// 361# [02] [LMB] [LDB] [00] [DDb] [data] dlc=5
	const uint8_t data = ctx->data[0];
 8002a9e:	687b      	ldr	r3, [r7, #4]
 8002aa0:	685b      	ldr	r3, [r3, #4]
 8002aa2:	781b      	ldrb	r3, [r3, #0]
 8002aa4:	74fb      	strb	r3, [r7, #19]
	if(data == 0x02){
 8002aa6:	7cfb      	ldrb	r3, [r7, #19]
 8002aa8:	2b02      	cmp	r3, #2
 8002aaa:	d142      	bne.n	8002b32 <handler_wr_setting_pwm+0x9c>
		const uint8_t display_default_brt = ctx->data[4];
 8002aac:	687b      	ldr	r3, [r7, #4]
 8002aae:	685b      	ldr	r3, [r3, #4]
 8002ab0:	791b      	ldrb	r3, [r3, #4]
 8002ab2:	74bb      	strb	r3, [r7, #18]
		const uint8_t button_default_brt = ctx->data[2];
 8002ab4:	687b      	ldr	r3, [r7, #4]
 8002ab6:	685b      	ldr	r3, [r3, #4]
 8002ab8:	789b      	ldrb	r3, [r3, #2]
 8002aba:	747b      	strb	r3, [r7, #17]
		const uint8_t button_max_brt = ctx->data[1];
 8002abc:	687b      	ldr	r3, [r7, #4]
 8002abe:	685b      	ldr	r3, [r3, #4]
 8002ac0:	785b      	ldrb	r3, [r3, #1]
 8002ac2:	743b      	strb	r3, [r7, #16]
		config_union* cfg = getPtrCfg();
 8002ac4:	f000 fcd8 	bl	8003478 <getPtrCfg>
 8002ac8:	60f8      	str	r0, [r7, #12]
		int result = 0; 
 8002aca:	2300      	movs	r3, #0
 8002acc:	617b      	str	r3, [r7, #20]
		setConfigParameter(cfg, (int)CONFIG_INDEX_DISP_DEFAULT_BRT, (uint32_t)display_default_brt) != 0 ? result++ : result;
 8002ace:	7cbb      	ldrb	r3, [r7, #18]
 8002ad0:	461a      	mov	r2, r3
 8002ad2:	210a      	movs	r1, #10
 8002ad4:	68f8      	ldr	r0, [r7, #12]
 8002ad6:	f001 fc11 	bl	80042fc <setConfigParameter>
 8002ada:	4603      	mov	r3, r0
 8002adc:	2b00      	cmp	r3, #0
 8002ade:	d002      	beq.n	8002ae6 <handler_wr_setting_pwm+0x50>
 8002ae0:	697b      	ldr	r3, [r7, #20]
 8002ae2:	3301      	adds	r3, #1
 8002ae4:	617b      	str	r3, [r7, #20]
		setConfigParameter(cfg, (int)CONFIG_INDEX_LED_DEFAULT_BRT, (uint32_t)button_default_brt) != 0 ? result++ : result;
 8002ae6:	7c7b      	ldrb	r3, [r7, #17]
 8002ae8:	461a      	mov	r2, r3
 8002aea:	2107      	movs	r1, #7
 8002aec:	68f8      	ldr	r0, [r7, #12]
 8002aee:	f001 fc05 	bl	80042fc <setConfigParameter>
 8002af2:	4603      	mov	r3, r0
 8002af4:	2b00      	cmp	r3, #0
 8002af6:	d002      	beq.n	8002afe <handler_wr_setting_pwm+0x68>
 8002af8:	697b      	ldr	r3, [r7, #20]
 8002afa:	3301      	adds	r3, #1
 8002afc:	617b      	str	r3, [r7, #20]
		setConfigParameter(cfg, (int)CONFIG_INDEX_LED_MAX_BRT, (uint32_t)button_max_brt) != 0 ? result++ : result;
 8002afe:	7c3b      	ldrb	r3, [r7, #16]
 8002b00:	461a      	mov	r2, r3
 8002b02:	2106      	movs	r1, #6
 8002b04:	68f8      	ldr	r0, [r7, #12]
 8002b06:	f001 fbf9 	bl	80042fc <setConfigParameter>
 8002b0a:	4603      	mov	r3, r0
 8002b0c:	2b00      	cmp	r3, #0
 8002b0e:	d002      	beq.n	8002b16 <handler_wr_setting_pwm+0x80>
 8002b10:	697b      	ldr	r3, [r7, #20]
 8002b12:	3301      	adds	r3, #1
 8002b14:	617b      	str	r3, [r7, #20]
		result == 3 ? sendResult(1) : sendResult(0);
 8002b16:	697b      	ldr	r3, [r7, #20]
 8002b18:	2b03      	cmp	r3, #3
 8002b1a:	d103      	bne.n	8002b24 <handler_wr_setting_pwm+0x8e>
 8002b1c:	2001      	movs	r0, #1
 8002b1e:	f000 f893 	bl	8002c48 <sendResult>
 8002b22:	e002      	b.n	8002b2a <handler_wr_setting_pwm+0x94>
 8002b24:	2000      	movs	r0, #0
 8002b26:	f000 f88f 	bl	8002c48 <sendResult>
		boardInit();
 8002b2a:	f000 fc09 	bl	8003340 <boardInit>
		return OBMEN_STATUS_OK;
 8002b2e:	2300      	movs	r3, #0
 8002b30:	e000      	b.n	8002b34 <handler_wr_setting_pwm+0x9e>
	}
	return OBMEN_STATUS_INVALID_CMD;}
 8002b32:	2303      	movs	r3, #3
 8002b34:	4618      	mov	r0, r3
 8002b36:	3718      	adds	r7, #24
 8002b38:	46bd      	mov	sp, r7
 8002b3a:	bd80      	pop	{r7, pc}

08002b3c <handler_wr_setting_pwm2>:

static ObmenStatus_t handler_wr_setting_pwm2(const CanCmdCtx_t* ctx){
 8002b3c:	b580      	push	{r7, lr}
 8002b3e:	b086      	sub	sp, #24
 8002b40:	af00      	add	r7, sp, #0
 8002b42:	6078      	str	r0, [r7, #4]
	//изменение значения яркости по умолчанию
	// 361# [parameter] [00] [00] [00] [00] [data] dlc=6
	const uint8_t parameter = ctx->data[0];
 8002b44:	687b      	ldr	r3, [r7, #4]
 8002b46:	685b      	ldr	r3, [r3, #4]
 8002b48:	781b      	ldrb	r3, [r3, #0]
 8002b4a:	74fb      	strb	r3, [r7, #19]
	const uint8_t data = ctx->data[5];
 8002b4c:	687b      	ldr	r3, [r7, #4]
 8002b4e:	685b      	ldr	r3, [r3, #4]
 8002b50:	795b      	ldrb	r3, [r3, #5]
 8002b52:	74bb      	strb	r3, [r7, #18]
	config_union* cfg = getPtrCfg();
 8002b54:	f000 fc90 	bl	8003478 <getPtrCfg>
 8002b58:	60f8      	str	r0, [r7, #12]
	int index_parameter = 0; 
 8002b5a:	2300      	movs	r3, #0
 8002b5c:	617b      	str	r3, [r7, #20]
	switch (parameter)
 8002b5e:	7cfb      	ldrb	r3, [r7, #19]
 8002b60:	2b03      	cmp	r3, #3
 8002b62:	d00c      	beq.n	8002b7e <handler_wr_setting_pwm2+0x42>
 8002b64:	2b03      	cmp	r3, #3
 8002b66:	dc0d      	bgt.n	8002b84 <handler_wr_setting_pwm2+0x48>
 8002b68:	2b00      	cmp	r3, #0
 8002b6a:	d002      	beq.n	8002b72 <handler_wr_setting_pwm2+0x36>
 8002b6c:	2b01      	cmp	r3, #1
 8002b6e:	d003      	beq.n	8002b78 <handler_wr_setting_pwm2+0x3c>
 8002b70:	e008      	b.n	8002b84 <handler_wr_setting_pwm2+0x48>
	{
	case 0x00: { index_parameter = (int)CONFIG_INDEX_DISP_MIN_BRT; break; }
 8002b72:	2308      	movs	r3, #8
 8002b74:	617b      	str	r3, [r7, #20]
 8002b76:	e007      	b.n	8002b88 <handler_wr_setting_pwm2+0x4c>
	case 0x01: { index_parameter = (int)CONFIG_INDEX_DISP_MAX_BRT; break; }
 8002b78:	2309      	movs	r3, #9
 8002b7a:	617b      	str	r3, [r7, #20]
 8002b7c:	e004      	b.n	8002b88 <handler_wr_setting_pwm2+0x4c>
	case 0x03: { index_parameter = (int)CONFIG_INDEX_LED_MIN_BRT; break; }
 8002b7e:	2305      	movs	r3, #5
 8002b80:	617b      	str	r3, [r7, #20]
 8002b82:	e001      	b.n	8002b88 <handler_wr_setting_pwm2+0x4c>
	default: 
		return OBMEN_STATUS_INVALID_CMD;
 8002b84:	2303      	movs	r3, #3
 8002b86:	e00c      	b.n	8002ba2 <handler_wr_setting_pwm2+0x66>
	}
	int result_wr = setConfigParameter(cfg, index_parameter, (uint32_t)data);
 8002b88:	7cbb      	ldrb	r3, [r7, #18]
 8002b8a:	461a      	mov	r2, r3
 8002b8c:	6979      	ldr	r1, [r7, #20]
 8002b8e:	68f8      	ldr	r0, [r7, #12]
 8002b90:	f001 fbb4 	bl	80042fc <setConfigParameter>
 8002b94:	60b8      	str	r0, [r7, #8]
	sendResult(result_wr);
 8002b96:	68b8      	ldr	r0, [r7, #8]
 8002b98:	f000 f856 	bl	8002c48 <sendResult>
	boardInit();
 8002b9c:	f000 fbd0 	bl	8003340 <boardInit>
	return OBMEN_STATUS_OK;}
 8002ba0:	2300      	movs	r3, #0
 8002ba2:	4618      	mov	r0, r3
 8002ba4:	3718      	adds	r7, #24
 8002ba6:	46bd      	mov	sp, r7
 8002ba8:	bd80      	pop	{r7, pc}

08002baa <handler_wr_setting_dlc8>:

static ObmenStatus_t handler_wr_setting_dlc8(const CanCmdCtx_t* ctx){
 8002baa:	b580      	push	{r7, lr}
 8002bac:	b088      	sub	sp, #32
 8002bae:	af00      	add	r7, sp, #0
 8002bb0:	6078      	str	r0, [r7, #4]
	// признак команды определим по первому байту 
	const uint8_t command = ctx->data[0];
 8002bb2:	687b      	ldr	r3, [r7, #4]
 8002bb4:	685b      	ldr	r3, [r3, #4]
 8002bb6:	781b      	ldrb	r3, [r3, #0]
 8002bb8:	77fb      	strb	r3, [r7, #31]
	if(command != COMMAND_WRITE_DISPLAY_REGISTER) return OBMEN_STATUS_INVALID_CMD;
 8002bba:	7ffb      	ldrb	r3, [r7, #31]
 8002bbc:	2b55      	cmp	r3, #85	; 0x55
 8002bbe:	d001      	beq.n	8002bc4 <handler_wr_setting_dlc8+0x1a>
 8002bc0:	2303      	movs	r3, #3
 8002bc2:	e03c      	b.n	8002c3e <handler_wr_setting_dlc8+0x94>
	const uint32_t parameter = makeInnerU8toU32(0, ctx->data[1], ctx->data[2], ctx->data[3]);
 8002bc4:	687b      	ldr	r3, [r7, #4]
 8002bc6:	685b      	ldr	r3, [r3, #4]
 8002bc8:	3301      	adds	r3, #1
 8002bca:	781b      	ldrb	r3, [r3, #0]
 8002bcc:	041a      	lsls	r2, r3, #16
 8002bce:	687b      	ldr	r3, [r7, #4]
 8002bd0:	685b      	ldr	r3, [r3, #4]
 8002bd2:	3302      	adds	r3, #2
 8002bd4:	781b      	ldrb	r3, [r3, #0]
 8002bd6:	021b      	lsls	r3, r3, #8
 8002bd8:	4313      	orrs	r3, r2
 8002bda:	687a      	ldr	r2, [r7, #4]
 8002bdc:	6852      	ldr	r2, [r2, #4]
 8002bde:	3203      	adds	r2, #3
 8002be0:	7812      	ldrb	r2, [r2, #0]
 8002be2:	4313      	orrs	r3, r2
 8002be4:	61bb      	str	r3, [r7, #24]
	const uint32_t data = makeInnerU8toU32(ctx->data[4], ctx->data[5], ctx->data[6], ctx->data[7]);
 8002be6:	687b      	ldr	r3, [r7, #4]
 8002be8:	685b      	ldr	r3, [r3, #4]
 8002bea:	3304      	adds	r3, #4
 8002bec:	781b      	ldrb	r3, [r3, #0]
 8002bee:	061a      	lsls	r2, r3, #24
 8002bf0:	687b      	ldr	r3, [r7, #4]
 8002bf2:	685b      	ldr	r3, [r3, #4]
 8002bf4:	3305      	adds	r3, #5
 8002bf6:	781b      	ldrb	r3, [r3, #0]
 8002bf8:	041b      	lsls	r3, r3, #16
 8002bfa:	431a      	orrs	r2, r3
 8002bfc:	687b      	ldr	r3, [r7, #4]
 8002bfe:	685b      	ldr	r3, [r3, #4]
 8002c00:	3306      	adds	r3, #6
 8002c02:	781b      	ldrb	r3, [r3, #0]
 8002c04:	021b      	lsls	r3, r3, #8
 8002c06:	4313      	orrs	r3, r2
 8002c08:	687a      	ldr	r2, [r7, #4]
 8002c0a:	6852      	ldr	r2, [r2, #4]
 8002c0c:	3207      	adds	r2, #7
 8002c0e:	7812      	ldrb	r2, [r2, #0]
 8002c10:	4313      	orrs	r3, r2
 8002c12:	617b      	str	r3, [r7, #20]
	Ili9322_status_t status = ili9322_change_setting(getPtrIli9322Cfg(), parameter, data);
 8002c14:	f000 fc3a 	bl	800348c <getPtrIli9322Cfg>
 8002c18:	4603      	mov	r3, r0
 8002c1a:	697a      	ldr	r2, [r7, #20]
 8002c1c:	69b9      	ldr	r1, [r7, #24]
 8002c1e:	4618      	mov	r0, r3
 8002c20:	f7fe ff56 	bl	8001ad0 <ili9322_change_setting>
 8002c24:	4603      	mov	r3, r0
 8002c26:	74fb      	strb	r3, [r7, #19]
	const int result = (status == ILI9322_STATUS_OK) ? 1 : 0;
 8002c28:	7cfb      	ldrb	r3, [r7, #19]
 8002c2a:	2b01      	cmp	r3, #1
 8002c2c:	bf0c      	ite	eq
 8002c2e:	2301      	moveq	r3, #1
 8002c30:	2300      	movne	r3, #0
 8002c32:	b2db      	uxtb	r3, r3
 8002c34:	60fb      	str	r3, [r7, #12]
	sendResult(result);
 8002c36:	68f8      	ldr	r0, [r7, #12]
 8002c38:	f000 f806 	bl	8002c48 <sendResult>
	return OBMEN_STATUS_OK;
 8002c3c:	2300      	movs	r3, #0
}
 8002c3e:	4618      	mov	r0, r3
 8002c40:	3720      	adds	r7, #32
 8002c42:	46bd      	mov	sp, r7
 8002c44:	bd80      	pop	{r7, pc}
	...

08002c48 <sendResult>:
	initFrame(&frame, obmen_state.id_msg_tx[0], data1, data2, 8, CAN_ID_STD); 
	return _sendFrame(&frame);
}

void sendResult(int result)
{
 8002c48:	b580      	push	{r7, lr}
 8002c4a:	b08c      	sub	sp, #48	; 0x30
 8002c4c:	af02      	add	r7, sp, #8
 8002c4e:	6078      	str	r0, [r7, #4]
	// 1 - ok, 0 - error
	can_frame frame;
	uint32_t data1 = (result==1) ? PROTO_RESP_ACK_1 : PROTO_RESP_NACK_1;  
 8002c50:	687b      	ldr	r3, [r7, #4]
 8002c52:	2b01      	cmp	r3, #1
 8002c54:	d101      	bne.n	8002c5a <sendResult+0x12>
 8002c56:	4b26      	ldr	r3, [pc, #152]	; (8002cf0 <sendResult+0xa8>)
 8002c58:	e001      	b.n	8002c5e <sendResult+0x16>
 8002c5a:	f04f 73f7 	mov.w	r3, #32374784	; 0x1ee0000
 8002c5e:	627b      	str	r3, [r7, #36]	; 0x24
	initFrame(&frame, obmen_state.id_msg_tx[0], data1, 0, 2, CAN_ID_STD); 
 8002c60:	4b24      	ldr	r3, [pc, #144]	; (8002cf4 <sendResult+0xac>)
 8002c62:	6999      	ldr	r1, [r3, #24]
 8002c64:	f107 0008 	add.w	r0, r7, #8
 8002c68:	2300      	movs	r3, #0
 8002c6a:	9301      	str	r3, [sp, #4]
 8002c6c:	2302      	movs	r3, #2
 8002c6e:	9300      	str	r3, [sp, #0]
 8002c70:	2300      	movs	r3, #0
 8002c72:	6a7a      	ldr	r2, [r7, #36]	; 0x24
 8002c74:	f001 f844 	bl	8003d00 <initFrame>
 8002c78:	f107 0308 	add.w	r3, r7, #8
 8002c7c:	623b      	str	r3, [r7, #32]
	if(frame == NULL) { return false; }	
 8002c7e:	6a3b      	ldr	r3, [r7, #32]
 8002c80:	2b00      	cmp	r3, #0
 8002c82:	d009      	beq.n	8002c98 <sendResult+0x50>
	if(canBufAddData (getTxBuf(), frame) == SUCCESS){ return true; }
 8002c84:	f000 fc4a 	bl	800351c <getTxBuf>
 8002c88:	4603      	mov	r3, r0
 8002c8a:	6a39      	ldr	r1, [r7, #32]
 8002c8c:	4618      	mov	r0, r3
 8002c8e:	f001 f85b 	bl	8003d48 <canBufAddData>
 8002c92:	4603      	mov	r3, r0
 8002c94:	2b01      	cmp	r3, #1
 8002c96:	e000      	b.n	8002c9a <sendResult+0x52>
	if(frame == NULL) { return false; }	
 8002c98:	bf00      	nop
	(void)_sendFrame(&frame);
	data1 = (result==1) ? PROTO_RESP_ACK_2 : PROTO_RESP_NACK_2;
 8002c9a:	687b      	ldr	r3, [r7, #4]
 8002c9c:	2b01      	cmp	r3, #1
 8002c9e:	d102      	bne.n	8002ca6 <sendResult+0x5e>
 8002ca0:	f04f 73d5 	mov.w	r3, #27918336	; 0x1aa0000
 8002ca4:	e001      	b.n	8002caa <sendResult+0x62>
 8002ca6:	f04f 7397 	mov.w	r3, #19791872	; 0x12e0000
 8002caa:	627b      	str	r3, [r7, #36]	; 0x24
	initFrame(&frame, obmen_state.id_msg_tx[0], data1, 0, 2, CAN_ID_STD); 
 8002cac:	4b11      	ldr	r3, [pc, #68]	; (8002cf4 <sendResult+0xac>)
 8002cae:	6999      	ldr	r1, [r3, #24]
 8002cb0:	f107 0008 	add.w	r0, r7, #8
 8002cb4:	2300      	movs	r3, #0
 8002cb6:	9301      	str	r3, [sp, #4]
 8002cb8:	2302      	movs	r3, #2
 8002cba:	9300      	str	r3, [sp, #0]
 8002cbc:	2300      	movs	r3, #0
 8002cbe:	6a7a      	ldr	r2, [r7, #36]	; 0x24
 8002cc0:	f001 f81e 	bl	8003d00 <initFrame>
 8002cc4:	f107 0308 	add.w	r3, r7, #8
 8002cc8:	61fb      	str	r3, [r7, #28]
	if(frame == NULL) { return false; }	
 8002cca:	69fb      	ldr	r3, [r7, #28]
 8002ccc:	2b00      	cmp	r3, #0
 8002cce:	d009      	beq.n	8002ce4 <sendResult+0x9c>
	if(canBufAddData (getTxBuf(), frame) == SUCCESS){ return true; }
 8002cd0:	f000 fc24 	bl	800351c <getTxBuf>
 8002cd4:	4603      	mov	r3, r0
 8002cd6:	69f9      	ldr	r1, [r7, #28]
 8002cd8:	4618      	mov	r0, r3
 8002cda:	f001 f835 	bl	8003d48 <canBufAddData>
 8002cde:	4603      	mov	r3, r0
 8002ce0:	2b01      	cmp	r3, #1
 8002ce2:	e000      	b.n	8002ce6 <sendResult+0x9e>
	if(frame == NULL) { return false; }	
 8002ce4:	bf00      	nop
	(void)_sendFrame(&frame);
}
 8002ce6:	bf00      	nop
 8002ce8:	3728      	adds	r7, #40	; 0x28
 8002cea:	46bd      	mov	sp, r7
 8002cec:	bd80      	pop	{r7, pc}
 8002cee:	bf00      	nop
 8002cf0:	01550000 	.word	0x01550000
 8002cf4:	20000724 	.word	0x20000724

08002cf8 <sendSettings>:

void sendSettings(void){
 8002cf8:	b580      	push	{r7, lr}
 8002cfa:	b08e      	sub	sp, #56	; 0x38
 8002cfc:	af02      	add	r7, sp, #8
	can_frame frame;
	const config_union* cfg = getPtrCfg();
 8002cfe:	f000 fbbb 	bl	8003478 <getPtrCfg>
 8002d02:	62f8      	str	r0, [r7, #44]	; 0x2c
	
	uint32_t data1 = PREFIX_SETTING |      
							(cfg->config_struct.led_min_brt<<16)|
 8002d04:	6afb      	ldr	r3, [r7, #44]	; 0x2c
 8002d06:	695b      	ldr	r3, [r3, #20]
 8002d08:	041a      	lsls	r2, r3, #16
							(cfg->config_struct.led_max_brt<<8)|
 8002d0a:	6afb      	ldr	r3, [r7, #44]	; 0x2c
 8002d0c:	699b      	ldr	r3, [r3, #24]
 8002d0e:	021b      	lsls	r3, r3, #8
							(cfg->config_struct.led_min_brt<<16)|
 8002d10:	431a      	orrs	r2, r3
							(cfg->config_struct.led_default_brt); 
 8002d12:	6afb      	ldr	r3, [r7, #44]	; 0x2c
 8002d14:	69db      	ldr	r3, [r3, #28]
							(cfg->config_struct.led_max_brt<<8)|
 8002d16:	4313      	orrs	r3, r2
	uint32_t data1 = PREFIX_SETTING |      
 8002d18:	f043 4304 	orr.w	r3, r3, #2214592512	; 0x84000000
 8002d1c:	62bb      	str	r3, [r7, #40]	; 0x28

	uint32_t data2 =  (cfg->config_struct.disp_min_brt<<24)|
 8002d1e:	6afb      	ldr	r3, [r7, #44]	; 0x2c
 8002d20:	6a1b      	ldr	r3, [r3, #32]
 8002d22:	061a      	lsls	r2, r3, #24
							(cfg->config_struct.disp_max_brt<<16)|
 8002d24:	6afb      	ldr	r3, [r7, #44]	; 0x2c
 8002d26:	6a5b      	ldr	r3, [r3, #36]	; 0x24
 8002d28:	041b      	lsls	r3, r3, #16
	uint32_t data2 =  (cfg->config_struct.disp_min_brt<<24)|
 8002d2a:	431a      	orrs	r2, r3
							(cfg->config_struct.disp_default_brt<<8);
 8002d2c:	6afb      	ldr	r3, [r7, #44]	; 0x2c
 8002d2e:	6a9b      	ldr	r3, [r3, #40]	; 0x28
 8002d30:	021b      	lsls	r3, r3, #8
	uint32_t data2 =  (cfg->config_struct.disp_min_brt<<24)|
 8002d32:	4313      	orrs	r3, r2
 8002d34:	627b      	str	r3, [r7, #36]	; 0x24
	initFrame(&frame, obmen_state.id_msg_tx[0], data1, data2, 7, CAN_ID_STD); 
 8002d36:	4b4e      	ldr	r3, [pc, #312]	; (8002e70 <sendSettings+0x178>)
 8002d38:	6999      	ldr	r1, [r3, #24]
 8002d3a:	4638      	mov	r0, r7
 8002d3c:	2300      	movs	r3, #0
 8002d3e:	9301      	str	r3, [sp, #4]
 8002d40:	2307      	movs	r3, #7
 8002d42:	9300      	str	r3, [sp, #0]
 8002d44:	6a7b      	ldr	r3, [r7, #36]	; 0x24
 8002d46:	6aba      	ldr	r2, [r7, #40]	; 0x28
 8002d48:	f000 ffda 	bl	8003d00 <initFrame>
 8002d4c:	463b      	mov	r3, r7
 8002d4e:	617b      	str	r3, [r7, #20]
	if(frame == NULL) { return false; }	
 8002d50:	697b      	ldr	r3, [r7, #20]
 8002d52:	2b00      	cmp	r3, #0
 8002d54:	d009      	beq.n	8002d6a <sendSettings+0x72>
	if(canBufAddData (getTxBuf(), frame) == SUCCESS){ return true; }
 8002d56:	f000 fbe1 	bl	800351c <getTxBuf>
 8002d5a:	4603      	mov	r3, r0
 8002d5c:	6979      	ldr	r1, [r7, #20]
 8002d5e:	4618      	mov	r0, r3
 8002d60:	f000 fff2 	bl	8003d48 <canBufAddData>
 8002d64:	4603      	mov	r3, r0
 8002d66:	2b01      	cmp	r3, #1
 8002d68:	e000      	b.n	8002d6c <sendSettings+0x74>
	if(frame == NULL) { return false; }	
 8002d6a:	bf00      	nop
	(void)_sendFrame(&frame);

	data1 =  PREFIX_SETTING |      
							(cfg->config_struct.adc1_limit<<16)|
 8002d6c:	6afb      	ldr	r3, [r7, #44]	; 0x2c
 8002d6e:	6adb      	ldr	r3, [r3, #44]	; 0x2c
 8002d70:	041a      	lsls	r2, r3, #16
							(cfg->config_struct.adc2_limit<<8) |
 8002d72:	6afb      	ldr	r3, [r7, #44]	; 0x2c
 8002d74:	6b1b      	ldr	r3, [r3, #48]	; 0x30
 8002d76:	021b      	lsls	r3, r3, #8
							(cfg->config_struct.adc1_limit<<16)|
 8002d78:	431a      	orrs	r2, r3
							(cfg->config_struct.adc1_name_channel); 
 8002d7a:	6afb      	ldr	r3, [r7, #44]	; 0x2c
 8002d7c:	6b9b      	ldr	r3, [r3, #56]	; 0x38
							(cfg->config_struct.adc2_limit<<8) |
 8002d7e:	4313      	orrs	r3, r2
	data1 =  PREFIX_SETTING |      
 8002d80:	f043 4304 	orr.w	r3, r3, #2214592512	; 0x84000000
 8002d84:	62bb      	str	r3, [r7, #40]	; 0x28

	data2 =  (cfg->config_struct.adc2_name_channel<<24);
 8002d86:	6afb      	ldr	r3, [r7, #44]	; 0x2c
 8002d88:	6bdb      	ldr	r3, [r3, #60]	; 0x3c
 8002d8a:	061b      	lsls	r3, r3, #24
 8002d8c:	627b      	str	r3, [r7, #36]	; 0x24
	initFrame(&frame, obmen_state.id_msg_tx[0], data1, data2, 5, CAN_ID_STD); 
 8002d8e:	4b38      	ldr	r3, [pc, #224]	; (8002e70 <sendSettings+0x178>)
 8002d90:	6999      	ldr	r1, [r3, #24]
 8002d92:	4638      	mov	r0, r7
 8002d94:	2300      	movs	r3, #0
 8002d96:	9301      	str	r3, [sp, #4]
 8002d98:	2305      	movs	r3, #5
 8002d9a:	9300      	str	r3, [sp, #0]
 8002d9c:	6a7b      	ldr	r3, [r7, #36]	; 0x24
 8002d9e:	6aba      	ldr	r2, [r7, #40]	; 0x28
 8002da0:	f000 ffae 	bl	8003d00 <initFrame>
 8002da4:	463b      	mov	r3, r7
 8002da6:	61bb      	str	r3, [r7, #24]
	if(frame == NULL) { return false; }	
 8002da8:	69bb      	ldr	r3, [r7, #24]
 8002daa:	2b00      	cmp	r3, #0
 8002dac:	d009      	beq.n	8002dc2 <sendSettings+0xca>
	if(canBufAddData (getTxBuf(), frame) == SUCCESS){ return true; }
 8002dae:	f000 fbb5 	bl	800351c <getTxBuf>
 8002db2:	4603      	mov	r3, r0
 8002db4:	69b9      	ldr	r1, [r7, #24]
 8002db6:	4618      	mov	r0, r3
 8002db8:	f000 ffc6 	bl	8003d48 <canBufAddData>
 8002dbc:	4603      	mov	r3, r0
 8002dbe:	2b01      	cmp	r3, #1
 8002dc0:	e000      	b.n	8002dc4 <sendSettings+0xcc>
	if(frame == NULL) { return false; }	
 8002dc2:	bf00      	nop
	(void)_sendFrame(&frame);

	data1 =  PREFIX_SETTING | 
							(cfg->config_struct.adc3_limit<<16)|
 8002dc4:	6afb      	ldr	r3, [r7, #44]	; 0x2c
 8002dc6:	6b5b      	ldr	r3, [r3, #52]	; 0x34
 8002dc8:	041a      	lsls	r2, r3, #16
							(cfg->config_struct.adc3_name_channel<<8); 
 8002dca:	6afb      	ldr	r3, [r7, #44]	; 0x2c
 8002dcc:	6c1b      	ldr	r3, [r3, #64]	; 0x40
 8002dce:	021b      	lsls	r3, r3, #8
							(cfg->config_struct.adc3_limit<<16)|
 8002dd0:	4313      	orrs	r3, r2
	data1 =  PREFIX_SETTING | 
 8002dd2:	f043 4304 	orr.w	r3, r3, #2214592512	; 0x84000000
 8002dd6:	62bb      	str	r3, [r7, #40]	; 0x28
	initFrame(&frame, obmen_state.id_msg_tx[0], data1, 0, 3, CAN_ID_STD); 
 8002dd8:	4b25      	ldr	r3, [pc, #148]	; (8002e70 <sendSettings+0x178>)
 8002dda:	6999      	ldr	r1, [r3, #24]
 8002ddc:	4638      	mov	r0, r7
 8002dde:	2300      	movs	r3, #0
 8002de0:	9301      	str	r3, [sp, #4]
 8002de2:	2303      	movs	r3, #3
 8002de4:	9300      	str	r3, [sp, #0]
 8002de6:	2300      	movs	r3, #0
 8002de8:	6aba      	ldr	r2, [r7, #40]	; 0x28
 8002dea:	f000 ff89 	bl	8003d00 <initFrame>
 8002dee:	463b      	mov	r3, r7
 8002df0:	61fb      	str	r3, [r7, #28]
	if(frame == NULL) { return false; }	
 8002df2:	69fb      	ldr	r3, [r7, #28]
 8002df4:	2b00      	cmp	r3, #0
 8002df6:	d009      	beq.n	8002e0c <sendSettings+0x114>
	if(canBufAddData (getTxBuf(), frame) == SUCCESS){ return true; }
 8002df8:	f000 fb90 	bl	800351c <getTxBuf>
 8002dfc:	4603      	mov	r3, r0
 8002dfe:	69f9      	ldr	r1, [r7, #28]
 8002e00:	4618      	mov	r0, r3
 8002e02:	f000 ffa1 	bl	8003d48 <canBufAddData>
 8002e06:	4603      	mov	r3, r0
 8002e08:	2b01      	cmp	r3, #1
 8002e0a:	e000      	b.n	8002e0e <sendSettings+0x116>
	if(frame == NULL) { return false; }	
 8002e0c:	bf00      	nop
	(void)_sendFrame(&frame);

	data1 =  PREFIX_SETTING | 
							(cfg->config_struct.enc1_name_channel << 16)|
 8002e0e:	6afb      	ldr	r3, [r7, #44]	; 0x2c
 8002e10:	6c5b      	ldr	r3, [r3, #68]	; 0x44
 8002e12:	041a      	lsls	r2, r3, #16
							(cfg->config_struct.enc2_name_channel << 8) |
 8002e14:	6afb      	ldr	r3, [r7, #44]	; 0x2c
 8002e16:	6c9b      	ldr	r3, [r3, #72]	; 0x48
 8002e18:	021b      	lsls	r3, r3, #8
							(cfg->config_struct.enc1_name_channel << 16)|
 8002e1a:	431a      	orrs	r2, r3
							(cfg->config_struct.enc3_name_channel);  
 8002e1c:	6afb      	ldr	r3, [r7, #44]	; 0x2c
 8002e1e:	6cdb      	ldr	r3, [r3, #76]	; 0x4c
							(cfg->config_struct.enc2_name_channel << 8) |
 8002e20:	4313      	orrs	r3, r2
	data1 =  PREFIX_SETTING | 
 8002e22:	f043 4304 	orr.w	r3, r3, #2214592512	; 0x84000000
 8002e26:	62bb      	str	r3, [r7, #40]	; 0x28
	data2 =  (cfg->config_struct.enc4_name_channel<<24);
 8002e28:	6afb      	ldr	r3, [r7, #44]	; 0x2c
 8002e2a:	6d1b      	ldr	r3, [r3, #80]	; 0x50
 8002e2c:	061b      	lsls	r3, r3, #24
 8002e2e:	627b      	str	r3, [r7, #36]	; 0x24
	initFrame(&frame, obmen_state.id_msg_tx[0], data1, data2, 6, CAN_ID_STD); 
 8002e30:	4b0f      	ldr	r3, [pc, #60]	; (8002e70 <sendSettings+0x178>)
 8002e32:	6999      	ldr	r1, [r3, #24]
 8002e34:	4638      	mov	r0, r7
 8002e36:	2300      	movs	r3, #0
 8002e38:	9301      	str	r3, [sp, #4]
 8002e3a:	2306      	movs	r3, #6
 8002e3c:	9300      	str	r3, [sp, #0]
 8002e3e:	6a7b      	ldr	r3, [r7, #36]	; 0x24
 8002e40:	6aba      	ldr	r2, [r7, #40]	; 0x28
 8002e42:	f000 ff5d 	bl	8003d00 <initFrame>
 8002e46:	463b      	mov	r3, r7
 8002e48:	623b      	str	r3, [r7, #32]
	if(frame == NULL) { return false; }	
 8002e4a:	6a3b      	ldr	r3, [r7, #32]
 8002e4c:	2b00      	cmp	r3, #0
 8002e4e:	d009      	beq.n	8002e64 <sendSettings+0x16c>
	if(canBufAddData (getTxBuf(), frame) == SUCCESS){ return true; }
 8002e50:	f000 fb64 	bl	800351c <getTxBuf>
 8002e54:	4603      	mov	r3, r0
 8002e56:	6a39      	ldr	r1, [r7, #32]
 8002e58:	4618      	mov	r0, r3
 8002e5a:	f000 ff75 	bl	8003d48 <canBufAddData>
 8002e5e:	4603      	mov	r3, r0
 8002e60:	2b01      	cmp	r3, #1
 8002e62:	e000      	b.n	8002e66 <sendSettings+0x16e>
	if(frame == NULL) { return false; }	
 8002e64:	bf00      	nop
	(void)_sendFrame(&frame);
}
 8002e66:	bf00      	nop
 8002e68:	3730      	adds	r7, #48	; 0x30
 8002e6a:	46bd      	mov	sp, r7
 8002e6c:	bd80      	pop	{r7, pc}
 8002e6e:	bf00      	nop
 8002e70:	20000724 	.word	0x20000724

08002e74 <sendAdcState>:


void sendAdcState(){
 8002e74:	b580      	push	{r7, lr}
 8002e76:	b08c      	sub	sp, #48	; 0x30
 8002e78:	af02      	add	r7, sp, #8
	//посылаю аналогично варианту в stm32 
	//в первом сообщении каналы 1 и 2
	//во втором канал 3
	uint8_t buf[4] = {0,0,0,0};
 8002e7a:	2300      	movs	r3, #0
 8002e7c:	61bb      	str	r3, [r7, #24]
	adc_pack_state_channel(ADC_CHANNEL_1, buf);
 8002e7e:	f107 0318 	add.w	r3, r7, #24
 8002e82:	4619      	mov	r1, r3
 8002e84:	2000      	movs	r0, #0
 8002e86:	f000 fa33 	bl	80032f0 <adc_pack_state_channel>
	adc_pack_state_channel(ADC_CHANNEL_2, buf+2);
 8002e8a:	f107 0318 	add.w	r3, r7, #24
 8002e8e:	3302      	adds	r3, #2
 8002e90:	4619      	mov	r1, r3
 8002e92:	2001      	movs	r0, #1
 8002e94:	f000 fa2c 	bl	80032f0 <adc_pack_state_channel>
	uint32_t data1 = make32(buf);
 8002e98:	7efb      	ldrb	r3, [r7, #27]
 8002e9a:	461a      	mov	r2, r3
 8002e9c:	7ebb      	ldrb	r3, [r7, #26]
 8002e9e:	021b      	lsls	r3, r3, #8
 8002ea0:	431a      	orrs	r2, r3
 8002ea2:	7e7b      	ldrb	r3, [r7, #25]
 8002ea4:	041b      	lsls	r3, r3, #16
 8002ea6:	431a      	orrs	r2, r3
 8002ea8:	7e3b      	ldrb	r3, [r7, #24]
 8002eaa:	061b      	lsls	r3, r3, #24
 8002eac:	4313      	orrs	r3, r2
 8002eae:	627b      	str	r3, [r7, #36]	; 0x24
	can_frame frame;
	initFrame(&frame, obmen_state.id_msg_tx[1], data1, 0, 4, CAN_ID_STD); 
 8002eb0:	4b29      	ldr	r3, [pc, #164]	; (8002f58 <sendAdcState+0xe4>)
 8002eb2:	69d9      	ldr	r1, [r3, #28]
 8002eb4:	1d38      	adds	r0, r7, #4
 8002eb6:	2300      	movs	r3, #0
 8002eb8:	9301      	str	r3, [sp, #4]
 8002eba:	2304      	movs	r3, #4
 8002ebc:	9300      	str	r3, [sp, #0]
 8002ebe:	2300      	movs	r3, #0
 8002ec0:	6a7a      	ldr	r2, [r7, #36]	; 0x24
 8002ec2:	f000 ff1d 	bl	8003d00 <initFrame>
 8002ec6:	1d3b      	adds	r3, r7, #4
 8002ec8:	61fb      	str	r3, [r7, #28]
	if(frame == NULL) { return false; }	
 8002eca:	69fb      	ldr	r3, [r7, #28]
 8002ecc:	2b00      	cmp	r3, #0
 8002ece:	d009      	beq.n	8002ee4 <sendAdcState+0x70>
	if(canBufAddData (getTxBuf(), frame) == SUCCESS){ return true; }
 8002ed0:	f000 fb24 	bl	800351c <getTxBuf>
 8002ed4:	4603      	mov	r3, r0
 8002ed6:	69f9      	ldr	r1, [r7, #28]
 8002ed8:	4618      	mov	r0, r3
 8002eda:	f000 ff35 	bl	8003d48 <canBufAddData>
 8002ede:	4603      	mov	r3, r0
 8002ee0:	2b01      	cmp	r3, #1
 8002ee2:	e000      	b.n	8002ee6 <sendAdcState+0x72>
	if(frame == NULL) { return false; }	
 8002ee4:	bf00      	nop
	(void)_sendFrame(&frame);

	memset(buf, 0, 4); 
 8002ee6:	f107 0318 	add.w	r3, r7, #24
 8002eea:	2204      	movs	r2, #4
 8002eec:	2100      	movs	r1, #0
 8002eee:	4618      	mov	r0, r3
 8002ef0:	f003 fb6e 	bl	80065d0 <memset>
	adc_pack_state_channel(ADC_CHANNEL_3, buf);
 8002ef4:	f107 0318 	add.w	r3, r7, #24
 8002ef8:	4619      	mov	r1, r3
 8002efa:	2002      	movs	r0, #2
 8002efc:	f000 f9f8 	bl	80032f0 <adc_pack_state_channel>
	data1 = make32(buf);
 8002f00:	7efb      	ldrb	r3, [r7, #27]
 8002f02:	461a      	mov	r2, r3
 8002f04:	7ebb      	ldrb	r3, [r7, #26]
 8002f06:	021b      	lsls	r3, r3, #8
 8002f08:	431a      	orrs	r2, r3
 8002f0a:	7e7b      	ldrb	r3, [r7, #25]
 8002f0c:	041b      	lsls	r3, r3, #16
 8002f0e:	431a      	orrs	r2, r3
 8002f10:	7e3b      	ldrb	r3, [r7, #24]
 8002f12:	061b      	lsls	r3, r3, #24
 8002f14:	4313      	orrs	r3, r2
 8002f16:	627b      	str	r3, [r7, #36]	; 0x24
	initFrame(&frame, obmen_state.id_msg_tx[1], data1, 0, 2, CAN_ID_STD); 
 8002f18:	4b0f      	ldr	r3, [pc, #60]	; (8002f58 <sendAdcState+0xe4>)
 8002f1a:	69d9      	ldr	r1, [r3, #28]
 8002f1c:	1d38      	adds	r0, r7, #4
 8002f1e:	2300      	movs	r3, #0
 8002f20:	9301      	str	r3, [sp, #4]
 8002f22:	2302      	movs	r3, #2
 8002f24:	9300      	str	r3, [sp, #0]
 8002f26:	2300      	movs	r3, #0
 8002f28:	6a7a      	ldr	r2, [r7, #36]	; 0x24
 8002f2a:	f000 fee9 	bl	8003d00 <initFrame>
 8002f2e:	1d3b      	adds	r3, r7, #4
 8002f30:	623b      	str	r3, [r7, #32]
	if(frame == NULL) { return false; }	
 8002f32:	6a3b      	ldr	r3, [r7, #32]
 8002f34:	2b00      	cmp	r3, #0
 8002f36:	d009      	beq.n	8002f4c <sendAdcState+0xd8>
	if(canBufAddData (getTxBuf(), frame) == SUCCESS){ return true; }
 8002f38:	f000 faf0 	bl	800351c <getTxBuf>
 8002f3c:	4603      	mov	r3, r0
 8002f3e:	6a39      	ldr	r1, [r7, #32]
 8002f40:	4618      	mov	r0, r3
 8002f42:	f000 ff01 	bl	8003d48 <canBufAddData>
 8002f46:	4603      	mov	r3, r0
 8002f48:	2b01      	cmp	r3, #1
 8002f4a:	e000      	b.n	8002f4e <sendAdcState+0xda>
	if(frame == NULL) { return false; }	
 8002f4c:	bf00      	nop
	(void)_sendFrame(&frame);

} 
 8002f4e:	bf00      	nop
 8002f50:	3728      	adds	r7, #40	; 0x28
 8002f52:	46bd      	mov	sp, r7
 8002f54:	bd80      	pop	{r7, pc}
 8002f56:	bf00      	nop
 8002f58:	20000724 	.word	0x20000724

08002f5c <sendButtonsState>:
void sendButtonsState(){
 8002f5c:	b580      	push	{r7, lr}
 8002f5e:	b08c      	sub	sp, #48	; 0x30
 8002f60:	af02      	add	r7, sp, #8
	uint8_t buf[8] = {0};
 8002f62:	2300      	movs	r3, #0
 8002f64:	617b      	str	r3, [r7, #20]
 8002f66:	2300      	movs	r3, #0
 8002f68:	61bb      	str	r3, [r7, #24]
	button_pack_state(buf);
 8002f6a:	f107 0314 	add.w	r3, r7, #20
 8002f6e:	4618      	mov	r0, r3
 8002f70:	f000 fa96 	bl	80034a0 <button_pack_state>
	uint32_t data1 = make32(buf);
 8002f74:	7dfb      	ldrb	r3, [r7, #23]
 8002f76:	461a      	mov	r2, r3
 8002f78:	7dbb      	ldrb	r3, [r7, #22]
 8002f7a:	021b      	lsls	r3, r3, #8
 8002f7c:	431a      	orrs	r2, r3
 8002f7e:	7d7b      	ldrb	r3, [r7, #21]
 8002f80:	041b      	lsls	r3, r3, #16
 8002f82:	431a      	orrs	r2, r3
 8002f84:	7d3b      	ldrb	r3, [r7, #20]
 8002f86:	061b      	lsls	r3, r3, #24
 8002f88:	4313      	orrs	r3, r2
 8002f8a:	627b      	str	r3, [r7, #36]	; 0x24
	uint32_t data2 = make32(buf+4);
 8002f8c:	7efb      	ldrb	r3, [r7, #27]
 8002f8e:	461a      	mov	r2, r3
 8002f90:	7ebb      	ldrb	r3, [r7, #26]
 8002f92:	021b      	lsls	r3, r3, #8
 8002f94:	431a      	orrs	r2, r3
 8002f96:	7e7b      	ldrb	r3, [r7, #25]
 8002f98:	041b      	lsls	r3, r3, #16
 8002f9a:	431a      	orrs	r2, r3
 8002f9c:	7e3b      	ldrb	r3, [r7, #24]
 8002f9e:	061b      	lsls	r3, r3, #24
 8002fa0:	4313      	orrs	r3, r2
 8002fa2:	623b      	str	r3, [r7, #32]
	can_frame frame;
	initFrame(&frame, obmen_state.id_msg_tx[3], data1, data2, 8, CAN_ID_STD); 
 8002fa4:	4b0f      	ldr	r3, [pc, #60]	; (8002fe4 <sendButtonsState+0x88>)
 8002fa6:	6a59      	ldr	r1, [r3, #36]	; 0x24
 8002fa8:	4638      	mov	r0, r7
 8002faa:	2300      	movs	r3, #0
 8002fac:	9301      	str	r3, [sp, #4]
 8002fae:	2308      	movs	r3, #8
 8002fb0:	9300      	str	r3, [sp, #0]
 8002fb2:	6a3b      	ldr	r3, [r7, #32]
 8002fb4:	6a7a      	ldr	r2, [r7, #36]	; 0x24
 8002fb6:	f000 fea3 	bl	8003d00 <initFrame>
 8002fba:	463b      	mov	r3, r7
 8002fbc:	61fb      	str	r3, [r7, #28]
	if(frame == NULL) { return false; }	
 8002fbe:	69fb      	ldr	r3, [r7, #28]
 8002fc0:	2b00      	cmp	r3, #0
 8002fc2:	d009      	beq.n	8002fd8 <sendButtonsState+0x7c>
	if(canBufAddData (getTxBuf(), frame) == SUCCESS){ return true; }
 8002fc4:	f000 faaa 	bl	800351c <getTxBuf>
 8002fc8:	4603      	mov	r3, r0
 8002fca:	69f9      	ldr	r1, [r7, #28]
 8002fcc:	4618      	mov	r0, r3
 8002fce:	f000 febb 	bl	8003d48 <canBufAddData>
 8002fd2:	4603      	mov	r3, r0
 8002fd4:	2b01      	cmp	r3, #1
 8002fd6:	e000      	b.n	8002fda <sendButtonsState+0x7e>
	if(frame == NULL) { return false; }	
 8002fd8:	bf00      	nop
	(void)_sendFrame(&frame);
} 
 8002fda:	bf00      	nop
 8002fdc:	3728      	adds	r7, #40	; 0x28
 8002fde:	46bd      	mov	sp, r7
 8002fe0:	bd80      	pop	{r7, pc}
 8002fe2:	bf00      	nop
 8002fe4:	20000724 	.word	0x20000724

08002fe8 <sendEncodersState>:
void sendEncodersState(bool all_encoders){
 8002fe8:	b580      	push	{r7, lr}
 8002fea:	b092      	sub	sp, #72	; 0x48
 8002fec:	af02      	add	r7, sp, #8
 8002fee:	4603      	mov	r3, r0
 8002ff0:	71fb      	strb	r3, [r7, #7]

	// размер буфера это количество энкодеров по 2 байта на энкодер
	// const uint8_t size_buf = ENCODER_COUNT*2;
	// размер последнего сообщения для отправки 
	// то есть полное сообщение 8 байт / 2 байта = 4 энкодера 
	uint8_t dlc_last_msg = 0; 
 8002ff2:	2300      	movs	r3, #0
 8002ff4:	f887 3023 	strb.w	r3, [r7, #35]	; 0x23
	// буфер для упаковки 
	uint8_t buf[ENCODER_CHANNEL_COUNT_BYTE] = {0};
 8002ff8:	2300      	movs	r3, #0
 8002ffa:	61fb      	str	r3, [r7, #28]
	// Упаковываем состояния энкодеров в линейный буфер
    // count_msg: сколько всего сообщений нужно отправить
    // dlc_last_msg: длина последнего сообщения в байтах (0..8) 
	uint8_t count_msg = encoder_pack(buf, ENCODER_CHANNEL_COUNT_BYTE, &dlc_last_msg, all_encoders);
 8002ffc:	79fb      	ldrb	r3, [r7, #7]
 8002ffe:	f107 0223 	add.w	r2, r7, #35	; 0x23
 8003002:	f107 001c 	add.w	r0, r7, #28
 8003006:	2104      	movs	r1, #4
 8003008:	f001 fd86 	bl	8004b18 <encoder_pack>
 800300c:	4603      	mov	r3, r0
 800300e:	f887 3033 	strb.w	r3, [r7, #51]	; 0x33
	const uint32_t id_can = obmen_state.id_msg_tx[2]; 
 8003012:	4bb6      	ldr	r3, [pc, #728]	; (80032ec <sendEncodersState+0x304>)
 8003014:	6a1b      	ldr	r3, [r3, #32]
 8003016:	62fb      	str	r3, [r7, #44]	; 0x2c
	if(count_msg == 0) return; // Нечего отправлять
 8003018:	f897 3033 	ldrb.w	r3, [r7, #51]	; 0x33
 800301c:	2b00      	cmp	r3, #0
 800301e:	f000 8160 	beq.w	80032e2 <sendEncodersState+0x2fa>
	//разбираем буфер
	for(uint8_t msg_idx = 0; msg_idx < count_msg; msg_idx++){
 8003022:	2300      	movs	r3, #0
 8003024:	f887 303f 	strb.w	r3, [r7, #63]	; 0x3f
 8003028:	e153      	b.n	80032d2 <sendEncodersState+0x2ea>
		// определяем длину текущего кадра 8 байт для всех кроме последнего 
		uint8_t dlc = 8; 
 800302a:	2308      	movs	r3, #8
 800302c:	f887 303e 	strb.w	r3, [r7, #62]	; 0x3e
		// слова для can frame
		uint32_t data1 = 0; 
 8003030:	2300      	movs	r3, #0
 8003032:	63bb      	str	r3, [r7, #56]	; 0x38
		uint32_t data2 = 0;
 8003034:	2300      	movs	r3, #0
 8003036:	637b      	str	r3, [r7, #52]	; 0x34
		//смещение в буфере для текущего кадра 
		uint8_t offset = msg_idx * 8;
 8003038:	f897 303f 	ldrb.w	r3, [r7, #63]	; 0x3f
 800303c:	00db      	lsls	r3, r3, #3
 800303e:	f887 302b 	strb.w	r3, [r7, #43]	; 0x2b
		// определяем длину последнего кадра
		if(msg_idx == count_msg-1){
 8003042:	f897 203f 	ldrb.w	r2, [r7, #63]	; 0x3f
 8003046:	f897 3033 	ldrb.w	r3, [r7, #51]	; 0x33
 800304a:	3b01      	subs	r3, #1
 800304c:	429a      	cmp	r2, r3
 800304e:	f040 80d3 	bne.w	80031f8 <sendEncodersState+0x210>
			dlc = dlc_last_msg; 
 8003052:	f897 3023 	ldrb.w	r3, [r7, #35]	; 0x23
 8003056:	f887 303e 	strb.w	r3, [r7, #62]	; 0x3e
			switch(dlc){
 800305a:	f897 303e 	ldrb.w	r3, [r7, #62]	; 0x3e
 800305e:	3b02      	subs	r3, #2
 8003060:	2b06      	cmp	r3, #6
 8003062:	f200 8113 	bhi.w	800328c <sendEncodersState+0x2a4>
 8003066:	a201      	add	r2, pc, #4	; (adr r2, 800306c <sendEncodersState+0x84>)
 8003068:	f852 f023 	ldr.w	pc, [r2, r3, lsl #2]
 800306c:	08003089 	.word	0x08003089
 8003070:	0800328d 	.word	0x0800328d
 8003074:	080030ad 	.word	0x080030ad
 8003078:	0800328d 	.word	0x0800328d
 800307c:	080030f7 	.word	0x080030f7
 8003080:	0800328d 	.word	0x0800328d
 8003084:	08003165 	.word	0x08003165
				case 2: data1 = make32XXXXOOOO(buf + offset); break;
 8003088:	f897 302b 	ldrb.w	r3, [r7, #43]	; 0x2b
 800308c:	3301      	adds	r3, #1
 800308e:	f107 021c 	add.w	r2, r7, #28
 8003092:	4413      	add	r3, r2
 8003094:	781b      	ldrb	r3, [r3, #0]
 8003096:	041a      	lsls	r2, r3, #16
 8003098:	f897 302b 	ldrb.w	r3, [r7, #43]	; 0x2b
 800309c:	f107 011c 	add.w	r1, r7, #28
 80030a0:	440b      	add	r3, r1
 80030a2:	781b      	ldrb	r3, [r3, #0]
 80030a4:	061b      	lsls	r3, r3, #24
 80030a6:	4313      	orrs	r3, r2
 80030a8:	63bb      	str	r3, [r7, #56]	; 0x38
 80030aa:	e0f0      	b.n	800328e <sendEncodersState+0x2a6>
				case 4: data1 = make32(buf + offset); break;
 80030ac:	f897 302b 	ldrb.w	r3, [r7, #43]	; 0x2b
 80030b0:	3303      	adds	r3, #3
 80030b2:	f107 021c 	add.w	r2, r7, #28
 80030b6:	4413      	add	r3, r2
 80030b8:	781b      	ldrb	r3, [r3, #0]
 80030ba:	4619      	mov	r1, r3
 80030bc:	f897 302b 	ldrb.w	r3, [r7, #43]	; 0x2b
 80030c0:	3302      	adds	r3, #2
 80030c2:	f107 021c 	add.w	r2, r7, #28
 80030c6:	4413      	add	r3, r2
 80030c8:	781b      	ldrb	r3, [r3, #0]
 80030ca:	021b      	lsls	r3, r3, #8
 80030cc:	ea41 0203 	orr.w	r2, r1, r3
 80030d0:	f897 302b 	ldrb.w	r3, [r7, #43]	; 0x2b
 80030d4:	3301      	adds	r3, #1
 80030d6:	f107 011c 	add.w	r1, r7, #28
 80030da:	440b      	add	r3, r1
 80030dc:	781b      	ldrb	r3, [r3, #0]
 80030de:	041b      	lsls	r3, r3, #16
 80030e0:	431a      	orrs	r2, r3
 80030e2:	f897 302b 	ldrb.w	r3, [r7, #43]	; 0x2b
 80030e6:	f107 011c 	add.w	r1, r7, #28
 80030ea:	440b      	add	r3, r1
 80030ec:	781b      	ldrb	r3, [r3, #0]
 80030ee:	061b      	lsls	r3, r3, #24
 80030f0:	4313      	orrs	r3, r2
 80030f2:	63bb      	str	r3, [r7, #56]	; 0x38
 80030f4:	e0cb      	b.n	800328e <sendEncodersState+0x2a6>
				case 6: data1 = make32(buf + offset); data2 = make32XXXXOOOO(buf + offset + 4); break;
 80030f6:	f897 302b 	ldrb.w	r3, [r7, #43]	; 0x2b
 80030fa:	3303      	adds	r3, #3
 80030fc:	f107 021c 	add.w	r2, r7, #28
 8003100:	4413      	add	r3, r2
 8003102:	781b      	ldrb	r3, [r3, #0]
 8003104:	4619      	mov	r1, r3
 8003106:	f897 302b 	ldrb.w	r3, [r7, #43]	; 0x2b
 800310a:	3302      	adds	r3, #2
 800310c:	f107 021c 	add.w	r2, r7, #28
 8003110:	4413      	add	r3, r2
 8003112:	781b      	ldrb	r3, [r3, #0]
 8003114:	021b      	lsls	r3, r3, #8
 8003116:	ea41 0203 	orr.w	r2, r1, r3
 800311a:	f897 302b 	ldrb.w	r3, [r7, #43]	; 0x2b
 800311e:	3301      	adds	r3, #1
 8003120:	f107 011c 	add.w	r1, r7, #28
 8003124:	440b      	add	r3, r1
 8003126:	781b      	ldrb	r3, [r3, #0]
 8003128:	041b      	lsls	r3, r3, #16
 800312a:	431a      	orrs	r2, r3
 800312c:	f897 302b 	ldrb.w	r3, [r7, #43]	; 0x2b
 8003130:	f107 011c 	add.w	r1, r7, #28
 8003134:	440b      	add	r3, r1
 8003136:	781b      	ldrb	r3, [r3, #0]
 8003138:	061b      	lsls	r3, r3, #24
 800313a:	4313      	orrs	r3, r2
 800313c:	63bb      	str	r3, [r7, #56]	; 0x38
 800313e:	f897 302b 	ldrb.w	r3, [r7, #43]	; 0x2b
 8003142:	3305      	adds	r3, #5
 8003144:	f107 021c 	add.w	r2, r7, #28
 8003148:	4413      	add	r3, r2
 800314a:	781b      	ldrb	r3, [r3, #0]
 800314c:	041a      	lsls	r2, r3, #16
 800314e:	f897 302b 	ldrb.w	r3, [r7, #43]	; 0x2b
 8003152:	3304      	adds	r3, #4
 8003154:	f107 011c 	add.w	r1, r7, #28
 8003158:	440b      	add	r3, r1
 800315a:	781b      	ldrb	r3, [r3, #0]
 800315c:	061b      	lsls	r3, r3, #24
 800315e:	4313      	orrs	r3, r2
 8003160:	637b      	str	r3, [r7, #52]	; 0x34
 8003162:	e094      	b.n	800328e <sendEncodersState+0x2a6>
				case 8: data1 = make32(buf + offset); data2 = make32(buf + offset + 4); break;
 8003164:	f897 302b 	ldrb.w	r3, [r7, #43]	; 0x2b
 8003168:	3303      	adds	r3, #3
 800316a:	f107 021c 	add.w	r2, r7, #28
 800316e:	4413      	add	r3, r2
 8003170:	781b      	ldrb	r3, [r3, #0]
 8003172:	4619      	mov	r1, r3
 8003174:	f897 302b 	ldrb.w	r3, [r7, #43]	; 0x2b
 8003178:	3302      	adds	r3, #2
 800317a:	f107 021c 	add.w	r2, r7, #28
 800317e:	4413      	add	r3, r2
 8003180:	781b      	ldrb	r3, [r3, #0]
 8003182:	021b      	lsls	r3, r3, #8
 8003184:	ea41 0203 	orr.w	r2, r1, r3
 8003188:	f897 302b 	ldrb.w	r3, [r7, #43]	; 0x2b
 800318c:	3301      	adds	r3, #1
 800318e:	f107 011c 	add.w	r1, r7, #28
 8003192:	440b      	add	r3, r1
 8003194:	781b      	ldrb	r3, [r3, #0]
 8003196:	041b      	lsls	r3, r3, #16
 8003198:	431a      	orrs	r2, r3
 800319a:	f897 302b 	ldrb.w	r3, [r7, #43]	; 0x2b
 800319e:	f107 011c 	add.w	r1, r7, #28
 80031a2:	440b      	add	r3, r1
 80031a4:	781b      	ldrb	r3, [r3, #0]
 80031a6:	061b      	lsls	r3, r3, #24
 80031a8:	4313      	orrs	r3, r2
 80031aa:	63bb      	str	r3, [r7, #56]	; 0x38
 80031ac:	f897 302b 	ldrb.w	r3, [r7, #43]	; 0x2b
 80031b0:	3307      	adds	r3, #7
 80031b2:	f107 021c 	add.w	r2, r7, #28
 80031b6:	4413      	add	r3, r2
 80031b8:	781b      	ldrb	r3, [r3, #0]
 80031ba:	4619      	mov	r1, r3
 80031bc:	f897 302b 	ldrb.w	r3, [r7, #43]	; 0x2b
 80031c0:	3306      	adds	r3, #6
 80031c2:	f107 021c 	add.w	r2, r7, #28
 80031c6:	4413      	add	r3, r2
 80031c8:	781b      	ldrb	r3, [r3, #0]
 80031ca:	021b      	lsls	r3, r3, #8
 80031cc:	ea41 0203 	orr.w	r2, r1, r3
 80031d0:	f897 302b 	ldrb.w	r3, [r7, #43]	; 0x2b
 80031d4:	3305      	adds	r3, #5
 80031d6:	f107 011c 	add.w	r1, r7, #28
 80031da:	440b      	add	r3, r1
 80031dc:	781b      	ldrb	r3, [r3, #0]
 80031de:	041b      	lsls	r3, r3, #16
 80031e0:	431a      	orrs	r2, r3
 80031e2:	f897 302b 	ldrb.w	r3, [r7, #43]	; 0x2b
 80031e6:	3304      	adds	r3, #4
 80031e8:	f107 011c 	add.w	r1, r7, #28
 80031ec:	440b      	add	r3, r1
 80031ee:	781b      	ldrb	r3, [r3, #0]
 80031f0:	061b      	lsls	r3, r3, #24
 80031f2:	4313      	orrs	r3, r2
 80031f4:	637b      	str	r3, [r7, #52]	; 0x34
 80031f6:	e04a      	b.n	800328e <sendEncodersState+0x2a6>
				default: break;
			}
		} else {
			data1 = make32(buf + offset);
 80031f8:	f897 302b 	ldrb.w	r3, [r7, #43]	; 0x2b
 80031fc:	3303      	adds	r3, #3
 80031fe:	f107 021c 	add.w	r2, r7, #28
 8003202:	4413      	add	r3, r2
 8003204:	781b      	ldrb	r3, [r3, #0]
 8003206:	4619      	mov	r1, r3
 8003208:	f897 302b 	ldrb.w	r3, [r7, #43]	; 0x2b
 800320c:	3302      	adds	r3, #2
 800320e:	f107 021c 	add.w	r2, r7, #28
 8003212:	4413      	add	r3, r2
 8003214:	781b      	ldrb	r3, [r3, #0]
 8003216:	021b      	lsls	r3, r3, #8
 8003218:	ea41 0203 	orr.w	r2, r1, r3
 800321c:	f897 302b 	ldrb.w	r3, [r7, #43]	; 0x2b
 8003220:	3301      	adds	r3, #1
 8003222:	f107 011c 	add.w	r1, r7, #28
 8003226:	440b      	add	r3, r1
 8003228:	781b      	ldrb	r3, [r3, #0]
 800322a:	041b      	lsls	r3, r3, #16
 800322c:	431a      	orrs	r2, r3
 800322e:	f897 302b 	ldrb.w	r3, [r7, #43]	; 0x2b
 8003232:	f107 011c 	add.w	r1, r7, #28
 8003236:	440b      	add	r3, r1
 8003238:	781b      	ldrb	r3, [r3, #0]
 800323a:	061b      	lsls	r3, r3, #24
 800323c:	4313      	orrs	r3, r2
 800323e:	63bb      	str	r3, [r7, #56]	; 0x38
			data2 = make32(buf + offset + 4);	
 8003240:	f897 302b 	ldrb.w	r3, [r7, #43]	; 0x2b
 8003244:	3307      	adds	r3, #7
 8003246:	f107 021c 	add.w	r2, r7, #28
 800324a:	4413      	add	r3, r2
 800324c:	781b      	ldrb	r3, [r3, #0]
 800324e:	4619      	mov	r1, r3
 8003250:	f897 302b 	ldrb.w	r3, [r7, #43]	; 0x2b
 8003254:	3306      	adds	r3, #6
 8003256:	f107 021c 	add.w	r2, r7, #28
 800325a:	4413      	add	r3, r2
 800325c:	781b      	ldrb	r3, [r3, #0]
 800325e:	021b      	lsls	r3, r3, #8
 8003260:	ea41 0203 	orr.w	r2, r1, r3
 8003264:	f897 302b 	ldrb.w	r3, [r7, #43]	; 0x2b
 8003268:	3305      	adds	r3, #5
 800326a:	f107 011c 	add.w	r1, r7, #28
 800326e:	440b      	add	r3, r1
 8003270:	781b      	ldrb	r3, [r3, #0]
 8003272:	041b      	lsls	r3, r3, #16
 8003274:	431a      	orrs	r2, r3
 8003276:	f897 302b 	ldrb.w	r3, [r7, #43]	; 0x2b
 800327a:	3304      	adds	r3, #4
 800327c:	f107 011c 	add.w	r1, r7, #28
 8003280:	440b      	add	r3, r1
 8003282:	781b      	ldrb	r3, [r3, #0]
 8003284:	061b      	lsls	r3, r3, #24
 8003286:	4313      	orrs	r3, r2
 8003288:	637b      	str	r3, [r7, #52]	; 0x34
 800328a:	e000      	b.n	800328e <sendEncodersState+0x2a6>
				default: break;
 800328c:	bf00      	nop
		}
		can_frame frame;
		initFrame(&frame, id_can, data1, data2, dlc, CAN_ID_STD); 
 800328e:	f107 0008 	add.w	r0, r7, #8
 8003292:	2300      	movs	r3, #0
 8003294:	9301      	str	r3, [sp, #4]
 8003296:	f897 303e 	ldrb.w	r3, [r7, #62]	; 0x3e
 800329a:	9300      	str	r3, [sp, #0]
 800329c:	6b7b      	ldr	r3, [r7, #52]	; 0x34
 800329e:	6bba      	ldr	r2, [r7, #56]	; 0x38
 80032a0:	6af9      	ldr	r1, [r7, #44]	; 0x2c
 80032a2:	f000 fd2d 	bl	8003d00 <initFrame>
 80032a6:	f107 0308 	add.w	r3, r7, #8
 80032aa:	627b      	str	r3, [r7, #36]	; 0x24
	if(frame == NULL) { return false; }	
 80032ac:	6a7b      	ldr	r3, [r7, #36]	; 0x24
 80032ae:	2b00      	cmp	r3, #0
 80032b0:	d009      	beq.n	80032c6 <sendEncodersState+0x2de>
	if(canBufAddData (getTxBuf(), frame) == SUCCESS){ return true; }
 80032b2:	f000 f933 	bl	800351c <getTxBuf>
 80032b6:	4603      	mov	r3, r0
 80032b8:	6a79      	ldr	r1, [r7, #36]	; 0x24
 80032ba:	4618      	mov	r0, r3
 80032bc:	f000 fd44 	bl	8003d48 <canBufAddData>
 80032c0:	4603      	mov	r3, r0
 80032c2:	2b01      	cmp	r3, #1
 80032c4:	e000      	b.n	80032c8 <sendEncodersState+0x2e0>
	if(frame == NULL) { return false; }	
 80032c6:	bf00      	nop
	for(uint8_t msg_idx = 0; msg_idx < count_msg; msg_idx++){
 80032c8:	f897 303f 	ldrb.w	r3, [r7, #63]	; 0x3f
 80032cc:	3301      	adds	r3, #1
 80032ce:	f887 303f 	strb.w	r3, [r7, #63]	; 0x3f
 80032d2:	f897 203f 	ldrb.w	r2, [r7, #63]	; 0x3f
 80032d6:	f897 3033 	ldrb.w	r3, [r7, #51]	; 0x33
 80032da:	429a      	cmp	r2, r3
 80032dc:	f4ff aea5 	bcc.w	800302a <sendEncodersState+0x42>
 80032e0:	e000      	b.n	80032e4 <sendEncodersState+0x2fc>
	if(count_msg == 0) return; // Нечего отправлять
 80032e2:	bf00      	nop
		(void)_sendFrame(&frame);
	}
} 
 80032e4:	3740      	adds	r7, #64	; 0x40
 80032e6:	46bd      	mov	sp, r7
 80032e8:	bd80      	pop	{r7, pc}
 80032ea:	bf00      	nop
 80032ec:	20000724 	.word	0x20000724

080032f0 <adc_pack_state_channel>:
    
    return ADC_STATUS_OK;   
} 

// упаковка в буфер для отправки в can
AdcStatus_t adc_pack_state_channel(AdcChannel_t channel, uint8_t * buf){
 80032f0:	b480      	push	{r7}
 80032f2:	b085      	sub	sp, #20
 80032f4:	af00      	add	r7, sp, #0
 80032f6:	4603      	mov	r3, r0
 80032f8:	6039      	str	r1, [r7, #0]
 80032fa:	71fb      	strb	r3, [r7, #7]
    #ifdef ADC_TEST
        adc_data[ADC_CHANNEL_1] = 0x123;
        adc_data[ADC_CHANNEL_2] = 0x456;
        adc_data[ADC_CHANNEL_3] = 0x789;
    #endif
    const uint16_t value = adc_data[channel] & ADC_MASK_DATA;
 80032fc:	79fb      	ldrb	r3, [r7, #7]
 80032fe:	4a0e      	ldr	r2, [pc, #56]	; (8003338 <adc_pack_state_channel+0x48>)
 8003300:	f832 3013 	ldrh.w	r3, [r2, r3, lsl #1]
 8003304:	b29b      	uxth	r3, r3
 8003306:	f3c3 030a 	ubfx	r3, r3, #0, #11
 800330a:	81fb      	strh	r3, [r7, #14]
    buf[0] = adc_channel_names[channel] | ((uint8_t)(value >> 8));
 800330c:	79fb      	ldrb	r3, [r7, #7]
 800330e:	4a0b      	ldr	r2, [pc, #44]	; (800333c <adc_pack_state_channel+0x4c>)
 8003310:	5cd2      	ldrb	r2, [r2, r3]
 8003312:	89fb      	ldrh	r3, [r7, #14]
 8003314:	0a1b      	lsrs	r3, r3, #8
 8003316:	b29b      	uxth	r3, r3
 8003318:	b2db      	uxtb	r3, r3
 800331a:	4313      	orrs	r3, r2
 800331c:	b2da      	uxtb	r2, r3
 800331e:	683b      	ldr	r3, [r7, #0]
 8003320:	701a      	strb	r2, [r3, #0]
    buf[1] = (uint8_t)value;
 8003322:	683b      	ldr	r3, [r7, #0]
 8003324:	3301      	adds	r3, #1
 8003326:	89fa      	ldrh	r2, [r7, #14]
 8003328:	b2d2      	uxtb	r2, r2
 800332a:	701a      	strb	r2, [r3, #0]
    
    return ADC_STATUS_OK; 
 800332c:	2300      	movs	r3, #0
}
 800332e:	4618      	mov	r0, r3
 8003330:	3714      	adds	r7, #20
 8003332:	46bd      	mov	sp, r7
 8003334:	bc80      	pop	{r7}
 8003336:	4770      	bx	lr
 8003338:	2000076c 	.word	0x2000076c
 800333c:	20000774 	.word	0x20000774

08003340 <boardInit>:
    .pinReset = (gpio_pin_t*)&disp_reset_pin,
    .ili9322_cfg = &ILI9322_DEFAULT_CONFIG,
};

void boardInit(void)
{
 8003340:	b580      	push	{r7, lr}
 8003342:	b086      	sub	sp, #24
 8003344:	af00      	add	r7, sp, #0
    
    // чтение идентификатора микроконтроллера
    eeprom_init();
 8003346:	f001 f84b 	bl	80043e0 <eeprom_init>
    memset(&idm.id, 0, sizeof(id_milandr));    
 800334a:	2214      	movs	r2, #20
 800334c:	2100      	movs	r1, #0
 800334e:	4843      	ldr	r0, [pc, #268]	; (800345c <boardInit+0x11c>)
 8003350:	f003 f93e 	bl	80065d0 <memset>
    eeprom_read_id(&idm.id[0], 5);
 8003354:	2105      	movs	r1, #5
 8003356:	4841      	ldr	r0, [pc, #260]	; (800345c <boardInit+0x11c>)
 8003358:	f001 f940 	bl	80045dc <eeprom_read_id>

    // инициализация конфигурации
    initConfig(&cfg);
 800335c:	4840      	ldr	r0, [pc, #256]	; (8003460 <boardInit+0x120>)
 800335e:	f000 feff 	bl	8004160 <initConfig>
    // чтение контрольной суммы
    uint32_t dataCrc[1]; 
    if(eeprom_read_crc(dataCrc)!=EEPROM_OK)
 8003362:	463b      	mov	r3, r7
 8003364:	4618      	mov	r0, r3
 8003366:	f001 f96b 	bl	8004640 <eeprom_read_crc>
 800336a:	4603      	mov	r3, r0
 800336c:	2b01      	cmp	r3, #1
 800336e:	d001      	beq.n	8003374 <boardInit+0x34>
    {
        dataCrc[0] = 0; 
 8003370:	2300      	movs	r3, #0
 8003372:	603b      	str	r3, [r7, #0]
    }
    crcHex = (uint16_t)(dataCrc[0]&0xFFFF);
 8003374:	683b      	ldr	r3, [r7, #0]
 8003376:	b29a      	uxth	r2, r3
 8003378:	4b3a      	ldr	r3, [pc, #232]	; (8003464 <boardInit+0x124>)
 800337a:	801a      	strh	r2, [r3, #0]

    // настройка базовых идентификаторов
    const uint32_t can_id_logic = cfg.config_struct.id_can_logic; 
 800337c:	4b38      	ldr	r3, [pc, #224]	; (8003460 <boardInit+0x120>)
 800337e:	685b      	ldr	r3, [r3, #4]
 8003380:	617b      	str	r3, [r7, #20]
    const uint32_t can_id_physic = cfg.config_struct.id_can_physic;
 8003382:	4b37      	ldr	r3, [pc, #220]	; (8003460 <boardInit+0x120>)
 8003384:	689b      	ldr	r3, [r3, #8]
 8003386:	613b      	str	r3, [r7, #16]
    obmen_init(can_id_logic, can_id_physic);
 8003388:	6939      	ldr	r1, [r7, #16]
 800338a:	6978      	ldr	r0, [r7, #20]
 800338c:	f7fe fd88 	bl	8001ea0 <obmen_init>
    // настройка Can, фильтров Can
    initCan(can_id_logic, CAN_PROTOKOL_MOSKOV); 
 8003390:	2101      	movs	r1, #1
 8003392:	6978      	ldr	r0, [r7, #20]
 8003394:	f000 f94a 	bl	800362c <initCan>

    #if defined(TMR2_ON) || defined(TMR3_ON)
    // настройка шим
    (void)pwm_init(&cfg);
 8003398:	4831      	ldr	r0, [pc, #196]	; (8003460 <boardInit+0x120>)
 800339a:	f001 ff63 	bl	8005264 <pwm_init>
    pwm_set_inverted(PWM_CHANNEL_SCALE2, true);
 800339e:	2101      	movs	r1, #1
 80033a0:	2002      	movs	r0, #2
 80033a2:	f002 f87b 	bl	800549c <pwm_set_inverted>
    // отключаем дисплей на время инициализции
    pwm_set_display_enable(DISPLAY_OFF);
 80033a6:	2001      	movs	r0, #1
 80033a8:	f002 f948 	bl	800563c <pwm_set_display_enable>
    #endif


    // настройка энкодеров
    const uint8_t name_encoder_1 = getPtrCfg()->config_struct.enc1_name_channel;
 80033ac:	f000 f864 	bl	8003478 <getPtrCfg>
 80033b0:	4603      	mov	r3, r0
 80033b2:	6c5b      	ldr	r3, [r3, #68]	; 0x44
 80033b4:	73fb      	strb	r3, [r7, #15]
    const uint8_t name_encoder_2 = getPtrCfg()->config_struct.enc2_name_channel;
 80033b6:	f000 f85f 	bl	8003478 <getPtrCfg>
 80033ba:	4603      	mov	r3, r0
 80033bc:	6c9b      	ldr	r3, [r3, #72]	; 0x48
 80033be:	73bb      	strb	r3, [r7, #14]
    

    (void)encoder_init(&cfg);
 80033c0:	4827      	ldr	r0, [pc, #156]	; (8003460 <boardInit+0x120>)
 80033c2:	f001 f95d 	bl	8004680 <encoder_init>
    (void)encoder_add(ENCODER_1, name_encoder_1, encoder1_pins);
 80033c6:	7bfb      	ldrb	r3, [r7, #15]
 80033c8:	4a27      	ldr	r2, [pc, #156]	; (8003468 <boardInit+0x128>)
 80033ca:	4619      	mov	r1, r3
 80033cc:	2000      	movs	r0, #0
 80033ce:	f001 f9df 	bl	8004790 <encoder_add>
    (void)encoder_add(ENCODER_2, name_encoder_2, encoder2_pins);
 80033d2:	7bbb      	ldrb	r3, [r7, #14]
 80033d4:	4a25      	ldr	r2, [pc, #148]	; (800346c <boardInit+0x12c>)
 80033d6:	4619      	mov	r1, r3
 80033d8:	2001      	movs	r0, #1
 80033da:	f001 f9d9 	bl	8004790 <encoder_add>

    // настройка кнопок
    single_button_init(&cfg_single_buttons); 
 80033de:	4824      	ldr	r0, [pc, #144]	; (8003470 <boardInit+0x130>)
 80033e0:	f002 fa64 	bl	80058ac <single_button_init>
    single_button_set_default_buffer(button_get_buffer_state(), 8); 
 80033e4:	f000 f886 	bl	80034f4 <button_get_buffer_state>
 80033e8:	4603      	mov	r3, r0
 80033ea:	2108      	movs	r1, #8
 80033ec:	4618      	mov	r0, r3
 80033ee:	f002 fb7f 	bl	8005af0 <single_button_set_default_buffer>

    // настройка дисплея
    Ili9322_config_t* cfg = cfg_display.ili9322_cfg;
 80033f2:	4b20      	ldr	r3, [pc, #128]	; (8003474 <boardInit+0x134>)
 80033f4:	685b      	ldr	r3, [r3, #4]
 80033f6:	60bb      	str	r3, [r7, #8]
    uint8_t brightness = (uint8_t)getPtrCfg()->config_struct.brightness;
 80033f8:	f000 f83e 	bl	8003478 <getPtrCfg>
 80033fc:	4603      	mov	r3, r0
 80033fe:	6f5b      	ldr	r3, [r3, #116]	; 0x74
 8003400:	71fb      	strb	r3, [r7, #7]
    uint8_t contrast = (uint8_t)getPtrCfg()->config_struct.contrast;
 8003402:	f000 f839 	bl	8003478 <getPtrCfg>
 8003406:	4603      	mov	r3, r0
 8003408:	6f1b      	ldr	r3, [r3, #112]	; 0x70
 800340a:	71bb      	strb	r3, [r7, #6]
    uint8_t entry_ctrl = (uint8_t)getPtrCfg()->config_struct.entry_ctrl;    
 800340c:	f000 f834 	bl	8003478 <getPtrCfg>
 8003410:	4603      	mov	r3, r0
 8003412:	6e9b      	ldr	r3, [r3, #104]	; 0x68
 8003414:	717b      	strb	r3, [r7, #5]
    uint8_t polarity = (uint8_t)getPtrCfg()->config_struct.polarity;
 8003416:	f000 f82f 	bl	8003478 <getPtrCfg>
 800341a:	4603      	mov	r3, r0
 800341c:	6edb      	ldr	r3, [r3, #108]	; 0x6c
 800341e:	713b      	strb	r3, [r7, #4]
    
    ili9322_init_brightness(cfg, brightness);
 8003420:	79fb      	ldrb	r3, [r7, #7]
 8003422:	4619      	mov	r1, r3
 8003424:	68b8      	ldr	r0, [r7, #8]
 8003426:	f7fe fcad 	bl	8001d84 <ili9322_init_brightness>
    ili9322_init_contrast(cfg, contrast);
 800342a:	79bb      	ldrb	r3, [r7, #6]
 800342c:	4619      	mov	r1, r3
 800342e:	68b8      	ldr	r0, [r7, #8]
 8003430:	f7fe fcb7 	bl	8001da2 <ili9322_init_contrast>
    ili9322_init_entry_ctrl(cfg, entry_ctrl);
 8003434:	797b      	ldrb	r3, [r7, #5]
 8003436:	4619      	mov	r1, r3
 8003438:	68b8      	ldr	r0, [r7, #8]
 800343a:	f7fe fcc4 	bl	8001dc6 <ili9322_init_entry_ctrl>
    ili9322_init_polarity(cfg, polarity);
 800343e:	793b      	ldrb	r3, [r7, #4]
 8003440:	4619      	mov	r1, r3
 8003442:	68b8      	ldr	r0, [r7, #8]
 8003444:	f7fe fce1 	bl	8001e0a <ili9322_init_polarity>

    (void)display_init(&cfg_display);
 8003448:	480a      	ldr	r0, [pc, #40]	; (8003474 <boardInit+0x134>)
 800344a:	f000 ff83 	bl	8004354 <display_init>
    // включаем дисплей
    pwm_set_display_enable(DISPLAY_ON);
 800344e:	2000      	movs	r0, #0
 8003450:	f002 f8f4 	bl	800563c <pwm_set_display_enable>

}
 8003454:	bf00      	nop
 8003456:	3718      	adds	r7, #24
 8003458:	46bd      	mov	sp, r7
 800345a:	bd80      	pop	{r7, pc}
 800345c:	20000778 	.word	0x20000778
 8003460:	2000078c 	.word	0x2000078c
 8003464:	2000088c 	.word	0x2000088c
 8003468:	080066a8 	.word	0x080066a8
 800346c:	08006690 	.word	0x08006690
 8003470:	20000638 	.word	0x20000638
 8003474:	20000678 	.word	0x20000678

08003478 <getPtrCfg>:
void boardRun()
{

}

config_union* getPtrCfg(){
 8003478:	b480      	push	{r7}
 800347a:	af00      	add	r7, sp, #0
    return &cfg;
 800347c:	4b02      	ldr	r3, [pc, #8]	; (8003488 <getPtrCfg+0x10>)
}
 800347e:	4618      	mov	r0, r3
 8003480:	46bd      	mov	sp, r7
 8003482:	bc80      	pop	{r7}
 8003484:	4770      	bx	lr
 8003486:	bf00      	nop
 8003488:	2000078c 	.word	0x2000078c

0800348c <getPtrIli9322Cfg>:

Ili9322_config_t *getPtrIli9322Cfg(){
 800348c:	b480      	push	{r7}
 800348e:	af00      	add	r7, sp, #0
    return (Ili9322_config_t*) &ILI9322_DEFAULT_CONFIG;
 8003490:	4b02      	ldr	r3, [pc, #8]	; (800349c <getPtrIli9322Cfg+0x10>)
}
 8003492:	4618      	mov	r0, r3
 8003494:	46bd      	mov	sp, r7
 8003496:	bc80      	pop	{r7}
 8003498:	4770      	bx	lr
 800349a:	bf00      	nop
 800349c:	2000064c 	.word	0x2000064c

080034a0 <button_pack_state>:
    }
}
   
     
// публичные функции 
ButtonStatus_t button_pack_state(uint8_t *data){
 80034a0:	b480      	push	{r7}
 80034a2:	b083      	sub	sp, #12
 80034a4:	af00      	add	r7, sp, #0
 80034a6:	6078      	str	r0, [r7, #4]
    if(data == NULL) return BUTTON_STATUS_ERROR;
 80034a8:	687b      	ldr	r3, [r7, #4]
 80034aa:	2b00      	cmp	r3, #0
 80034ac:	d101      	bne.n	80034b2 <button_pack_state+0x12>
 80034ae:	2301      	movs	r3, #1
 80034b0:	e007      	b.n	80034c2 <button_pack_state+0x22>
    memcpy(data, button_state, sizeof(button_state));
 80034b2:	687b      	ldr	r3, [r7, #4]
 80034b4:	4905      	ldr	r1, [pc, #20]	; (80034cc <button_pack_state+0x2c>)
 80034b6:	461a      	mov	r2, r3
 80034b8:	460b      	mov	r3, r1
 80034ba:	cb03      	ldmia	r3!, {r0, r1}
 80034bc:	6010      	str	r0, [r2, #0]
 80034be:	6051      	str	r1, [r2, #4]
    return BUTTON_STATUS_OK;
 80034c0:	2300      	movs	r3, #0
}
 80034c2:	4618      	mov	r0, r3
 80034c4:	370c      	adds	r7, #12
 80034c6:	46bd      	mov	sp, r7
 80034c8:	bc80      	pop	{r7}
 80034ca:	4770      	bx	lr
 80034cc:	20000890 	.word	0x20000890

080034d0 <button_event>:

ButtonEvent_t button_event(void){
 80034d0:	b480      	push	{r7}
 80034d2:	b083      	sub	sp, #12
 80034d4:	af00      	add	r7, sp, #0
    ButtonEvent_t event = is_button_event;
 80034d6:	4b06      	ldr	r3, [pc, #24]	; (80034f0 <button_event+0x20>)
 80034d8:	781b      	ldrb	r3, [r3, #0]
 80034da:	71fb      	strb	r3, [r7, #7]
    is_button_event = BUTTON_NO_CHANGE;
 80034dc:	4b04      	ldr	r3, [pc, #16]	; (80034f0 <button_event+0x20>)
 80034de:	2200      	movs	r2, #0
 80034e0:	701a      	strb	r2, [r3, #0]
    return event;
 80034e2:	79fb      	ldrb	r3, [r7, #7]
}
 80034e4:	4618      	mov	r0, r3
 80034e6:	370c      	adds	r7, #12
 80034e8:	46bd      	mov	sp, r7
 80034ea:	bc80      	pop	{r7}
 80034ec:	4770      	bx	lr
 80034ee:	bf00      	nop
 80034f0:	20000898 	.word	0x20000898

080034f4 <button_get_buffer_state>:

uint8_t* button_get_buffer_state() { 
 80034f4:	b480      	push	{r7}
 80034f6:	af00      	add	r7, sp, #0
    return button_state; 
 80034f8:	4b02      	ldr	r3, [pc, #8]	; (8003504 <button_get_buffer_state+0x10>)
}
 80034fa:	4618      	mov	r0, r3
 80034fc:	46bd      	mov	sp, r7
 80034fe:	bc80      	pop	{r7}
 8003500:	4770      	bx	lr
 8003502:	bf00      	nop
 8003504:	20000890 	.word	0x20000890

08003508 <getRxBuf>:

void initPinCan(void);
uint32_t canGetEmptyTxBuf(MDR_CAN_TypeDef * can);

can_ring_buffer* getRxBuf(void)
{
 8003508:	b480      	push	{r7}
 800350a:	af00      	add	r7, sp, #0
	return &bufferRx; 
 800350c:	4b02      	ldr	r3, [pc, #8]	; (8003518 <getRxBuf+0x10>)
}
 800350e:	4618      	mov	r0, r3
 8003510:	46bd      	mov	sp, r7
 8003512:	bc80      	pop	{r7}
 8003514:	4770      	bx	lr
 8003516:	bf00      	nop
 8003518:	200008a4 	.word	0x200008a4

0800351c <getTxBuf>:

can_ring_buffer* getTxBuf(void)
{
 800351c:	b480      	push	{r7}
 800351e:	af00      	add	r7, sp, #0
	return &bufferTx; 
 8003520:	4b02      	ldr	r3, [pc, #8]	; (800352c <getTxBuf+0x10>)
}
 8003522:	4618      	mov	r0, r3
 8003524:	46bd      	mov	sp, r7
 8003526:	bc80      	pop	{r7}
 8003528:	4770      	bx	lr
 800352a:	bf00      	nop
 800352c:	20000ca8 	.word	0x20000ca8

08003530 <canGetEmptyTxBuf>:
	if(data) { can->CONTROL |= CAN_CONTROL_SAP; }
	else { CLEAR_BIT(can->CONTROL, CAN_CONTROL_SAP); }
}

uint32_t canGetEmptyTxBuf(MDR_CAN_TypeDef * can)
{
 8003530:	b480      	push	{r7}
 8003532:	b087      	sub	sp, #28
 8003534:	af00      	add	r7, sp, #0
 8003536:	6078      	str	r0, [r7, #4]
	
   uint32_t buf_num = MAX_BUF; 
 8003538:	23ff      	movs	r3, #255	; 0xff
 800353a:	613b      	str	r3, [r7, #16]
    for ( int i = 0; i<COUNT_CAN_BUF; i++)
 800353c:	2300      	movs	r3, #0
 800353e:	617b      	str	r3, [r7, #20]
 8003540:	e016      	b.n	8003570 <canGetEmptyTxBuf+0x40>
	{	
		uint32_t index = tx_buf[i]; 
 8003542:	4a10      	ldr	r2, [pc, #64]	; (8003584 <canGetEmptyTxBuf+0x54>)
 8003544:	697b      	ldr	r3, [r7, #20]
 8003546:	f852 3023 	ldr.w	r3, [r2, r3, lsl #2]
 800354a:	60fb      	str	r3, [r7, #12]
		uint32_t temp = can->BUF_CON[index]; 
 800354c:	687b      	ldr	r3, [r7, #4]
 800354e:	68fa      	ldr	r2, [r7, #12]
 8003550:	3210      	adds	r2, #16
 8003552:	f853 3022 	ldr.w	r3, [r3, r2, lsl #2]
 8003556:	60bb      	str	r3, [r7, #8]
		if(( temp & (CAN_BUF_CON_EN|CAN_BUF_CON_RX_TXN))==0)
 8003558:	68bb      	ldr	r3, [r7, #8]
 800355a:	f003 0303 	and.w	r3, r3, #3
 800355e:	2b00      	cmp	r3, #0
 8003560:	d103      	bne.n	800356a <canGetEmptyTxBuf+0x3a>
		{
			buf_num = index; 
 8003562:	68fb      	ldr	r3, [r7, #12]
 8003564:	613b      	str	r3, [r7, #16]
			return buf_num ; 
 8003566:	693b      	ldr	r3, [r7, #16]
 8003568:	e006      	b.n	8003578 <canGetEmptyTxBuf+0x48>
    for ( int i = 0; i<COUNT_CAN_BUF; i++)
 800356a:	697b      	ldr	r3, [r7, #20]
 800356c:	3301      	adds	r3, #1
 800356e:	617b      	str	r3, [r7, #20]
 8003570:	697b      	ldr	r3, [r7, #20]
 8003572:	2b0f      	cmp	r3, #15
 8003574:	dde5      	ble.n	8003542 <canGetEmptyTxBuf+0x12>
		}
	}
    return buf_num;
 8003576:	693b      	ldr	r3, [r7, #16]
}
 8003578:	4618      	mov	r0, r3
 800357a:	371c      	adds	r7, #28
 800357c:	46bd      	mov	sp, r7
 800357e:	bc80      	pop	{r7}
 8003580:	4770      	bx	lr
 8003582:	bf00      	nop
 8003584:	200006c0 	.word	0x200006c0

08003588 <initPinCan>:
 

void initPinCan(void)
{
 8003588:	b580      	push	{r7, lr}
 800358a:	af00      	add	r7, sp, #0
	RST_CLK_PCLKcmd(RST_CLK_PCLK_PORTF,ENABLE);
 800358c:	2101      	movs	r1, #1
 800358e:	f04f 5000 	mov.w	r0, #536870912	; 0x20000000
 8003592:	f7fd fc4f 	bl	8000e34 <RST_CLK_PCLKcmd>

	// Reset PORTE settings 
    //PORT_DeInit(MDR_PORTE);
	
	// tx
	PORT_StructInit(&PORT_InitStructureCan); 
 8003596:	4817      	ldr	r0, [pc, #92]	; (80035f4 <initPinCan+0x6c>)
 8003598:	f7fd fad6 	bl	8000b48 <PORT_StructInit>
	PORT_InitStructureCan.PORT_Pin = (uint16_t)(1<<TXCAN_PIN_Pos); 
 800359c:	4b15      	ldr	r3, [pc, #84]	; (80035f4 <initPinCan+0x6c>)
 800359e:	2240      	movs	r2, #64	; 0x40
 80035a0:	801a      	strh	r2, [r3, #0]
	PORT_InitStructureCan.PORT_OE = PORT_OE_OUT; 
 80035a2:	4b14      	ldr	r3, [pc, #80]	; (80035f4 <initPinCan+0x6c>)
 80035a4:	2201      	movs	r2, #1
 80035a6:	709a      	strb	r2, [r3, #2]
	PORT_InitStructureCan.PORT_FUNC = PORT_FUNC_ALTER; 
 80035a8:	4b12      	ldr	r3, [pc, #72]	; (80035f4 <initPinCan+0x6c>)
 80035aa:	2202      	movs	r2, #2
 80035ac:	721a      	strb	r2, [r3, #8]
	PORT_InitStructureCan.PORT_MODE = PORT_MODE_DIGITAL; 
 80035ae:	4b11      	ldr	r3, [pc, #68]	; (80035f4 <initPinCan+0x6c>)
 80035b0:	2201      	movs	r2, #1
 80035b2:	729a      	strb	r2, [r3, #10]
	PORT_InitStructureCan.PORT_SPEED = PORT_SPEED_MAXFAST; 
 80035b4:	4b0f      	ldr	r3, [pc, #60]	; (80035f4 <initPinCan+0x6c>)
 80035b6:	2203      	movs	r2, #3
 80035b8:	725a      	strb	r2, [r3, #9]
	PORT_Init(TXCAN_PORT, &PORT_InitStructureCan); 
 80035ba:	490e      	ldr	r1, [pc, #56]	; (80035f4 <initPinCan+0x6c>)
 80035bc:	480e      	ldr	r0, [pc, #56]	; (80035f8 <initPinCan+0x70>)
 80035be:	f7fd f9bd 	bl	800093c <PORT_Init>
	
	
	//rx
	PORT_StructInit(&PORT_InitStructureCan); 
 80035c2:	480c      	ldr	r0, [pc, #48]	; (80035f4 <initPinCan+0x6c>)
 80035c4:	f7fd fac0 	bl	8000b48 <PORT_StructInit>
	PORT_InitStructureCan.PORT_Pin = (uint16_t)(1<<RXCAN_PIN_Pos); 
 80035c8:	4b0a      	ldr	r3, [pc, #40]	; (80035f4 <initPinCan+0x6c>)
 80035ca:	2280      	movs	r2, #128	; 0x80
 80035cc:	801a      	strh	r2, [r3, #0]
	PORT_InitStructureCan.PORT_OE = PORT_OE_IN; 
 80035ce:	4b09      	ldr	r3, [pc, #36]	; (80035f4 <initPinCan+0x6c>)
 80035d0:	2200      	movs	r2, #0
 80035d2:	709a      	strb	r2, [r3, #2]
	PORT_InitStructureCan.PORT_FUNC = PORT_FUNC_ALTER; 
 80035d4:	4b07      	ldr	r3, [pc, #28]	; (80035f4 <initPinCan+0x6c>)
 80035d6:	2202      	movs	r2, #2
 80035d8:	721a      	strb	r2, [r3, #8]
	PORT_InitStructureCan.PORT_MODE = PORT_MODE_DIGITAL; 
 80035da:	4b06      	ldr	r3, [pc, #24]	; (80035f4 <initPinCan+0x6c>)
 80035dc:	2201      	movs	r2, #1
 80035de:	729a      	strb	r2, [r3, #10]
	PORT_InitStructureCan.PORT_SPEED = PORT_SPEED_MAXFAST; 
 80035e0:	4b04      	ldr	r3, [pc, #16]	; (80035f4 <initPinCan+0x6c>)
 80035e2:	2203      	movs	r2, #3
 80035e4:	725a      	strb	r2, [r3, #9]
	PORT_Init(RXCAN_PORT, &PORT_InitStructureCan);	
 80035e6:	4903      	ldr	r1, [pc, #12]	; (80035f4 <initPinCan+0x6c>)
 80035e8:	4803      	ldr	r0, [pc, #12]	; (80035f8 <initPinCan+0x70>)
 80035ea:	f7fd f9a7 	bl	800093c <PORT_Init>
}
 80035ee:	bf00      	nop
 80035f0:	bd80      	pop	{r7, pc}
 80035f2:	bf00      	nop
 80035f4:	200010ac 	.word	0x200010ac
 80035f8:	400a8000 	.word	0x400a8000

080035fc <initCanFilter>:


void initCanFilter(MDR_CAN_TypeDef* CANx, int numRxBuffer, uint32_t id, uint32_t id_mask)
{
 80035fc:	b580      	push	{r7, lr}
 80035fe:	b086      	sub	sp, #24
 8003600:	af00      	add	r7, sp, #0
 8003602:	60f8      	str	r0, [r7, #12]
 8003604:	60b9      	str	r1, [r7, #8]
 8003606:	607a      	str	r2, [r7, #4]
 8003608:	603b      	str	r3, [r7, #0]
	  CAN_FilterInitTypeDef Filter;
	  Filter.Filter_ID = id; 
 800360a:	687b      	ldr	r3, [r7, #4]
 800360c:	613b      	str	r3, [r7, #16]
	  Filter.Mask_ID = id_mask; 
 800360e:	683b      	ldr	r3, [r7, #0]
 8003610:	617b      	str	r3, [r7, #20]
	  CAN_FilterInit(SELECT_CAN, numRxBuffer, &Filter); 
 8003612:	68bb      	ldr	r3, [r7, #8]
 8003614:	f107 0210 	add.w	r2, r7, #16
 8003618:	4619      	mov	r1, r3
 800361a:	f04f 4080 	mov.w	r0, #1073741824	; 0x40000000
 800361e:	f7fc ff4c 	bl	80004ba <CAN_FilterInit>
}
 8003622:	bf00      	nop
 8003624:	3718      	adds	r7, #24
 8003626:	46bd      	mov	sp, r7
 8003628:	bd80      	pop	{r7, pc}
	...

0800362c <initCan>:

void initCan(uint32_t baseId, Protokol_t protokol)
{
 800362c:	b580      	push	{r7, lr}
 800362e:	b084      	sub	sp, #16
 8003630:	af00      	add	r7, sp, #0
 8003632:	6078      	str	r0, [r7, #4]
 8003634:	460b      	mov	r3, r1
 8003636:	70fb      	strb	r3, [r7, #3]
	CAN_Cmd(SELECT_CAN, DISABLE); 
 8003638:	2100      	movs	r1, #0
 800363a:	f04f 4080 	mov.w	r0, #1073741824	; 0x40000000
 800363e:	f7fd f85c 	bl	80006fa <CAN_Cmd>
	mCan = SELECT_CAN; 
 8003642:	4bc5      	ldr	r3, [pc, #788]	; (8003958 <initCan+0x32c>)
 8003644:	f04f 4280 	mov.w	r2, #1073741824	; 0x40000000
 8003648:	601a      	str	r2, [r3, #0]
	initPinCan(); 
 800364a:	f7ff ff9d 	bl	8003588 <initPinCan>
	#if (SELECT_IRQ == 1)
	RST_CLK_PCLKcmd(RST_CLK_PCLK_CAN1, ENABLE);
 800364e:	2101      	movs	r1, #1
 8003650:	2001      	movs	r0, #1
 8003652:	f7fd fbef 	bl	8000e34 <RST_CLK_PCLKcmd>
	RST_CLK_PCLKcmd(RST_CLK_PCLK_CAN2, ENABLE);  
	#else 
	#error "SELECT_IRQ must be 1 or 2"
	#endif
	// Set the HCLK division factor = 1 for CAN2
	CAN_BRGInit(SELECT_CAN, CAN_HCLKdiv1); //80/1 //2
 8003656:	2100      	movs	r1, #0
 8003658:	f04f 4080 	mov.w	r0, #1073741824	; 0x40000000
 800365c:	f7fd f90e 	bl	800087c <CAN_BRGInit>
	
	// CAN register init 
	CAN_DeInit(SELECT_CAN); 
 8003660:	f04f 4080 	mov.w	r0, #1073741824	; 0x40000000
 8003664:	f7fc fe6c 	bl	8000340 <CAN_DeInit>
	/* Disable all CAN2 interrupt */
    CAN_ITConfig(SELECT_CAN, (CAN_IT_GLBINTEN | CAN_IT_RXINTEN | CAN_IT_TXINTEN |
 8003668:	2200      	movs	r2, #0
 800366a:	211f      	movs	r1, #31
 800366c:	f04f 4080 	mov.w	r0, #1073741824	; 0x40000000
 8003670:	f7fc ff3d 	bl	80004ee <CAN_ITConfig>
                            CAN_IT_ERRINTEN | CAN_IT_ERROVERINTEN), DISABLE);
	//CAN cell init
	CAN_StructInit(&sCan); 
 8003674:	48b9      	ldr	r0, [pc, #740]	; (800395c <initCan+0x330>)
 8003676:	f7fc fef4 	bl	8000462 <CAN_StructInit>
	sCan.CAN_ROP = DISABLE;  /// error 0029 1986BE9x and MDR32F9Qx Series Errata Notice // priem sobstvennyx paketov (recive own packets)
 800367a:	4bb8      	ldr	r3, [pc, #736]	; (800395c <initCan+0x330>)
 800367c:	2200      	movs	r2, #0
 800367e:	701a      	strb	r2, [r3, #0]
	sCan.CAN_SAP = DISABLE; // podtvergdenie sobstvennh paketov
 8003680:	4bb6      	ldr	r3, [pc, #728]	; (800395c <initCan+0x330>)
 8003682:	2200      	movs	r2, #0
 8003684:	705a      	strb	r2, [r3, #1]
	sCan.CAN_STM = DISABLE; // mode samotest 
 8003686:	4bb5      	ldr	r3, [pc, #724]	; (800395c <initCan+0x330>)
 8003688:	2200      	movs	r2, #0
 800368a:	709a      	strb	r2, [r3, #2]
	sCan.CAN_ROM = DISABLE; // tolko priem (read only mode)*/
 800368c:	4bb3      	ldr	r3, [pc, #716]	; (800395c <initCan+0x330>)
 800368e:	2200      	movs	r2, #0
 8003690:	70da      	strb	r2, [r3, #3]
	
	
	//16
	sCan.CAN_PSEG = CAN_PSEG_Mul_4TQ; //2
 8003692:	4bb2      	ldr	r3, [pc, #712]	; (800395c <initCan+0x330>)
 8003694:	f44f 3240 	mov.w	r2, #196608	; 0x30000
 8003698:	605a      	str	r2, [r3, #4]
	sCan.CAN_SEG1 = CAN_SEG1_Mul_7TQ; //3
 800369a:	4bb0      	ldr	r3, [pc, #704]	; (800395c <initCan+0x330>)
 800369c:	f44f 1240 	mov.w	r2, #3145728	; 0x300000
 80036a0:	609a      	str	r2, [r3, #8]
	sCan.CAN_SEG2 = CAN_SEG2_Mul_4TQ; //2
 80036a2:	4bae      	ldr	r3, [pc, #696]	; (800395c <initCan+0x330>)
 80036a4:	f44f 0240 	mov.w	r2, #12582912	; 0xc00000
 80036a8:	60da      	str	r2, [r3, #12]
	sCan.CAN_SJW = CAN_SJW_Mul_3TQ; //1     CAN_SJW должно быть менее  CAN_SEG2 Errata Notice 0017
 80036aa:	4bac      	ldr	r3, [pc, #688]	; (800395c <initCan+0x330>)
 80036ac:	f04f 6280 	mov.w	r2, #67108864	; 0x4000000
 80036b0:	611a      	str	r2, [r3, #16]
	sCan.CAN_SB = CAN_SB_1_SAMPLE; //3
 80036b2:	4baa      	ldr	r3, [pc, #680]	; (800395c <initCan+0x330>)
 80036b4:	2200      	movs	r2, #0
 80036b6:	615a      	str	r2, [r3, #20]
	sCan.CAN_BRP = 4;
 80036b8:	4ba8      	ldr	r3, [pc, #672]	; (800395c <initCan+0x330>)
 80036ba:	2204      	movs	r2, #4
 80036bc:	831a      	strh	r2, [r3, #24]
	//
	
	//sCan.CAN_OVER_ERROR_MAX = 255; 
	CAN_Init(SELECT_CAN, &sCan);
 80036be:	49a7      	ldr	r1, [pc, #668]	; (800395c <initCan+0x330>)
 80036c0:	f04f 4080 	mov.w	r0, #1073741824	; 0x40000000
 80036c4:	f7fc fe6c 	bl	80003a0 <CAN_Init>

	
	CAN_Cmd(SELECT_CAN, ENABLE); 
 80036c8:	2101      	movs	r1, #1
 80036ca:	f04f 4080 	mov.w	r0, #1073741824	; 0x40000000
 80036ce:	f7fd f814 	bl	80006fa <CAN_Cmd>

	/* Enable CAN2 interrupt */
    //NVIC_EnableIRQ(CAN2_IRQn);

	CAN_ITConfig(SELECT_CAN, (CAN_IT_GLBINTEN | CAN_IT_RXINTEN | CAN_IT_TXINTEN), ENABLE);
 80036d2:	2201      	movs	r2, #1
 80036d4:	2107      	movs	r1, #7
 80036d6:	f04f 4080 	mov.w	r0, #1073741824	; 0x40000000
 80036da:	f7fc ff08 	bl	80004ee <CAN_ITConfig>
	statisticCan.counterRecive = 0; 
	statisticCan.counterSend = 0;
	#endif //statisticCan
 

	for(int i=0; i<COUNT_CAN_BUF; i++)
 80036de:	2300      	movs	r3, #0
 80036e0:	60fb      	str	r3, [r7, #12]
 80036e2:	e26b      	b.n	8003bbc <initCan+0x590>
	{
		//tx buf 
		CAN_TxITConfig(SELECT_CAN, (1 << tx_buf[i]), ENABLE);
 80036e4:	4a9e      	ldr	r2, [pc, #632]	; (8003960 <initCan+0x334>)
 80036e6:	68fb      	ldr	r3, [r7, #12]
 80036e8:	f852 3023 	ldr.w	r3, [r2, r3, lsl #2]
 80036ec:	2201      	movs	r2, #1
 80036ee:	fa02 f303 	lsl.w	r3, r2, r3
 80036f2:	2201      	movs	r2, #1
 80036f4:	4619      	mov	r1, r3
 80036f6:	f04f 4080 	mov.w	r0, #1073741824	; 0x40000000
 80036fa:	f7fd f85a 	bl	80007b2 <CAN_TxITConfig>
		
		// rx buf 
		/* Enable CAN2 interrupt from receive buffer */
    	CAN_RxITConfig(SELECT_CAN, (1 << rx_buf[i]), ENABLE);
 80036fe:	4a99      	ldr	r2, [pc, #612]	; (8003964 <initCan+0x338>)
 8003700:	68fb      	ldr	r3, [r7, #12]
 8003702:	f852 3023 	ldr.w	r3, [r2, r3, lsl #2]
 8003706:	2201      	movs	r2, #1
 8003708:	fa02 f303 	lsl.w	r3, r2, r3
 800370c:	2201      	movs	r2, #1
 800370e:	4619      	mov	r1, r3
 8003710:	f04f 4080 	mov.w	r0, #1073741824	; 0x40000000
 8003714:	f7fd f80e 	bl	8000734 <CAN_RxITConfig>
    	/* Enable CAN2 interrupt from transmit buffer, OWERWRITE - DISABLE */	
		CAN_Receive(SELECT_CAN, rx_buf[i], DISABLE);
 8003718:	4a92      	ldr	r2, [pc, #584]	; (8003964 <initCan+0x338>)
 800371a:	68fb      	ldr	r3, [r7, #12]
 800371c:	f852 3023 	ldr.w	r3, [r2, r3, lsl #2]
 8003720:	2200      	movs	r2, #0
 8003722:	4619      	mov	r1, r3
 8003724:	f04f 4080 	mov.w	r0, #1073741824	; 0x40000000
 8003728:	f7fc ff52 	bl	80005d0 <CAN_Receive>
		if(protokol == CAN_PROTOKOL_SPB)
 800372c:	78fb      	ldrb	r3, [r7, #3]
 800372e:	2b00      	cmp	r3, #0
 8003730:	f040 811a 	bne.w	8003968 <initCan+0x33c>
		{
			switch (i)
 8003734:	68fb      	ldr	r3, [r7, #12]
 8003736:	2b0f      	cmp	r3, #15
 8003738:	f200 823a 	bhi.w	8003bb0 <initCan+0x584>
 800373c:	a201      	add	r2, pc, #4	; (adr r2, 8003744 <initCan+0x118>)
 800373e:	f852 f023 	ldr.w	pc, [r2, r3, lsl #2]
 8003742:	bf00      	nop
 8003744:	08003785 	.word	0x08003785
 8003748:	080037a1 	.word	0x080037a1
 800374c:	080037bd 	.word	0x080037bd
 8003750:	080037d9 	.word	0x080037d9
 8003754:	080037f7 	.word	0x080037f7
 8003758:	08003815 	.word	0x08003815
 800375c:	08003831 	.word	0x08003831
 8003760:	0800384f 	.word	0x0800384f
 8003764:	0800386d 	.word	0x0800386d
 8003768:	08003889 	.word	0x08003889
 800376c:	080038a7 	.word	0x080038a7
 8003770:	080038c5 	.word	0x080038c5
 8003774:	080038e3 	.word	0x080038e3
 8003778:	08003901 	.word	0x08003901
 800377c:	0800391f 	.word	0x0800391f
 8003780:	0800393b 	.word	0x0800393b
			{
				case 0: { initCanFilter(SELECT_CAN, rx_buf[i], 0x1040, 0xFFFF); break; }
 8003784:	4a77      	ldr	r2, [pc, #476]	; (8003964 <initCan+0x338>)
 8003786:	68fb      	ldr	r3, [r7, #12]
 8003788:	f852 3023 	ldr.w	r3, [r2, r3, lsl #2]
 800378c:	4619      	mov	r1, r3
 800378e:	f64f 73ff 	movw	r3, #65535	; 0xffff
 8003792:	f44f 5282 	mov.w	r2, #4160	; 0x1040
 8003796:	f04f 4080 	mov.w	r0, #1073741824	; 0x40000000
 800379a:	f7ff ff2f 	bl	80035fc <initCanFilter>
 800379e:	e20a      	b.n	8003bb6 <initCan+0x58a>
				case 1: { initCanFilter(SELECT_CAN, rx_buf[i], 0x1040, 0xFFFF); break; }
 80037a0:	4a70      	ldr	r2, [pc, #448]	; (8003964 <initCan+0x338>)
 80037a2:	68fb      	ldr	r3, [r7, #12]
 80037a4:	f852 3023 	ldr.w	r3, [r2, r3, lsl #2]
 80037a8:	4619      	mov	r1, r3
 80037aa:	f64f 73ff 	movw	r3, #65535	; 0xffff
 80037ae:	f44f 5282 	mov.w	r2, #4160	; 0x1040
 80037b2:	f04f 4080 	mov.w	r0, #1073741824	; 0x40000000
 80037b6:	f7ff ff21 	bl	80035fc <initCanFilter>
 80037ba:	e1fc      	b.n	8003bb6 <initCan+0x58a>
				case 2: { initCanFilter(SELECT_CAN, rx_buf[i], 0x1400, 0xFFFF); break; }
 80037bc:	4a69      	ldr	r2, [pc, #420]	; (8003964 <initCan+0x338>)
 80037be:	68fb      	ldr	r3, [r7, #12]
 80037c0:	f852 3023 	ldr.w	r3, [r2, r3, lsl #2]
 80037c4:	4619      	mov	r1, r3
 80037c6:	f64f 73ff 	movw	r3, #65535	; 0xffff
 80037ca:	f44f 52a0 	mov.w	r2, #5120	; 0x1400
 80037ce:	f04f 4080 	mov.w	r0, #1073741824	; 0x40000000
 80037d2:	f7ff ff13 	bl	80035fc <initCanFilter>
 80037d6:	e1ee      	b.n	8003bb6 <initCan+0x58a>
				case 3: { initCanFilter(SELECT_CAN, rx_buf[i], 0x1400+baseId, 0xFFFF); break; }
 80037d8:	4a62      	ldr	r2, [pc, #392]	; (8003964 <initCan+0x338>)
 80037da:	68fb      	ldr	r3, [r7, #12]
 80037dc:	f852 3023 	ldr.w	r3, [r2, r3, lsl #2]
 80037e0:	4619      	mov	r1, r3
 80037e2:	687b      	ldr	r3, [r7, #4]
 80037e4:	f503 52a0 	add.w	r2, r3, #5120	; 0x1400
 80037e8:	f64f 73ff 	movw	r3, #65535	; 0xffff
 80037ec:	f04f 4080 	mov.w	r0, #1073741824	; 0x40000000
 80037f0:	f7ff ff04 	bl	80035fc <initCanFilter>
 80037f4:	e1df      	b.n	8003bb6 <initCan+0x58a>
				case 4: { initCanFilter(SELECT_CAN, rx_buf[i], 0x1400+baseId, 0xFFFF); break; }
 80037f6:	4a5b      	ldr	r2, [pc, #364]	; (8003964 <initCan+0x338>)
 80037f8:	68fb      	ldr	r3, [r7, #12]
 80037fa:	f852 3023 	ldr.w	r3, [r2, r3, lsl #2]
 80037fe:	4619      	mov	r1, r3
 8003800:	687b      	ldr	r3, [r7, #4]
 8003802:	f503 52a0 	add.w	r2, r3, #5120	; 0x1400
 8003806:	f64f 73ff 	movw	r3, #65535	; 0xffff
 800380a:	f04f 4080 	mov.w	r0, #1073741824	; 0x40000000
 800380e:	f7ff fef5 	bl	80035fc <initCanFilter>
 8003812:	e1d0      	b.n	8003bb6 <initCan+0x58a>
				case 5: { initCanFilter(SELECT_CAN, rx_buf[i], 0x1500, 0xFFFF); break; }
 8003814:	4a53      	ldr	r2, [pc, #332]	; (8003964 <initCan+0x338>)
 8003816:	68fb      	ldr	r3, [r7, #12]
 8003818:	f852 3023 	ldr.w	r3, [r2, r3, lsl #2]
 800381c:	4619      	mov	r1, r3
 800381e:	f64f 73ff 	movw	r3, #65535	; 0xffff
 8003822:	f44f 52a8 	mov.w	r2, #5376	; 0x1500
 8003826:	f04f 4080 	mov.w	r0, #1073741824	; 0x40000000
 800382a:	f7ff fee7 	bl	80035fc <initCanFilter>
 800382e:	e1c2      	b.n	8003bb6 <initCan+0x58a>
				case 6: { initCanFilter(SELECT_CAN, rx_buf[i], 0x1500+baseId, 0xFFFF); break; }
 8003830:	4a4c      	ldr	r2, [pc, #304]	; (8003964 <initCan+0x338>)
 8003832:	68fb      	ldr	r3, [r7, #12]
 8003834:	f852 3023 	ldr.w	r3, [r2, r3, lsl #2]
 8003838:	4619      	mov	r1, r3
 800383a:	687b      	ldr	r3, [r7, #4]
 800383c:	f503 52a8 	add.w	r2, r3, #5376	; 0x1500
 8003840:	f64f 73ff 	movw	r3, #65535	; 0xffff
 8003844:	f04f 4080 	mov.w	r0, #1073741824	; 0x40000000
 8003848:	f7ff fed8 	bl	80035fc <initCanFilter>
 800384c:	e1b3      	b.n	8003bb6 <initCan+0x58a>
				case 7: { initCanFilter(SELECT_CAN, rx_buf[i], 0x1500+baseId, 0xFFFF); break; }
 800384e:	4a45      	ldr	r2, [pc, #276]	; (8003964 <initCan+0x338>)
 8003850:	68fb      	ldr	r3, [r7, #12]
 8003852:	f852 3023 	ldr.w	r3, [r2, r3, lsl #2]
 8003856:	4619      	mov	r1, r3
 8003858:	687b      	ldr	r3, [r7, #4]
 800385a:	f503 52a8 	add.w	r2, r3, #5376	; 0x1500
 800385e:	f64f 73ff 	movw	r3, #65535	; 0xffff
 8003862:	f04f 4080 	mov.w	r0, #1073741824	; 0x40000000
 8003866:	f7ff fec9 	bl	80035fc <initCanFilter>
 800386a:	e1a4      	b.n	8003bb6 <initCan+0x58a>
				case 8: { initCanFilter(SELECT_CAN, rx_buf[i], 0x1600, 0xFFFF); break; }
 800386c:	4a3d      	ldr	r2, [pc, #244]	; (8003964 <initCan+0x338>)
 800386e:	68fb      	ldr	r3, [r7, #12]
 8003870:	f852 3023 	ldr.w	r3, [r2, r3, lsl #2]
 8003874:	4619      	mov	r1, r3
 8003876:	f64f 73ff 	movw	r3, #65535	; 0xffff
 800387a:	f44f 52b0 	mov.w	r2, #5632	; 0x1600
 800387e:	f04f 4080 	mov.w	r0, #1073741824	; 0x40000000
 8003882:	f7ff febb 	bl	80035fc <initCanFilter>
 8003886:	e196      	b.n	8003bb6 <initCan+0x58a>
				case 9: { initCanFilter(SELECT_CAN, rx_buf[i], 0x1600+baseId, 0xFFFF); break; }
 8003888:	4a36      	ldr	r2, [pc, #216]	; (8003964 <initCan+0x338>)
 800388a:	68fb      	ldr	r3, [r7, #12]
 800388c:	f852 3023 	ldr.w	r3, [r2, r3, lsl #2]
 8003890:	4619      	mov	r1, r3
 8003892:	687b      	ldr	r3, [r7, #4]
 8003894:	f503 52b0 	add.w	r2, r3, #5632	; 0x1600
 8003898:	f64f 73ff 	movw	r3, #65535	; 0xffff
 800389c:	f04f 4080 	mov.w	r0, #1073741824	; 0x40000000
 80038a0:	f7ff feac 	bl	80035fc <initCanFilter>
 80038a4:	e187      	b.n	8003bb6 <initCan+0x58a>
				case 10: { initCanFilter(SELECT_CAN, rx_buf[i], 0x1600+baseId, 0xFFFF); break; }
 80038a6:	4a2f      	ldr	r2, [pc, #188]	; (8003964 <initCan+0x338>)
 80038a8:	68fb      	ldr	r3, [r7, #12]
 80038aa:	f852 3023 	ldr.w	r3, [r2, r3, lsl #2]
 80038ae:	4619      	mov	r1, r3
 80038b0:	687b      	ldr	r3, [r7, #4]
 80038b2:	f503 52b0 	add.w	r2, r3, #5632	; 0x1600
 80038b6:	f64f 73ff 	movw	r3, #65535	; 0xffff
 80038ba:	f04f 4080 	mov.w	r0, #1073741824	; 0x40000000
 80038be:	f7ff fe9d 	bl	80035fc <initCanFilter>
 80038c2:	e178      	b.n	8003bb6 <initCan+0x58a>
				case 11: { initCanFilter(SELECT_CAN, rx_buf[i], 0x1600+baseId, 0xFFFF); break; }
 80038c4:	4a27      	ldr	r2, [pc, #156]	; (8003964 <initCan+0x338>)
 80038c6:	68fb      	ldr	r3, [r7, #12]
 80038c8:	f852 3023 	ldr.w	r3, [r2, r3, lsl #2]
 80038cc:	4619      	mov	r1, r3
 80038ce:	687b      	ldr	r3, [r7, #4]
 80038d0:	f503 52b0 	add.w	r2, r3, #5632	; 0x1600
 80038d4:	f64f 73ff 	movw	r3, #65535	; 0xffff
 80038d8:	f04f 4080 	mov.w	r0, #1073741824	; 0x40000000
 80038dc:	f7ff fe8e 	bl	80035fc <initCanFilter>
 80038e0:	e169      	b.n	8003bb6 <initCan+0x58a>
				case 12: { initCanFilter(SELECT_CAN, rx_buf[i], 0x1600+baseId, 0xFFFF); break; }
 80038e2:	4a20      	ldr	r2, [pc, #128]	; (8003964 <initCan+0x338>)
 80038e4:	68fb      	ldr	r3, [r7, #12]
 80038e6:	f852 3023 	ldr.w	r3, [r2, r3, lsl #2]
 80038ea:	4619      	mov	r1, r3
 80038ec:	687b      	ldr	r3, [r7, #4]
 80038ee:	f503 52b0 	add.w	r2, r3, #5632	; 0x1600
 80038f2:	f64f 73ff 	movw	r3, #65535	; 0xffff
 80038f6:	f04f 4080 	mov.w	r0, #1073741824	; 0x40000000
 80038fa:	f7ff fe7f 	bl	80035fc <initCanFilter>
 80038fe:	e15a      	b.n	8003bb6 <initCan+0x58a>
				case 13: { initCanFilter(SELECT_CAN, rx_buf[i], 0x1600+baseId, 0xFFFF); break; }
 8003900:	4a18      	ldr	r2, [pc, #96]	; (8003964 <initCan+0x338>)
 8003902:	68fb      	ldr	r3, [r7, #12]
 8003904:	f852 3023 	ldr.w	r3, [r2, r3, lsl #2]
 8003908:	4619      	mov	r1, r3
 800390a:	687b      	ldr	r3, [r7, #4]
 800390c:	f503 52b0 	add.w	r2, r3, #5632	; 0x1600
 8003910:	f64f 73ff 	movw	r3, #65535	; 0xffff
 8003914:	f04f 4080 	mov.w	r0, #1073741824	; 0x40000000
 8003918:	f7ff fe70 	bl	80035fc <initCanFilter>
 800391c:	e14b      	b.n	8003bb6 <initCan+0x58a>
				case 14: { initCanFilter(SELECT_CAN, rx_buf[i], 0x1700, 0xFFFF); break; }
 800391e:	4a11      	ldr	r2, [pc, #68]	; (8003964 <initCan+0x338>)
 8003920:	68fb      	ldr	r3, [r7, #12]
 8003922:	f852 3023 	ldr.w	r3, [r2, r3, lsl #2]
 8003926:	4619      	mov	r1, r3
 8003928:	f64f 73ff 	movw	r3, #65535	; 0xffff
 800392c:	f44f 52b8 	mov.w	r2, #5888	; 0x1700
 8003930:	f04f 4080 	mov.w	r0, #1073741824	; 0x40000000
 8003934:	f7ff fe62 	bl	80035fc <initCanFilter>
 8003938:	e13d      	b.n	8003bb6 <initCan+0x58a>
				case 15: { initCanFilter(SELECT_CAN, rx_buf[i], 0x1700+baseId, 0xFFFF); break; }
 800393a:	4a0a      	ldr	r2, [pc, #40]	; (8003964 <initCan+0x338>)
 800393c:	68fb      	ldr	r3, [r7, #12]
 800393e:	f852 3023 	ldr.w	r3, [r2, r3, lsl #2]
 8003942:	4619      	mov	r1, r3
 8003944:	687b      	ldr	r3, [r7, #4]
 8003946:	f503 52b8 	add.w	r2, r3, #5888	; 0x1700
 800394a:	f64f 73ff 	movw	r3, #65535	; 0xffff
 800394e:	f04f 4080 	mov.w	r0, #1073741824	; 0x40000000
 8003952:	f7ff fe53 	bl	80035fc <initCanFilter>
 8003956:	e12e      	b.n	8003bb6 <initCan+0x58a>
 8003958:	200010d4 	.word	0x200010d4
 800395c:	200010b8 	.word	0x200010b8
 8003960:	200006c0 	.word	0x200006c0
 8003964:	20000680 	.word	0x20000680
				default: { break;} 
			}
		} else {
			switch (i)
 8003968:	68fb      	ldr	r3, [r7, #12]
 800396a:	2b0f      	cmp	r3, #15
 800396c:	f200 8122 	bhi.w	8003bb4 <initCan+0x588>
 8003970:	a201      	add	r2, pc, #4	; (adr r2, 8003978 <initCan+0x34c>)
 8003972:	f852 f023 	ldr.w	pc, [r2, r3, lsl #2]
 8003976:	bf00      	nop
 8003978:	080039b9 	.word	0x080039b9
 800397c:	080039d3 	.word	0x080039d3
 8003980:	080039ed 	.word	0x080039ed
 8003984:	08003a0f 	.word	0x08003a0f
 8003988:	08003a31 	.word	0x08003a31
 800398c:	08003a53 	.word	0x08003a53
 8003990:	08003a6d 	.word	0x08003a6d
 8003994:	08003a8f 	.word	0x08003a8f
 8003998:	08003ab1 	.word	0x08003ab1
 800399c:	08003acb 	.word	0x08003acb
 80039a0:	08003aed 	.word	0x08003aed
 80039a4:	08003b0f 	.word	0x08003b0f
 80039a8:	08003b31 	.word	0x08003b31
 80039ac:	08003b4b 	.word	0x08003b4b
 80039b0:	08003b6d 	.word	0x08003b6d
 80039b4:	08003b8f 	.word	0x08003b8f
			{
				case 0: { initCanFilter(SELECT_CAN, rx_buf[i], ID_TO_STD(0x100), ID_TO_STD(0xFFF)); break; }
 80039b8:	4a85      	ldr	r2, [pc, #532]	; (8003bd0 <initCan+0x5a4>)
 80039ba:	68fb      	ldr	r3, [r7, #12]
 80039bc:	f852 3023 	ldr.w	r3, [r2, r3, lsl #2]
 80039c0:	4619      	mov	r1, r3
 80039c2:	4b84      	ldr	r3, [pc, #528]	; (8003bd4 <initCan+0x5a8>)
 80039c4:	f04f 6280 	mov.w	r2, #67108864	; 0x4000000
 80039c8:	f04f 4080 	mov.w	r0, #1073741824	; 0x40000000
 80039cc:	f7ff fe16 	bl	80035fc <initCanFilter>
 80039d0:	e0f1      	b.n	8003bb6 <initCan+0x58a>
				case 1: { initCanFilter(SELECT_CAN, rx_buf[i], ID_TO_STD(0x100), ID_TO_STD(0xFFF)); break; }
 80039d2:	4a7f      	ldr	r2, [pc, #508]	; (8003bd0 <initCan+0x5a4>)
 80039d4:	68fb      	ldr	r3, [r7, #12]
 80039d6:	f852 3023 	ldr.w	r3, [r2, r3, lsl #2]
 80039da:	4619      	mov	r1, r3
 80039dc:	4b7d      	ldr	r3, [pc, #500]	; (8003bd4 <initCan+0x5a8>)
 80039de:	f04f 6280 	mov.w	r2, #67108864	; 0x4000000
 80039e2:	f04f 4080 	mov.w	r0, #1073741824	; 0x40000000
 80039e6:	f7ff fe09 	bl	80035fc <initCanFilter>
 80039ea:	e0e4      	b.n	8003bb6 <initCan+0x58a>
				case 2: { initCanFilter(SELECT_CAN, rx_buf[i], ID_TO_STD(0x100+baseId), ID_TO_STD(0xFFF)); break; }
 80039ec:	4a78      	ldr	r2, [pc, #480]	; (8003bd0 <initCan+0x5a4>)
 80039ee:	68fb      	ldr	r3, [r7, #12]
 80039f0:	f852 3023 	ldr.w	r3, [r2, r3, lsl #2]
 80039f4:	4619      	mov	r1, r3
 80039f6:	687b      	ldr	r3, [r7, #4]
 80039f8:	f503 7380 	add.w	r3, r3, #256	; 0x100
 80039fc:	049b      	lsls	r3, r3, #18
 80039fe:	4a75      	ldr	r2, [pc, #468]	; (8003bd4 <initCan+0x5a8>)
 8003a00:	401a      	ands	r2, r3
 8003a02:	4b74      	ldr	r3, [pc, #464]	; (8003bd4 <initCan+0x5a8>)
 8003a04:	f04f 4080 	mov.w	r0, #1073741824	; 0x40000000
 8003a08:	f7ff fdf8 	bl	80035fc <initCanFilter>
 8003a0c:	e0d3      	b.n	8003bb6 <initCan+0x58a>
				case 3: { initCanFilter(SELECT_CAN, rx_buf[i], ID_TO_STD(0x100+baseId), ID_TO_STD(0xFFF)); break; }
 8003a0e:	4a70      	ldr	r2, [pc, #448]	; (8003bd0 <initCan+0x5a4>)
 8003a10:	68fb      	ldr	r3, [r7, #12]
 8003a12:	f852 3023 	ldr.w	r3, [r2, r3, lsl #2]
 8003a16:	4619      	mov	r1, r3
 8003a18:	687b      	ldr	r3, [r7, #4]
 8003a1a:	f503 7380 	add.w	r3, r3, #256	; 0x100
 8003a1e:	049b      	lsls	r3, r3, #18
 8003a20:	4a6c      	ldr	r2, [pc, #432]	; (8003bd4 <initCan+0x5a8>)
 8003a22:	401a      	ands	r2, r3
 8003a24:	4b6b      	ldr	r3, [pc, #428]	; (8003bd4 <initCan+0x5a8>)
 8003a26:	f04f 4080 	mov.w	r0, #1073741824	; 0x40000000
 8003a2a:	f7ff fde7 	bl	80035fc <initCanFilter>
 8003a2e:	e0c2      	b.n	8003bb6 <initCan+0x58a>
				case 4: { initCanFilter(SELECT_CAN, rx_buf[i], ID_TO_STD(0x100+baseId), ID_TO_STD(0xFFF)); break; }
 8003a30:	4a67      	ldr	r2, [pc, #412]	; (8003bd0 <initCan+0x5a4>)
 8003a32:	68fb      	ldr	r3, [r7, #12]
 8003a34:	f852 3023 	ldr.w	r3, [r2, r3, lsl #2]
 8003a38:	4619      	mov	r1, r3
 8003a3a:	687b      	ldr	r3, [r7, #4]
 8003a3c:	f503 7380 	add.w	r3, r3, #256	; 0x100
 8003a40:	049b      	lsls	r3, r3, #18
 8003a42:	4a64      	ldr	r2, [pc, #400]	; (8003bd4 <initCan+0x5a8>)
 8003a44:	401a      	ands	r2, r3
 8003a46:	4b63      	ldr	r3, [pc, #396]	; (8003bd4 <initCan+0x5a8>)
 8003a48:	f04f 4080 	mov.w	r0, #1073741824	; 0x40000000
 8003a4c:	f7ff fdd6 	bl	80035fc <initCanFilter>
 8003a50:	e0b1      	b.n	8003bb6 <initCan+0x58a>
				case 5: { initCanFilter(SELECT_CAN, rx_buf[i], ID_TO_STD(0x3A0), ID_TO_STD(0xFFF)); break; }
 8003a52:	4a5f      	ldr	r2, [pc, #380]	; (8003bd0 <initCan+0x5a4>)
 8003a54:	68fb      	ldr	r3, [r7, #12]
 8003a56:	f852 3023 	ldr.w	r3, [r2, r3, lsl #2]
 8003a5a:	4619      	mov	r1, r3
 8003a5c:	4b5d      	ldr	r3, [pc, #372]	; (8003bd4 <initCan+0x5a8>)
 8003a5e:	f04f 6268 	mov.w	r2, #243269632	; 0xe800000
 8003a62:	f04f 4080 	mov.w	r0, #1073741824	; 0x40000000
 8003a66:	f7ff fdc9 	bl	80035fc <initCanFilter>
 8003a6a:	e0a4      	b.n	8003bb6 <initCan+0x58a>
				case 6: { initCanFilter(SELECT_CAN, rx_buf[i], ID_TO_STD(0x3A0+baseId), ID_TO_STD(0xFFF)); break; }
 8003a6c:	4a58      	ldr	r2, [pc, #352]	; (8003bd0 <initCan+0x5a4>)
 8003a6e:	68fb      	ldr	r3, [r7, #12]
 8003a70:	f852 3023 	ldr.w	r3, [r2, r3, lsl #2]
 8003a74:	4619      	mov	r1, r3
 8003a76:	687b      	ldr	r3, [r7, #4]
 8003a78:	f503 7368 	add.w	r3, r3, #928	; 0x3a0
 8003a7c:	049b      	lsls	r3, r3, #18
 8003a7e:	4a55      	ldr	r2, [pc, #340]	; (8003bd4 <initCan+0x5a8>)
 8003a80:	401a      	ands	r2, r3
 8003a82:	4b54      	ldr	r3, [pc, #336]	; (8003bd4 <initCan+0x5a8>)
 8003a84:	f04f 4080 	mov.w	r0, #1073741824	; 0x40000000
 8003a88:	f7ff fdb8 	bl	80035fc <initCanFilter>
 8003a8c:	e093      	b.n	8003bb6 <initCan+0x58a>
				case 7: { initCanFilter(SELECT_CAN, rx_buf[i], ID_TO_STD(0x3A0+baseId), ID_TO_STD(0xFFF)); break; }
 8003a8e:	4a50      	ldr	r2, [pc, #320]	; (8003bd0 <initCan+0x5a4>)
 8003a90:	68fb      	ldr	r3, [r7, #12]
 8003a92:	f852 3023 	ldr.w	r3, [r2, r3, lsl #2]
 8003a96:	4619      	mov	r1, r3
 8003a98:	687b      	ldr	r3, [r7, #4]
 8003a9a:	f503 7368 	add.w	r3, r3, #928	; 0x3a0
 8003a9e:	049b      	lsls	r3, r3, #18
 8003aa0:	4a4c      	ldr	r2, [pc, #304]	; (8003bd4 <initCan+0x5a8>)
 8003aa2:	401a      	ands	r2, r3
 8003aa4:	4b4b      	ldr	r3, [pc, #300]	; (8003bd4 <initCan+0x5a8>)
 8003aa6:	f04f 4080 	mov.w	r0, #1073741824	; 0x40000000
 8003aaa:	f7ff fda7 	bl	80035fc <initCanFilter>
 8003aae:	e082      	b.n	8003bb6 <initCan+0x58a>
				case 8: { initCanFilter(SELECT_CAN, rx_buf[i], ID_TO_STD(0x300), ID_TO_STD(0xFFF)); break; }
 8003ab0:	4a47      	ldr	r2, [pc, #284]	; (8003bd0 <initCan+0x5a4>)
 8003ab2:	68fb      	ldr	r3, [r7, #12]
 8003ab4:	f852 3023 	ldr.w	r3, [r2, r3, lsl #2]
 8003ab8:	4619      	mov	r1, r3
 8003aba:	4b46      	ldr	r3, [pc, #280]	; (8003bd4 <initCan+0x5a8>)
 8003abc:	f04f 6240 	mov.w	r2, #201326592	; 0xc000000
 8003ac0:	f04f 4080 	mov.w	r0, #1073741824	; 0x40000000
 8003ac4:	f7ff fd9a 	bl	80035fc <initCanFilter>
 8003ac8:	e075      	b.n	8003bb6 <initCan+0x58a>
				case 9: { initCanFilter(SELECT_CAN, rx_buf[i], ID_TO_STD(0x300+baseId), ID_TO_STD(0xFFF)); break; }
 8003aca:	4a41      	ldr	r2, [pc, #260]	; (8003bd0 <initCan+0x5a4>)
 8003acc:	68fb      	ldr	r3, [r7, #12]
 8003ace:	f852 3023 	ldr.w	r3, [r2, r3, lsl #2]
 8003ad2:	4619      	mov	r1, r3
 8003ad4:	687b      	ldr	r3, [r7, #4]
 8003ad6:	f503 7340 	add.w	r3, r3, #768	; 0x300
 8003ada:	049b      	lsls	r3, r3, #18
 8003adc:	4a3d      	ldr	r2, [pc, #244]	; (8003bd4 <initCan+0x5a8>)
 8003ade:	401a      	ands	r2, r3
 8003ae0:	4b3c      	ldr	r3, [pc, #240]	; (8003bd4 <initCan+0x5a8>)
 8003ae2:	f04f 4080 	mov.w	r0, #1073741824	; 0x40000000
 8003ae6:	f7ff fd89 	bl	80035fc <initCanFilter>
 8003aea:	e064      	b.n	8003bb6 <initCan+0x58a>
				case 10: { initCanFilter(SELECT_CAN, rx_buf[i], ID_TO_STD(0x300+baseId), ID_TO_STD(0xFFF)); break; }
 8003aec:	4a38      	ldr	r2, [pc, #224]	; (8003bd0 <initCan+0x5a4>)
 8003aee:	68fb      	ldr	r3, [r7, #12]
 8003af0:	f852 3023 	ldr.w	r3, [r2, r3, lsl #2]
 8003af4:	4619      	mov	r1, r3
 8003af6:	687b      	ldr	r3, [r7, #4]
 8003af8:	f503 7340 	add.w	r3, r3, #768	; 0x300
 8003afc:	049b      	lsls	r3, r3, #18
 8003afe:	4a35      	ldr	r2, [pc, #212]	; (8003bd4 <initCan+0x5a8>)
 8003b00:	401a      	ands	r2, r3
 8003b02:	4b34      	ldr	r3, [pc, #208]	; (8003bd4 <initCan+0x5a8>)
 8003b04:	f04f 4080 	mov.w	r0, #1073741824	; 0x40000000
 8003b08:	f7ff fd78 	bl	80035fc <initCanFilter>
 8003b0c:	e053      	b.n	8003bb6 <initCan+0x58a>
				case 11: { initCanFilter(SELECT_CAN, rx_buf[i], ID_TO_STD(0x300+baseId), ID_TO_STD(0xFFF)); break; }
 8003b0e:	4a30      	ldr	r2, [pc, #192]	; (8003bd0 <initCan+0x5a4>)
 8003b10:	68fb      	ldr	r3, [r7, #12]
 8003b12:	f852 3023 	ldr.w	r3, [r2, r3, lsl #2]
 8003b16:	4619      	mov	r1, r3
 8003b18:	687b      	ldr	r3, [r7, #4]
 8003b1a:	f503 7340 	add.w	r3, r3, #768	; 0x300
 8003b1e:	049b      	lsls	r3, r3, #18
 8003b20:	4a2c      	ldr	r2, [pc, #176]	; (8003bd4 <initCan+0x5a8>)
 8003b22:	401a      	ands	r2, r3
 8003b24:	4b2b      	ldr	r3, [pc, #172]	; (8003bd4 <initCan+0x5a8>)
 8003b26:	f04f 4080 	mov.w	r0, #1073741824	; 0x40000000
 8003b2a:	f7ff fd67 	bl	80035fc <initCanFilter>
 8003b2e:	e042      	b.n	8003bb6 <initCan+0x58a>
				case 12: { initCanFilter(SELECT_CAN, rx_buf[i], ID_TO_STD(0x360), ID_TO_STD(0xFFF)); break; }
 8003b30:	4a27      	ldr	r2, [pc, #156]	; (8003bd0 <initCan+0x5a4>)
 8003b32:	68fb      	ldr	r3, [r7, #12]
 8003b34:	f852 3023 	ldr.w	r3, [r2, r3, lsl #2]
 8003b38:	4619      	mov	r1, r3
 8003b3a:	4b26      	ldr	r3, [pc, #152]	; (8003bd4 <initCan+0x5a8>)
 8003b3c:	f04f 6258 	mov.w	r2, #226492416	; 0xd800000
 8003b40:	f04f 4080 	mov.w	r0, #1073741824	; 0x40000000
 8003b44:	f7ff fd5a 	bl	80035fc <initCanFilter>
 8003b48:	e035      	b.n	8003bb6 <initCan+0x58a>
				case 13: { initCanFilter(SELECT_CAN, rx_buf[i], ID_TO_STD(0x300+baseId), ID_TO_STD(0xFFF)); break; }
 8003b4a:	4a21      	ldr	r2, [pc, #132]	; (8003bd0 <initCan+0x5a4>)
 8003b4c:	68fb      	ldr	r3, [r7, #12]
 8003b4e:	f852 3023 	ldr.w	r3, [r2, r3, lsl #2]
 8003b52:	4619      	mov	r1, r3
 8003b54:	687b      	ldr	r3, [r7, #4]
 8003b56:	f503 7340 	add.w	r3, r3, #768	; 0x300
 8003b5a:	049b      	lsls	r3, r3, #18
 8003b5c:	4a1d      	ldr	r2, [pc, #116]	; (8003bd4 <initCan+0x5a8>)
 8003b5e:	401a      	ands	r2, r3
 8003b60:	4b1c      	ldr	r3, [pc, #112]	; (8003bd4 <initCan+0x5a8>)
 8003b62:	f04f 4080 	mov.w	r0, #1073741824	; 0x40000000
 8003b66:	f7ff fd49 	bl	80035fc <initCanFilter>
 8003b6a:	e024      	b.n	8003bb6 <initCan+0x58a>
				case 14: { initCanFilter(SELECT_CAN, rx_buf[i], ID_TO_STD(0x360+baseId), ID_TO_STD(0xFFF)); break; }
 8003b6c:	4a18      	ldr	r2, [pc, #96]	; (8003bd0 <initCan+0x5a4>)
 8003b6e:	68fb      	ldr	r3, [r7, #12]
 8003b70:	f852 3023 	ldr.w	r3, [r2, r3, lsl #2]
 8003b74:	4619      	mov	r1, r3
 8003b76:	687b      	ldr	r3, [r7, #4]
 8003b78:	f503 7358 	add.w	r3, r3, #864	; 0x360
 8003b7c:	049b      	lsls	r3, r3, #18
 8003b7e:	4a15      	ldr	r2, [pc, #84]	; (8003bd4 <initCan+0x5a8>)
 8003b80:	401a      	ands	r2, r3
 8003b82:	4b14      	ldr	r3, [pc, #80]	; (8003bd4 <initCan+0x5a8>)
 8003b84:	f04f 4080 	mov.w	r0, #1073741824	; 0x40000000
 8003b88:	f7ff fd38 	bl	80035fc <initCanFilter>
 8003b8c:	e013      	b.n	8003bb6 <initCan+0x58a>
				case 15: { initCanFilter(SELECT_CAN, rx_buf[i], ID_TO_STD(0x360+baseId), ID_TO_STD(0xFFF)); break; }
 8003b8e:	4a10      	ldr	r2, [pc, #64]	; (8003bd0 <initCan+0x5a4>)
 8003b90:	68fb      	ldr	r3, [r7, #12]
 8003b92:	f852 3023 	ldr.w	r3, [r2, r3, lsl #2]
 8003b96:	4619      	mov	r1, r3
 8003b98:	687b      	ldr	r3, [r7, #4]
 8003b9a:	f503 7358 	add.w	r3, r3, #864	; 0x360
 8003b9e:	049b      	lsls	r3, r3, #18
 8003ba0:	4a0c      	ldr	r2, [pc, #48]	; (8003bd4 <initCan+0x5a8>)
 8003ba2:	401a      	ands	r2, r3
 8003ba4:	4b0b      	ldr	r3, [pc, #44]	; (8003bd4 <initCan+0x5a8>)
 8003ba6:	f04f 4080 	mov.w	r0, #1073741824	; 0x40000000
 8003baa:	f7ff fd27 	bl	80035fc <initCanFilter>
 8003bae:	e002      	b.n	8003bb6 <initCan+0x58a>
				default: { break;} 
 8003bb0:	bf00      	nop
 8003bb2:	e000      	b.n	8003bb6 <initCan+0x58a>
				default: { break;} 
 8003bb4:	bf00      	nop
	for(int i=0; i<COUNT_CAN_BUF; i++)
 8003bb6:	68fb      	ldr	r3, [r7, #12]
 8003bb8:	3301      	adds	r3, #1
 8003bba:	60fb      	str	r3, [r7, #12]
 8003bbc:	68fb      	ldr	r3, [r7, #12]
 8003bbe:	2b0f      	cmp	r3, #15
 8003bc0:	f77f ad90 	ble.w	80036e4 <initCan+0xb8>

		
		
		
	}	
}
 8003bc4:	bf00      	nop
 8003bc6:	bf00      	nop
 8003bc8:	3710      	adds	r7, #16
 8003bca:	46bd      	mov	sp, r7
 8003bcc:	bd80      	pop	{r7, pc}
 8003bce:	bf00      	nop
 8003bd0:	20000680 	.word	0x20000680
 8003bd4:	1ffc0000 	.word	0x1ffc0000

08003bd8 <CAN1_IRQHandler>:
#elif (SELECT_IRQ == 2)
void CAN2_IRQHandler(void)
#else
#error "SELECT_IRQ must be 1 for can1 or 2 for can2"
#endif
{
 8003bd8:	b580      	push	{r7, lr}
 8003bda:	b086      	sub	sp, #24
 8003bdc:	af00      	add	r7, sp, #0
	for(int i=0; i<COUNT_CAN_BUF; i++)
 8003bde:	2300      	movs	r3, #0
 8003be0:	617b      	str	r3, [r7, #20]
 8003be2:	e048      	b.n	8003c76 <CAN1_IRQHandler+0x9e>
	{
		if(CAN_GetTxITStatus(SELECT_CAN, tx_buf[i])==SET)
 8003be4:	4a2e      	ldr	r2, [pc, #184]	; (8003ca0 <CAN1_IRQHandler+0xc8>)
 8003be6:	697b      	ldr	r3, [r7, #20]
 8003be8:	f852 3023 	ldr.w	r3, [r2, r3, lsl #2]
 8003bec:	4619      	mov	r1, r3
 8003bee:	f04f 4080 	mov.w	r0, #1073741824	; 0x40000000
 8003bf2:	f7fc fdff 	bl	80007f4 <CAN_GetTxITStatus>
 8003bf6:	4603      	mov	r3, r0
 8003bf8:	2b01      	cmp	r3, #1
 8003bfa:	d112      	bne.n	8003c22 <CAN1_IRQHandler+0x4a>
		{
			CAN_BufferRelease(SELECT_CAN, tx_buf[i]); 
 8003bfc:	4a28      	ldr	r2, [pc, #160]	; (8003ca0 <CAN1_IRQHandler+0xc8>)
 8003bfe:	697b      	ldr	r3, [r7, #20]
 8003c00:	f852 3023 	ldr.w	r3, [r2, r3, lsl #2]
 8003c04:	4619      	mov	r1, r3
 8003c06:	f04f 4080 	mov.w	r0, #1073741824	; 0x40000000
 8003c0a:	f7fc fd5c 	bl	80006c6 <CAN_BufferRelease>
			CAN_ITClearRxTxPendingBit(SELECT_CAN, tx_buf[i], CAN_STATUS_TX_READY); 
 8003c0e:	4a24      	ldr	r2, [pc, #144]	; (8003ca0 <CAN1_IRQHandler+0xc8>)
 8003c10:	697b      	ldr	r3, [r7, #20]
 8003c12:	f852 3023 	ldr.w	r3, [r2, r3, lsl #2]
 8003c16:	2202      	movs	r2, #2
 8003c18:	4619      	mov	r1, r3
 8003c1a:	f04f 4080 	mov.w	r0, #1073741824	; 0x40000000
 8003c1e:	f7fc fe07 	bl	8000830 <CAN_ITClearRxTxPendingBit>
			#if CAN_STATISTICS_ENABLED
			statisticCan.counterSend++; 
			#endif //statisticCan
		}

		if(CAN_GetRxITStatus(SELECT_CAN, rx_buf[i])==SET)
 8003c22:	4a20      	ldr	r2, [pc, #128]	; (8003ca4 <CAN1_IRQHandler+0xcc>)
 8003c24:	697b      	ldr	r3, [r7, #20]
 8003c26:	f852 3023 	ldr.w	r3, [r2, r3, lsl #2]
 8003c2a:	4619      	mov	r1, r3
 8003c2c:	f04f 4080 	mov.w	r0, #1073741824	; 0x40000000
 8003c30:	f7fc fda1 	bl	8000776 <CAN_GetRxITStatus>
 8003c34:	4603      	mov	r3, r0
 8003c36:	2b01      	cmp	r3, #1
 8003c38:	d11a      	bne.n	8003c70 <CAN1_IRQHandler+0x98>
		{
			CAN_ITClearRxTxPendingBit(SELECT_CAN, rx_buf[i], CAN_STATUS_RX_READY); 
 8003c3a:	4a1a      	ldr	r2, [pc, #104]	; (8003ca4 <CAN1_IRQHandler+0xcc>)
 8003c3c:	697b      	ldr	r3, [r7, #20]
 8003c3e:	f852 3023 	ldr.w	r3, [r2, r3, lsl #2]
 8003c42:	2201      	movs	r2, #1
 8003c44:	4619      	mov	r1, r3
 8003c46:	f04f 4080 	mov.w	r0, #1073741824	; 0x40000000
 8003c4a:	f7fc fdf1 	bl	8000830 <CAN_ITClearRxTxPendingBit>
			CAN_RxMsgTypeDef rxMsg; 
			CAN_GetRawReceivedData(SELECT_CAN, rx_buf[i], &rxMsg);
 8003c4e:	4a15      	ldr	r2, [pc, #84]	; (8003ca4 <CAN1_IRQHandler+0xcc>)
 8003c50:	697b      	ldr	r3, [r7, #20]
 8003c52:	f852 3023 	ldr.w	r3, [r2, r3, lsl #2]
 8003c56:	463a      	mov	r2, r7
 8003c58:	4619      	mov	r1, r3
 8003c5a:	f04f 4080 	mov.w	r0, #1073741824	; 0x40000000
 8003c5e:	f7fc fcd4 	bl	800060a <CAN_GetRawReceivedData>
			ErrorStatus status = canBufAddStdStruct ( &bufferRx, &rxMsg); 
 8003c62:	463b      	mov	r3, r7
 8003c64:	4619      	mov	r1, r3
 8003c66:	4810      	ldr	r0, [pc, #64]	; (8003ca8 <CAN1_IRQHandler+0xd0>)
 8003c68:	f000 f8e5 	bl	8003e36 <canBufAddStdStruct>
 8003c6c:	4603      	mov	r3, r0
 8003c6e:	74fb      	strb	r3, [r7, #19]
	for(int i=0; i<COUNT_CAN_BUF; i++)
 8003c70:	697b      	ldr	r3, [r7, #20]
 8003c72:	3301      	adds	r3, #1
 8003c74:	617b      	str	r3, [r7, #20]
 8003c76:	697b      	ldr	r3, [r7, #20]
 8003c78:	2b0f      	cmp	r3, #15
 8003c7a:	ddb3      	ble.n	8003be4 <CAN1_IRQHandler+0xc>
				}
			#endif //statisticCan
			
		}
	}
	error_bit = (SELECT_CAN->STATUS & (CAN_MASK_STS_RXERR | CAN_MASK_STS_TXERR)) ? 1 : 0;
 8003c7c:	f04f 4380 	mov.w	r3, #1073741824	; 0x40000000
 8003c80:	685b      	ldr	r3, [r3, #4]
 8003c82:	f403 53c0 	and.w	r3, r3, #6144	; 0x1800
 8003c86:	2b00      	cmp	r3, #0
 8003c88:	bf14      	ite	ne
 8003c8a:	2301      	movne	r3, #1
 8003c8c:	2300      	moveq	r3, #0
 8003c8e:	b2db      	uxtb	r3, r3
 8003c90:	461a      	mov	r2, r3
 8003c92:	4b06      	ldr	r3, [pc, #24]	; (8003cac <CAN1_IRQHandler+0xd4>)
 8003c94:	601a      	str	r2, [r3, #0]
	// устанвка error_bit в error_counter в main.c
}
 8003c96:	bf00      	nop
 8003c98:	3718      	adds	r7, #24
 8003c9a:	46bd      	mov	sp, r7
 8003c9c:	bd80      	pop	{r7, pc}
 8003c9e:	bf00      	nop
 8003ca0:	200006c0 	.word	0x200006c0
 8003ca4:	20000680 	.word	0x20000680
 8003ca8:	200008a4 	.word	0x200008a4
 8003cac:	200008a0 	.word	0x200008a0

08003cb0 <senderCan>:



void senderCan(uint32_t time)
{
 8003cb0:	b580      	push	{r7, lr}
 8003cb2:	b086      	sub	sp, #24
 8003cb4:	af00      	add	r7, sp, #0
 8003cb6:	6078      	str	r0, [r7, #4]
	
	CAN_TxMsgTypeDef msg; 
	//while((canBufGetStdStruct(getTxBuf(), &msg)==SUCCESS)&((GetTick()-time)<TIMEOUT_SENDER_TASK_MS))
	while(canBufGetStdStruct(getTxBuf(), &msg)==SUCCESS)
 8003cb8:	e00f      	b.n	8003cda <senderCan+0x2a>
	{
		buffer_number = canGetEmptyTxBuf(SELECT_CAN); 
 8003cba:	f04f 4080 	mov.w	r0, #1073741824	; 0x40000000
 8003cbe:	f7ff fc37 	bl	8003530 <canGetEmptyTxBuf>
 8003cc2:	4603      	mov	r3, r0
 8003cc4:	4a0d      	ldr	r2, [pc, #52]	; (8003cfc <senderCan+0x4c>)
 8003cc6:	6013      	str	r3, [r2, #0]
		CAN_Transmit(SELECT_CAN, buffer_number, &msg ); 
 8003cc8:	4b0c      	ldr	r3, [pc, #48]	; (8003cfc <senderCan+0x4c>)
 8003cca:	681b      	ldr	r3, [r3, #0]
 8003ccc:	f107 0208 	add.w	r2, r7, #8
 8003cd0:	4619      	mov	r1, r3
 8003cd2:	f04f 4080 	mov.w	r0, #1073741824	; 0x40000000
 8003cd6:	f7fc fc27 	bl	8000528 <CAN_Transmit>
	while(canBufGetStdStruct(getTxBuf(), &msg)==SUCCESS)
 8003cda:	f7ff fc1f 	bl	800351c <getTxBuf>
 8003cde:	4602      	mov	r2, r0
 8003ce0:	f107 0308 	add.w	r3, r7, #8
 8003ce4:	4619      	mov	r1, r3
 8003ce6:	4610      	mov	r0, r2
 8003ce8:	f000 f956 	bl	8003f98 <canBufGetStdStruct>
 8003cec:	4603      	mov	r3, r0
 8003cee:	2b01      	cmp	r3, #1
 8003cf0:	d0e3      	beq.n	8003cba <senderCan+0xa>
	}
}
 8003cf2:	bf00      	nop
 8003cf4:	bf00      	nop
 8003cf6:	3718      	adds	r7, #24
 8003cf8:	46bd      	mov	sp, r7
 8003cfa:	bd80      	pop	{r7, pc}
 8003cfc:	2000089c 	.word	0x2000089c

08003d00 <initFrame>:
#include "can_ring.h"



void initFrame(can_frame *frame, uint32_t id, uint32_t data0, uint32_t data1, uint8_t dlc, uint8_t ide){
 8003d00:	b480      	push	{r7}
 8003d02:	b085      	sub	sp, #20
 8003d04:	af00      	add	r7, sp, #0
 8003d06:	60f8      	str	r0, [r7, #12]
 8003d08:	60b9      	str	r1, [r7, #8]
 8003d0a:	607a      	str	r2, [r7, #4]
 8003d0c:	603b      	str	r3, [r7, #0]
	frame->id = id;
 8003d0e:	68fb      	ldr	r3, [r7, #12]
 8003d10:	68ba      	ldr	r2, [r7, #8]
 8003d12:	601a      	str	r2, [r3, #0]
    frame->data[0] = data0;
 8003d14:	68fb      	ldr	r3, [r7, #12]
 8003d16:	687a      	ldr	r2, [r7, #4]
 8003d18:	609a      	str	r2, [r3, #8]
    frame->data[1] = data1;
 8003d1a:	68fb      	ldr	r3, [r7, #12]
 8003d1c:	683a      	ldr	r2, [r7, #0]
 8003d1e:	60da      	str	r2, [r3, #12]
    frame->dlc = dlc;
 8003d20:	68fb      	ldr	r3, [r7, #12]
 8003d22:	7e3a      	ldrb	r2, [r7, #24]
 8003d24:	741a      	strb	r2, [r3, #16]
    frame->IDE = ide;
 8003d26:	68fb      	ldr	r3, [r7, #12]
 8003d28:	7f3a      	ldrb	r2, [r7, #28]
 8003d2a:	745a      	strb	r2, [r3, #17]
    frame->PRIOR_0 = 0;
 8003d2c:	68fb      	ldr	r3, [r7, #12]
 8003d2e:	2200      	movs	r2, #0
 8003d30:	749a      	strb	r2, [r3, #18]
    frame->OVER_EN = 0; // Добавлено для полной инициализации
 8003d32:	68fb      	ldr	r3, [r7, #12]
 8003d34:	2200      	movs	r2, #0
 8003d36:	74da      	strb	r2, [r3, #19]
    frame->RTR = 0; // Добавлено для полной инициализации
 8003d38:	68fb      	ldr	r3, [r7, #12]
 8003d3a:	2200      	movs	r2, #0
 8003d3c:	605a      	str	r2, [r3, #4]
}
 8003d3e:	bf00      	nop
 8003d40:	3714      	adds	r7, #20
 8003d42:	46bd      	mov	sp, r7
 8003d44:	bc80      	pop	{r7}
 8003d46:	4770      	bx	lr

08003d48 <canBufAddData>:
	buf->indexOut = 0; 
	canBufClearError(buf); 
}


ErrorStatus canBufAddData( can_ring_buffer* buf,  can_frame * data){
 8003d48:	b4b0      	push	{r4, r5, r7}
 8003d4a:	b085      	sub	sp, #20
 8003d4c:	af00      	add	r7, sp, #0
 8003d4e:	6078      	str	r0, [r7, #4]
 8003d50:	6039      	str	r1, [r7, #0]
	uint16_t next; 
    next = buf->indexIn + 1;
 8003d52:	687b      	ldr	r3, [r7, #4]
 8003d54:	f8b3 33fc 	ldrh.w	r3, [r3, #1020]	; 0x3fc
 8003d58:	3301      	adds	r3, #1
 8003d5a:	81fb      	strh	r3, [r7, #14]
    if(next >= CAN_MAX_SIZE_BUFFER) { // 
 8003d5c:	89fb      	ldrh	r3, [r7, #14]
 8003d5e:	2b32      	cmp	r3, #50	; 0x32
 8003d60:	d901      	bls.n	8003d66 <canBufAddData+0x1e>
        next = 0;
 8003d62:	2300      	movs	r3, #0
 8003d64:	81fb      	strh	r3, [r7, #14]
    }
    if(next == buf->indexOut) { // buffer full
 8003d66:	687b      	ldr	r3, [r7, #4]
 8003d68:	f8b3 33fe 	ldrh.w	r3, [r3, #1022]	; 0x3fe
 8003d6c:	89fa      	ldrh	r2, [r7, #14]
 8003d6e:	429a      	cmp	r2, r3
 8003d70:	d112      	bne.n	8003d98 <canBufAddData+0x50>
        buf->Error |= CAN_ERROR_OVERFLOW;
 8003d72:	687b      	ldr	r3, [r7, #4]
 8003d74:	f8b3 3400 	ldrh.w	r3, [r3, #1024]	; 0x400
 8003d78:	f043 0301 	orr.w	r3, r3, #1
 8003d7c:	b29a      	uxth	r2, r3
 8003d7e:	687b      	ldr	r3, [r7, #4]
 8003d80:	f8a3 2400 	strh.w	r2, [r3, #1024]	; 0x400
        buf->ErrorCount++;
 8003d84:	687b      	ldr	r3, [r7, #4]
 8003d86:	f8b3 3402 	ldrh.w	r3, [r3, #1026]	; 0x402
 8003d8a:	3301      	adds	r3, #1
 8003d8c:	b29a      	uxth	r2, r3
 8003d8e:	687b      	ldr	r3, [r7, #4]
 8003d90:	f8a3 2402 	strh.w	r2, [r3, #1026]	; 0x402
        return ERROR;
 8003d94:	2300      	movs	r3, #0
 8003d96:	e015      	b.n	8003dc4 <canBufAddData+0x7c>
    }

    buf->buffer[buf->indexIn] = *data;
 8003d98:	687b      	ldr	r3, [r7, #4]
 8003d9a:	f8b3 33fc 	ldrh.w	r3, [r3, #1020]	; 0x3fc
 8003d9e:	4619      	mov	r1, r3
 8003da0:	687a      	ldr	r2, [r7, #4]
 8003da2:	460b      	mov	r3, r1
 8003da4:	009b      	lsls	r3, r3, #2
 8003da6:	440b      	add	r3, r1
 8003da8:	009b      	lsls	r3, r3, #2
 8003daa:	441a      	add	r2, r3
 8003dac:	683b      	ldr	r3, [r7, #0]
 8003dae:	4614      	mov	r4, r2
 8003db0:	461d      	mov	r5, r3
 8003db2:	cd0f      	ldmia	r5!, {r0, r1, r2, r3}
 8003db4:	c40f      	stmia	r4!, {r0, r1, r2, r3}
 8003db6:	682b      	ldr	r3, [r5, #0]
 8003db8:	6023      	str	r3, [r4, #0]
    buf->indexIn = next;
 8003dba:	687b      	ldr	r3, [r7, #4]
 8003dbc:	89fa      	ldrh	r2, [r7, #14]
 8003dbe:	f8a3 23fc 	strh.w	r2, [r3, #1020]	; 0x3fc
    return SUCCESS;
 8003dc2:	2301      	movs	r3, #1
}
 8003dc4:	4618      	mov	r0, r3
 8003dc6:	3714      	adds	r7, #20
 8003dc8:	46bd      	mov	sp, r7
 8003dca:	bcb0      	pop	{r4, r5, r7}
 8003dcc:	4770      	bx	lr

08003dce <canBufGetData>:

ErrorStatus canBufGetData( can_ring_buffer* buf,  can_frame * data){
 8003dce:	b4b0      	push	{r4, r5, r7}
 8003dd0:	b085      	sub	sp, #20
 8003dd2:	af00      	add	r7, sp, #0
 8003dd4:	6078      	str	r0, [r7, #4]
 8003dd6:	6039      	str	r1, [r7, #0]
    uint16_t next; 

    if(buf->indexIn == buf->indexOut) { // buffer empty
 8003dd8:	687b      	ldr	r3, [r7, #4]
 8003dda:	f8b3 23fc 	ldrh.w	r2, [r3, #1020]	; 0x3fc
 8003dde:	687b      	ldr	r3, [r7, #4]
 8003de0:	f8b3 33fe 	ldrh.w	r3, [r3, #1022]	; 0x3fe
 8003de4:	429a      	cmp	r2, r3
 8003de6:	d101      	bne.n	8003dec <canBufGetData+0x1e>
        return ERROR;
 8003de8:	2300      	movs	r3, #0
 8003dea:	e01f      	b.n	8003e2c <canBufGetData+0x5e>
    }
    next = buf->indexOut + 1;
 8003dec:	687b      	ldr	r3, [r7, #4]
 8003dee:	f8b3 33fe 	ldrh.w	r3, [r3, #1022]	; 0x3fe
 8003df2:	3301      	adds	r3, #1
 8003df4:	81fb      	strh	r3, [r7, #14]
    if(next >= CAN_MAX_SIZE_BUFFER) {
 8003df6:	89fb      	ldrh	r3, [r7, #14]
 8003df8:	2b32      	cmp	r3, #50	; 0x32
 8003dfa:	d901      	bls.n	8003e00 <canBufGetData+0x32>
        next = 0;
 8003dfc:	2300      	movs	r3, #0
 8003dfe:	81fb      	strh	r3, [r7, #14]
    }

    *data = buf->buffer[buf->indexOut];
 8003e00:	687b      	ldr	r3, [r7, #4]
 8003e02:	f8b3 33fe 	ldrh.w	r3, [r3, #1022]	; 0x3fe
 8003e06:	4619      	mov	r1, r3
 8003e08:	6838      	ldr	r0, [r7, #0]
 8003e0a:	687a      	ldr	r2, [r7, #4]
 8003e0c:	460b      	mov	r3, r1
 8003e0e:	009b      	lsls	r3, r3, #2
 8003e10:	440b      	add	r3, r1
 8003e12:	009b      	lsls	r3, r3, #2
 8003e14:	4413      	add	r3, r2
 8003e16:	4604      	mov	r4, r0
 8003e18:	461d      	mov	r5, r3
 8003e1a:	cd0f      	ldmia	r5!, {r0, r1, r2, r3}
 8003e1c:	c40f      	stmia	r4!, {r0, r1, r2, r3}
 8003e1e:	682b      	ldr	r3, [r5, #0]
 8003e20:	6023      	str	r3, [r4, #0]
    buf->indexOut = next;
 8003e22:	687b      	ldr	r3, [r7, #4]
 8003e24:	89fa      	ldrh	r2, [r7, #14]
 8003e26:	f8a3 23fe 	strh.w	r2, [r3, #1022]	; 0x3fe
    return SUCCESS;
 8003e2a:	2301      	movs	r3, #1
}
 8003e2c:	4618      	mov	r0, r3
 8003e2e:	3714      	adds	r7, #20
 8003e30:	46bd      	mov	sp, r7
 8003e32:	bcb0      	pop	{r4, r5, r7}
 8003e34:	4770      	bx	lr

08003e36 <canBufAddStdStruct>:


ErrorStatus canBufAddStdStruct(can_ring_buffer* buf, CAN_RxMsgTypeDef *header) {
 8003e36:	b590      	push	{r4, r7, lr}
 8003e38:	b085      	sub	sp, #20
 8003e3a:	af00      	add	r7, sp, #0
 8003e3c:	6078      	str	r0, [r7, #4]
 8003e3e:	6039      	str	r1, [r7, #0]
    uint16_t next;
    next = buf->indexIn + 1;    
 8003e40:	687b      	ldr	r3, [r7, #4]
 8003e42:	f8b3 33fc 	ldrh.w	r3, [r3, #1020]	; 0x3fc
 8003e46:	3301      	adds	r3, #1
 8003e48:	81fb      	strh	r3, [r7, #14]

    if(next >= CAN_MAX_SIZE_BUFFER) {
 8003e4a:	89fb      	ldrh	r3, [r7, #14]
 8003e4c:	2b32      	cmp	r3, #50	; 0x32
 8003e4e:	d901      	bls.n	8003e54 <canBufAddStdStruct+0x1e>
        next = 0;
 8003e50:	2300      	movs	r3, #0
 8003e52:	81fb      	strh	r3, [r7, #14]
    }

    if(next == buf->indexOut) { // buffer full
 8003e54:	687b      	ldr	r3, [r7, #4]
 8003e56:	f8b3 33fe 	ldrh.w	r3, [r3, #1022]	; 0x3fe
 8003e5a:	89fa      	ldrh	r2, [r7, #14]
 8003e5c:	429a      	cmp	r2, r3
 8003e5e:	d112      	bne.n	8003e86 <canBufAddStdStruct+0x50>
        buf->Error |= CAN_ERROR_OVERFLOW;
 8003e60:	687b      	ldr	r3, [r7, #4]
 8003e62:	f8b3 3400 	ldrh.w	r3, [r3, #1024]	; 0x400
 8003e66:	f043 0301 	orr.w	r3, r3, #1
 8003e6a:	b29a      	uxth	r2, r3
 8003e6c:	687b      	ldr	r3, [r7, #4]
 8003e6e:	f8a3 2400 	strh.w	r2, [r3, #1024]	; 0x400
        buf->ErrorCount++;
 8003e72:	687b      	ldr	r3, [r7, #4]
 8003e74:	f8b3 3402 	ldrh.w	r3, [r3, #1026]	; 0x402
 8003e78:	3301      	adds	r3, #1
 8003e7a:	b29a      	uxth	r2, r3
 8003e7c:	687b      	ldr	r3, [r7, #4]
 8003e7e:	f8a3 2402 	strh.w	r2, [r3, #1026]	; 0x402
        return ERROR;
 8003e82:	2300      	movs	r3, #0
 8003e84:	e084      	b.n	8003f90 <canBufAddStdStruct+0x15a>
    }

    buf->buffer[buf->indexIn].data[0] = reverseBytes(header->Data[0]);
 8003e86:	683b      	ldr	r3, [r7, #0]
 8003e88:	689a      	ldr	r2, [r3, #8]
 8003e8a:	687b      	ldr	r3, [r7, #4]
 8003e8c:	f8b3 33fc 	ldrh.w	r3, [r3, #1020]	; 0x3fc
 8003e90:	461c      	mov	r4, r3
 8003e92:	4610      	mov	r0, r2
 8003e94:	f001 fc40 	bl	8005718 <reverseBytes>
 8003e98:	4601      	mov	r1, r0
 8003e9a:	687a      	ldr	r2, [r7, #4]
 8003e9c:	4623      	mov	r3, r4
 8003e9e:	009b      	lsls	r3, r3, #2
 8003ea0:	4423      	add	r3, r4
 8003ea2:	009b      	lsls	r3, r3, #2
 8003ea4:	4413      	add	r3, r2
 8003ea6:	3308      	adds	r3, #8
 8003ea8:	6019      	str	r1, [r3, #0]
    buf->buffer[buf->indexIn].data[1] = reverseBytes(header->Data[1]);
 8003eaa:	683b      	ldr	r3, [r7, #0]
 8003eac:	68da      	ldr	r2, [r3, #12]
 8003eae:	687b      	ldr	r3, [r7, #4]
 8003eb0:	f8b3 33fc 	ldrh.w	r3, [r3, #1020]	; 0x3fc
 8003eb4:	461c      	mov	r4, r3
 8003eb6:	4610      	mov	r0, r2
 8003eb8:	f001 fc2e 	bl	8005718 <reverseBytes>
 8003ebc:	4601      	mov	r1, r0
 8003ebe:	687a      	ldr	r2, [r7, #4]
 8003ec0:	4623      	mov	r3, r4
 8003ec2:	009b      	lsls	r3, r3, #2
 8003ec4:	4423      	add	r3, r4
 8003ec6:	009b      	lsls	r3, r3, #2
 8003ec8:	4413      	add	r3, r2
 8003eca:	330c      	adds	r3, #12
 8003ecc:	6019      	str	r1, [r3, #0]
    buf->buffer[buf->indexIn].dlc = header->Rx_Header.DLC;
 8003ece:	687b      	ldr	r3, [r7, #4]
 8003ed0:	f8b3 33fc 	ldrh.w	r3, [r3, #1020]	; 0x3fc
 8003ed4:	4619      	mov	r1, r3
 8003ed6:	683b      	ldr	r3, [r7, #0]
 8003ed8:	7998      	ldrb	r0, [r3, #6]
 8003eda:	687a      	ldr	r2, [r7, #4]
 8003edc:	460b      	mov	r3, r1
 8003ede:	009b      	lsls	r3, r3, #2
 8003ee0:	440b      	add	r3, r1
 8003ee2:	009b      	lsls	r3, r3, #2
 8003ee4:	4413      	add	r3, r2
 8003ee6:	3310      	adds	r3, #16
 8003ee8:	4602      	mov	r2, r0
 8003eea:	701a      	strb	r2, [r3, #0]
    if (header->Rx_Header.IDE == CAN_ID_STD) {
 8003eec:	683b      	ldr	r3, [r7, #0]
 8003eee:	795b      	ldrb	r3, [r3, #5]
 8003ef0:	2b00      	cmp	r3, #0
 8003ef2:	d110      	bne.n	8003f16 <canBufAddStdStruct+0xe0>
        buf->buffer[buf->indexIn].id = (header->Rx_Header.ID >> 18) & 0x7FF;
 8003ef4:	683b      	ldr	r3, [r7, #0]
 8003ef6:	681b      	ldr	r3, [r3, #0]
 8003ef8:	0c9b      	lsrs	r3, r3, #18
 8003efa:	687a      	ldr	r2, [r7, #4]
 8003efc:	f8b2 23fc 	ldrh.w	r2, [r2, #1020]	; 0x3fc
 8003f00:	4610      	mov	r0, r2
 8003f02:	f3c3 020a 	ubfx	r2, r3, #0, #11
 8003f06:	6879      	ldr	r1, [r7, #4]
 8003f08:	4603      	mov	r3, r0
 8003f0a:	009b      	lsls	r3, r3, #2
 8003f0c:	4403      	add	r3, r0
 8003f0e:	009b      	lsls	r3, r3, #2
 8003f10:	440b      	add	r3, r1
 8003f12:	601a      	str	r2, [r3, #0]
 8003f14:	e00c      	b.n	8003f30 <canBufAddStdStruct+0xfa>
    } else {
        buf->buffer[buf->indexIn].id = header->Rx_Header.ID;
 8003f16:	687b      	ldr	r3, [r7, #4]
 8003f18:	f8b3 33fc 	ldrh.w	r3, [r3, #1020]	; 0x3fc
 8003f1c:	4618      	mov	r0, r3
 8003f1e:	683b      	ldr	r3, [r7, #0]
 8003f20:	681a      	ldr	r2, [r3, #0]
 8003f22:	6879      	ldr	r1, [r7, #4]
 8003f24:	4603      	mov	r3, r0
 8003f26:	009b      	lsls	r3, r3, #2
 8003f28:	4403      	add	r3, r0
 8003f2a:	009b      	lsls	r3, r3, #2
 8003f2c:	440b      	add	r3, r1
 8003f2e:	601a      	str	r2, [r3, #0]
    }
    buf->buffer[buf->indexIn].IDE = header->Rx_Header.IDE;
 8003f30:	687b      	ldr	r3, [r7, #4]
 8003f32:	f8b3 33fc 	ldrh.w	r3, [r3, #1020]	; 0x3fc
 8003f36:	4619      	mov	r1, r3
 8003f38:	683b      	ldr	r3, [r7, #0]
 8003f3a:	7958      	ldrb	r0, [r3, #5]
 8003f3c:	687a      	ldr	r2, [r7, #4]
 8003f3e:	460b      	mov	r3, r1
 8003f40:	009b      	lsls	r3, r3, #2
 8003f42:	440b      	add	r3, r1
 8003f44:	009b      	lsls	r3, r3, #2
 8003f46:	4413      	add	r3, r2
 8003f48:	3311      	adds	r3, #17
 8003f4a:	4602      	mov	r2, r0
 8003f4c:	701a      	strb	r2, [r3, #0]
    buf->buffer[buf->indexIn].OVER_EN = header->Rx_Header.OVER_EN;
 8003f4e:	687b      	ldr	r3, [r7, #4]
 8003f50:	f8b3 33fc 	ldrh.w	r3, [r3, #1020]	; 0x3fc
 8003f54:	4619      	mov	r1, r3
 8003f56:	683b      	ldr	r3, [r7, #0]
 8003f58:	7918      	ldrb	r0, [r3, #4]
 8003f5a:	687a      	ldr	r2, [r7, #4]
 8003f5c:	460b      	mov	r3, r1
 8003f5e:	009b      	lsls	r3, r3, #2
 8003f60:	440b      	add	r3, r1
 8003f62:	009b      	lsls	r3, r3, #2
 8003f64:	4413      	add	r3, r2
 8003f66:	3313      	adds	r3, #19
 8003f68:	4602      	mov	r2, r0
 8003f6a:	701a      	strb	r2, [r3, #0]
    buf->buffer[buf->indexIn].PRIOR_0 = 0;
 8003f6c:	687b      	ldr	r3, [r7, #4]
 8003f6e:	f8b3 33fc 	ldrh.w	r3, [r3, #1020]	; 0x3fc
 8003f72:	4619      	mov	r1, r3
 8003f74:	687a      	ldr	r2, [r7, #4]
 8003f76:	460b      	mov	r3, r1
 8003f78:	009b      	lsls	r3, r3, #2
 8003f7a:	440b      	add	r3, r1
 8003f7c:	009b      	lsls	r3, r3, #2
 8003f7e:	4413      	add	r3, r2
 8003f80:	3312      	adds	r3, #18
 8003f82:	2200      	movs	r2, #0
 8003f84:	701a      	strb	r2, [r3, #0]
    buf->indexIn = next;
 8003f86:	687b      	ldr	r3, [r7, #4]
 8003f88:	89fa      	ldrh	r2, [r7, #14]
 8003f8a:	f8a3 23fc 	strh.w	r2, [r3, #1020]	; 0x3fc
    return SUCCESS;
 8003f8e:	2301      	movs	r3, #1
}
 8003f90:	4618      	mov	r0, r3
 8003f92:	3714      	adds	r7, #20
 8003f94:	46bd      	mov	sp, r7
 8003f96:	bd90      	pop	{r4, r7, pc}

08003f98 <canBufGetStdStruct>:


ErrorStatus canBufGetStdStruct(can_ring_buffer* buf, CAN_TxMsgTypeDef *header) {
 8003f98:	b580      	push	{r7, lr}
 8003f9a:	b084      	sub	sp, #16
 8003f9c:	af00      	add	r7, sp, #0
 8003f9e:	6078      	str	r0, [r7, #4]
 8003fa0:	6039      	str	r1, [r7, #0]
    uint16_t next; 

    if(buf->indexIn == buf->indexOut) { // buffer empty
 8003fa2:	687b      	ldr	r3, [r7, #4]
 8003fa4:	f8b3 23fc 	ldrh.w	r2, [r3, #1020]	; 0x3fc
 8003fa8:	687b      	ldr	r3, [r7, #4]
 8003faa:	f8b3 33fe 	ldrh.w	r3, [r3, #1022]	; 0x3fe
 8003fae:	429a      	cmp	r2, r3
 8003fb0:	d101      	bne.n	8003fb6 <canBufGetStdStruct+0x1e>
        return ERROR;
 8003fb2:	2300      	movs	r3, #0
 8003fb4:	e088      	b.n	80040c8 <canBufGetStdStruct+0x130>
    }
    next = buf->indexOut + 1;
 8003fb6:	687b      	ldr	r3, [r7, #4]
 8003fb8:	f8b3 33fe 	ldrh.w	r3, [r3, #1022]	; 0x3fe
 8003fbc:	3301      	adds	r3, #1
 8003fbe:	81fb      	strh	r3, [r7, #14]
    if(next >= CAN_MAX_SIZE_BUFFER) {
 8003fc0:	89fb      	ldrh	r3, [r7, #14]
 8003fc2:	2b32      	cmp	r3, #50	; 0x32
 8003fc4:	d901      	bls.n	8003fca <canBufGetStdStruct+0x32>
        next = 0;
 8003fc6:	2300      	movs	r3, #0
 8003fc8:	81fb      	strh	r3, [r7, #14]
    }

    header->Data[0] = reverseBytes(buf->buffer[buf->indexOut].data[0]);
 8003fca:	687b      	ldr	r3, [r7, #4]
 8003fcc:	f8b3 33fe 	ldrh.w	r3, [r3, #1022]	; 0x3fe
 8003fd0:	4619      	mov	r1, r3
 8003fd2:	687a      	ldr	r2, [r7, #4]
 8003fd4:	460b      	mov	r3, r1
 8003fd6:	009b      	lsls	r3, r3, #2
 8003fd8:	440b      	add	r3, r1
 8003fda:	009b      	lsls	r3, r3, #2
 8003fdc:	4413      	add	r3, r2
 8003fde:	3308      	adds	r3, #8
 8003fe0:	681b      	ldr	r3, [r3, #0]
 8003fe2:	4618      	mov	r0, r3
 8003fe4:	f001 fb98 	bl	8005718 <reverseBytes>
 8003fe8:	4602      	mov	r2, r0
 8003fea:	683b      	ldr	r3, [r7, #0]
 8003fec:	609a      	str	r2, [r3, #8]
    header->Data[1] = reverseBytes(buf->buffer[buf->indexOut].data[1]);
 8003fee:	687b      	ldr	r3, [r7, #4]
 8003ff0:	f8b3 33fe 	ldrh.w	r3, [r3, #1022]	; 0x3fe
 8003ff4:	4619      	mov	r1, r3
 8003ff6:	687a      	ldr	r2, [r7, #4]
 8003ff8:	460b      	mov	r3, r1
 8003ffa:	009b      	lsls	r3, r3, #2
 8003ffc:	440b      	add	r3, r1
 8003ffe:	009b      	lsls	r3, r3, #2
 8004000:	4413      	add	r3, r2
 8004002:	330c      	adds	r3, #12
 8004004:	681b      	ldr	r3, [r3, #0]
 8004006:	4618      	mov	r0, r3
 8004008:	f001 fb86 	bl	8005718 <reverseBytes>
 800400c:	4602      	mov	r2, r0
 800400e:	683b      	ldr	r3, [r7, #0]
 8004010:	60da      	str	r2, [r3, #12]
    header->DLC = buf->buffer[buf->indexOut].dlc;
 8004012:	687b      	ldr	r3, [r7, #4]
 8004014:	f8b3 33fe 	ldrh.w	r3, [r3, #1022]	; 0x3fe
 8004018:	4619      	mov	r1, r3
 800401a:	687a      	ldr	r2, [r7, #4]
 800401c:	460b      	mov	r3, r1
 800401e:	009b      	lsls	r3, r3, #2
 8004020:	440b      	add	r3, r1
 8004022:	009b      	lsls	r3, r3, #2
 8004024:	4413      	add	r3, r2
 8004026:	3310      	adds	r3, #16
 8004028:	781a      	ldrb	r2, [r3, #0]
 800402a:	683b      	ldr	r3, [r7, #0]
 800402c:	719a      	strb	r2, [r3, #6]
    if (buf->buffer[buf->indexOut].IDE == CAN_ID_STD) {
 800402e:	687b      	ldr	r3, [r7, #4]
 8004030:	f8b3 33fe 	ldrh.w	r3, [r3, #1022]	; 0x3fe
 8004034:	4619      	mov	r1, r3
 8004036:	687a      	ldr	r2, [r7, #4]
 8004038:	460b      	mov	r3, r1
 800403a:	009b      	lsls	r3, r3, #2
 800403c:	440b      	add	r3, r1
 800403e:	009b      	lsls	r3, r3, #2
 8004040:	4413      	add	r3, r2
 8004042:	3311      	adds	r3, #17
 8004044:	781b      	ldrb	r3, [r3, #0]
 8004046:	2b00      	cmp	r3, #0
 8004048:	d110      	bne.n	800406c <canBufGetStdStruct+0xd4>
        header->ID = (buf->buffer[buf->indexOut].id & 0x7FF) << 18;
 800404a:	687b      	ldr	r3, [r7, #4]
 800404c:	f8b3 33fe 	ldrh.w	r3, [r3, #1022]	; 0x3fe
 8004050:	4619      	mov	r1, r3
 8004052:	687a      	ldr	r2, [r7, #4]
 8004054:	460b      	mov	r3, r1
 8004056:	009b      	lsls	r3, r3, #2
 8004058:	440b      	add	r3, r1
 800405a:	009b      	lsls	r3, r3, #2
 800405c:	4413      	add	r3, r2
 800405e:	681b      	ldr	r3, [r3, #0]
 8004060:	049a      	lsls	r2, r3, #18
 8004062:	4b1b      	ldr	r3, [pc, #108]	; (80040d0 <canBufGetStdStruct+0x138>)
 8004064:	4013      	ands	r3, r2
 8004066:	683a      	ldr	r2, [r7, #0]
 8004068:	6013      	str	r3, [r2, #0]
 800406a:	e00c      	b.n	8004086 <canBufGetStdStruct+0xee>
    } else {
        header->ID = buf->buffer[buf->indexOut].id;
 800406c:	687b      	ldr	r3, [r7, #4]
 800406e:	f8b3 33fe 	ldrh.w	r3, [r3, #1022]	; 0x3fe
 8004072:	4619      	mov	r1, r3
 8004074:	687a      	ldr	r2, [r7, #4]
 8004076:	460b      	mov	r3, r1
 8004078:	009b      	lsls	r3, r3, #2
 800407a:	440b      	add	r3, r1
 800407c:	009b      	lsls	r3, r3, #2
 800407e:	4413      	add	r3, r2
 8004080:	681a      	ldr	r2, [r3, #0]
 8004082:	683b      	ldr	r3, [r7, #0]
 8004084:	601a      	str	r2, [r3, #0]
    }
    header->IDE = buf->buffer[buf->indexOut].IDE;
 8004086:	687b      	ldr	r3, [r7, #4]
 8004088:	f8b3 33fe 	ldrh.w	r3, [r3, #1022]	; 0x3fe
 800408c:	4619      	mov	r1, r3
 800408e:	687a      	ldr	r2, [r7, #4]
 8004090:	460b      	mov	r3, r1
 8004092:	009b      	lsls	r3, r3, #2
 8004094:	440b      	add	r3, r1
 8004096:	009b      	lsls	r3, r3, #2
 8004098:	4413      	add	r3, r2
 800409a:	3311      	adds	r3, #17
 800409c:	781a      	ldrb	r2, [r3, #0]
 800409e:	683b      	ldr	r3, [r7, #0]
 80040a0:	715a      	strb	r2, [r3, #5]
    header->PRIOR_0 = buf->buffer[buf->indexOut].PRIOR_0;
 80040a2:	687b      	ldr	r3, [r7, #4]
 80040a4:	f8b3 33fe 	ldrh.w	r3, [r3, #1022]	; 0x3fe
 80040a8:	4619      	mov	r1, r3
 80040aa:	687a      	ldr	r2, [r7, #4]
 80040ac:	460b      	mov	r3, r1
 80040ae:	009b      	lsls	r3, r3, #2
 80040b0:	440b      	add	r3, r1
 80040b2:	009b      	lsls	r3, r3, #2
 80040b4:	4413      	add	r3, r2
 80040b6:	3312      	adds	r3, #18
 80040b8:	781a      	ldrb	r2, [r3, #0]
 80040ba:	683b      	ldr	r3, [r7, #0]
 80040bc:	711a      	strb	r2, [r3, #4]
    //header->OVER_EN = buf->buffer[buf->indexOut].OVER_EN;
    buf->indexOut = next;
 80040be:	687b      	ldr	r3, [r7, #4]
 80040c0:	89fa      	ldrh	r2, [r7, #14]
 80040c2:	f8a3 23fe 	strh.w	r2, [r3, #1022]	; 0x3fe
    return SUCCESS;
 80040c6:	2301      	movs	r3, #1
}
 80040c8:	4618      	mov	r0, r3
 80040ca:	3710      	adds	r7, #16
 80040cc:	46bd      	mov	sp, r7
 80040ce:	bd80      	pop	{r7, pc}
 80040d0:	1ffc0000 	.word	0x1ffc0000

080040d4 <initClk>:

RST_CLK_FreqTypeDef CLK_FrequencyStructure; 


int initClk(void) // 8mhz (hse)
{
 80040d4:	b580      	push	{r7, lr}
 80040d6:	af00      	add	r7, sp, #0
	// clk 
	RST_CLK_DeInit(); 
 80040d8:	f7fc fd5e 	bl	8000b98 <RST_CLK_DeInit>
	/* Enable HSI clock source */
	RST_CLK_HSIcmd(ENABLE);
 80040dc:	2001      	movs	r0, #1
 80040de:	f7fc fde7 	bl	8000cb0 <RST_CLK_HSIcmd>
	if (RST_CLK_HSIstatus() == SUCCESS)                     /* Good HSI clock */
 80040e2:	f7fc fdf5 	bl	8000cd0 <RST_CLK_HSIstatus>
 80040e6:	4603      	mov	r3, r0
 80040e8:	2b01      	cmp	r3, #1
 80040ea:	d133      	bne.n	8004154 <initClk+0x80>
    {
			
		/* Enable HSE clock oscillator */
		RST_CLK_HSEconfig(RST_CLK_HSE_ON); // MDR_RST_CLK->HS_CONTROL  = 1 
 80040ec:	2001      	movs	r0, #1
 80040ee:	f7fc fd95 	bl	8000c1c <RST_CLK_HSEconfig>
		if(RST_CLK_HSEstatus() == SUCCESS) // MDR_RST_CLK->CLOCK_STATUS
 80040f2:	f7fc fdb9 	bl	8000c68 <RST_CLK_HSEstatus>
 80040f6:	4603      	mov	r3, r0
 80040f8:	2b01      	cmp	r3, #1
 80040fa:	d12d      	bne.n	8004158 <initClk+0x84>
		{
			/* Select HSE clock as CPU_PLL input clock source */
			/* Set PLL multiplier to                         */
			// input freq HSE / 1 * (4+1)  = kvarz 8mhz, 16/1*10 = 80mhz (max)
			RST_CLK_CPU_PLLconfig(RST_CLK_CPU_PLLsrcHSEdiv1, RST_CLK_CPU_PLLmul10);//10 - 80
 80040fc:	2109      	movs	r1, #9
 80040fe:	2002      	movs	r0, #2
 8004100:	f7fc fe0a 	bl	8000d18 <RST_CLK_CPU_PLLconfig>
			RST_CLK_CPU_PLLcmd(ENABLE);
 8004104:	2001      	movs	r0, #1
 8004106:	f7fc fe4f 	bl	8000da8 <RST_CLK_CPU_PLLcmd>
			if (RST_CLK_HSEstatus() == SUCCESS)                     /* Good CPU PLL */
 800410a:	f7fc fdad 	bl	8000c68 <RST_CLK_HSEstatus>
 800410e:	4603      	mov	r3, r0
 8004110:	2b01      	cmp	r3, #1
 8004112:	d11d      	bne.n	8004150 <initClk+0x7c>
			{
				/* Set CPU_C3_prescaler to 2 */
				RST_CLK_CPUclkPrescaler(RST_CLK_CPUclkDIV1); // set CPU_C3_SEL (CPU_CLOCK)
 8004114:	2000      	movs	r0, #0
 8004116:	f7fc fe57 	bl	8000dc8 <RST_CLK_CPUclkPrescaler>
				/* Set CPU_C2_SEL to CPU_PLL output instead of CPU_C1 clock */
                RST_CLK_CPU_PLLuse(ENABLE);  									// CPU_C2_SEL
 800411a:	2001      	movs	r0, #1
 800411c:	f7fc fe34 	bl	8000d88 <RST_CLK_CPU_PLLuse>

				//*******************************
				// кусок кода из примера USB
			    /* Enables the RST_CLK_PCLK_EEPROM */
				RST_CLK_PCLKcmd(RST_CLK_PCLK_EEPROM, ENABLE);
 8004120:	2101      	movs	r1, #1
 8004122:	2008      	movs	r0, #8
 8004124:	f7fc fe86 	bl	8000e34 <RST_CLK_PCLKcmd>
				/* Sets the code latency value (CPU_CLK up to 100 MHz) */
				EEPROM_SetLatency(EEPROM_Latency_3);
 8004128:	2018      	movs	r0, #24
 800412a:	f7fc fbf7 	bl	800091c <EEPROM_SetLatency>
				/* Disables the RST_CLK_PCLK_EEPROM */
				RST_CLK_PCLKcmd(RST_CLK_PCLK_EEPROM, DISABLE);
 800412e:	2100      	movs	r1, #0
 8004130:	2008      	movs	r0, #8
 8004132:	f7fc fe7f 	bl	8000e34 <RST_CLK_PCLKcmd>
				
				/* Enables the RST_CLK_PCLK_BKP */
				RST_CLK_PCLKcmd(RST_CLK_PCLK_BKP, ENABLE);
 8004136:	2101      	movs	r1, #1
 8004138:	f04f 6000 	mov.w	r0, #134217728	; 0x8000000
 800413c:	f7fc fe7a 	bl	8000e34 <RST_CLK_PCLKcmd>
				/* Setting the parameters of the voltage regulator SelectRI and LOW in the BKP controller (CPU_CLK = 80 MHz) */
				BKP_DUccMode(BKP_DUcc_upto_80MHz);
 8004140:	2036      	movs	r0, #54	; 0x36
 8004142:	f7fc f8e3 	bl	800030c <BKP_DUccMode>
				//******************************

				/* Select CPU_C3 clock on the CPU clock MUX */
                RST_CLK_CPUclkSelection(RST_CLK_CPUclkCPU_C3); //CPU_HCLK_SEL (CPU_CLOCK)
 8004146:	f44f 7080 	mov.w	r0, #256	; 0x100
 800414a:	f7fc fe59 	bl	8000e00 <RST_CLK_CPUclkSelection>
 800414e:	e003      	b.n	8004158 <initClk+0x84>
			}
			else 
	        {
				return 0;
 8004150:	2300      	movs	r3, #0
 8004152:	e002      	b.n	800415a <initClk+0x86>
            }				 
	    }	
	}
	else
    {                                                    /* HSI timeout */
        return 0;
 8004154:	2300      	movs	r3, #0
 8004156:	e000      	b.n	800415a <initClk+0x86>
    }
	return 1;
 8004158:	2301      	movs	r3, #1
}	
 800415a:	4618      	mov	r0, r3
 800415c:	bd80      	pop	{r7, pc}
	...

08004160 <initConfig>:
#include "config.h"

int initConfig(config_union* cfg)
{
 8004160:	b580      	push	{r7, lr}
 8004162:	b084      	sub	sp, #16
 8004164:	af00      	add	r7, sp, #0
 8004166:	6078      	str	r0, [r7, #4]
    int res = readConfig(cfg);
 8004168:	6878      	ldr	r0, [r7, #4]
 800416a:	f000 f89f 	bl	80042ac <readConfig>
 800416e:	60f8      	str	r0, [r7, #12]
    //читаем первый раз конфиг 
    if(cfg->config_struct.key != CONFIG_KEY)
 8004170:	687b      	ldr	r3, [r7, #4]
 8004172:	681b      	ldr	r3, [r3, #0]
 8004174:	4a3c      	ldr	r2, [pc, #240]	; (8004268 <initConfig+0x108>)
 8004176:	4293      	cmp	r3, r2
 8004178:	d065      	beq.n	8004246 <initConfig+0xe6>
    {
        // повторное чтение при неудачи первой операции
        res = readConfig(cfg);
 800417a:	6878      	ldr	r0, [r7, #4]
 800417c:	f000 f896 	bl	80042ac <readConfig>
 8004180:	60f8      	str	r0, [r7, #12]
        if(cfg->config_struct.key != CONFIG_KEY)
 8004182:	687b      	ldr	r3, [r7, #4]
 8004184:	681b      	ldr	r3, [r3, #0]
 8004186:	4a38      	ldr	r2, [pc, #224]	; (8004268 <initConfig+0x108>)
 8004188:	4293      	cmp	r3, r2
 800418a:	d05c      	beq.n	8004246 <initConfig+0xe6>
        {   
            cfg->config_struct.key = CONFIG_KEY;
 800418c:	687b      	ldr	r3, [r7, #4]
 800418e:	4a36      	ldr	r2, [pc, #216]	; (8004268 <initConfig+0x108>)
 8004190:	601a      	str	r2, [r3, #0]
            cfg->config_struct.id_can_logic = CONFIG_ID_CAN;  
 8004192:	687b      	ldr	r3, [r7, #4]
 8004194:	2201      	movs	r2, #1
 8004196:	605a      	str	r2, [r3, #4]
            cfg->config_struct.id_can_physic = CONFIG_ID_CAN; 
 8004198:	687b      	ldr	r3, [r7, #4]
 800419a:	2201      	movs	r2, #1
 800419c:	609a      	str	r2, [r3, #8]
            cfg->config_struct.type_device = CONFIG_TYPE_DEVICE; 
 800419e:	687b      	ldr	r3, [r7, #4]
 80041a0:	2260      	movs	r2, #96	; 0x60
 80041a2:	60da      	str	r2, [r3, #12]
            cfg->config_struct.version_protokol = CONFIG_VERSION_PROTOKOL; 
 80041a4:	687b      	ldr	r3, [r7, #4]
 80041a6:	228e      	movs	r2, #142	; 0x8e
 80041a8:	611a      	str	r2, [r3, #16]
            cfg->config_struct.led_min_brt = CONFIG_PWM_MIN;
 80041aa:	687b      	ldr	r3, [r7, #4]
 80041ac:	2200      	movs	r2, #0
 80041ae:	615a      	str	r2, [r3, #20]
            cfg->config_struct.led_max_brt = CONFIG_PWM_MAX;
 80041b0:	687b      	ldr	r3, [r7, #4]
 80041b2:	22ff      	movs	r2, #255	; 0xff
 80041b4:	619a      	str	r2, [r3, #24]
            cfg->config_struct.led_default_brt = CONFIG_PWM_DEFAULT;
 80041b6:	687b      	ldr	r3, [r7, #4]
 80041b8:	227f      	movs	r2, #127	; 0x7f
 80041ba:	61da      	str	r2, [r3, #28]
            cfg->config_struct.disp_min_brt = CONFIG_PWM_MIN;
 80041bc:	687b      	ldr	r3, [r7, #4]
 80041be:	2200      	movs	r2, #0
 80041c0:	621a      	str	r2, [r3, #32]
            cfg->config_struct.disp_max_brt = CONFIG_PWM_MAX;
 80041c2:	687b      	ldr	r3, [r7, #4]
 80041c4:	22ff      	movs	r2, #255	; 0xff
 80041c6:	625a      	str	r2, [r3, #36]	; 0x24
            cfg->config_struct.disp_default_brt = CONFIG_PWM_DEFAULT;
 80041c8:	687b      	ldr	r3, [r7, #4]
 80041ca:	227f      	movs	r2, #127	; 0x7f
 80041cc:	629a      	str	r2, [r3, #40]	; 0x28
            cfg->config_struct.adc1_limit = CONFIG_ADC_LIMIT;
 80041ce:	687b      	ldr	r3, [r7, #4]
 80041d0:	2201      	movs	r2, #1
 80041d2:	62da      	str	r2, [r3, #44]	; 0x2c
            cfg->config_struct.adc2_limit = CONFIG_ADC_LIMIT;
 80041d4:	687b      	ldr	r3, [r7, #4]
 80041d6:	2201      	movs	r2, #1
 80041d8:	631a      	str	r2, [r3, #48]	; 0x30
            cfg->config_struct.adc3_limit = CONFIG_ADC_LIMIT;
 80041da:	687b      	ldr	r3, [r7, #4]
 80041dc:	2201      	movs	r2, #1
 80041de:	635a      	str	r2, [r3, #52]	; 0x34
            cfg->config_struct.adc1_name_channel = CONFIG_ADC1_NAME;
 80041e0:	687b      	ldr	r3, [r7, #4]
 80041e2:	2208      	movs	r2, #8
 80041e4:	639a      	str	r2, [r3, #56]	; 0x38
            cfg->config_struct.adc2_name_channel = CONFIG_ADC2_NAME;
 80041e6:	687b      	ldr	r3, [r7, #4]
 80041e8:	2209      	movs	r2, #9
 80041ea:	63da      	str	r2, [r3, #60]	; 0x3c
            cfg->config_struct.adc3_name_channel = CONFIG_ADC3_NAME;
 80041ec:	687b      	ldr	r3, [r7, #4]
 80041ee:	220a      	movs	r2, #10
 80041f0:	641a      	str	r2, [r3, #64]	; 0x40
            cfg->config_struct.enc1_name_channel = CONFIG_ENC1_NAME;
 80041f2:	687b      	ldr	r3, [r7, #4]
 80041f4:	2200      	movs	r2, #0
 80041f6:	645a      	str	r2, [r3, #68]	; 0x44
            cfg->config_struct.enc2_name_channel = CONFIG_ENC2_NAME;
 80041f8:	687b      	ldr	r3, [r7, #4]
 80041fa:	2201      	movs	r2, #1
 80041fc:	649a      	str	r2, [r3, #72]	; 0x48
            cfg->config_struct.enc3_name_channel = CONFIG_ENC3_NAME;
 80041fe:	687b      	ldr	r3, [r7, #4]
 8004200:	2202      	movs	r2, #2
 8004202:	64da      	str	r2, [r3, #76]	; 0x4c
            cfg->config_struct.enc4_name_channel = CONFIG_ENC4_NAME;
 8004204:	687b      	ldr	r3, [r7, #4]
 8004206:	2203      	movs	r2, #3
 8004208:	651a      	str	r2, [r3, #80]	; 0x50
            cfg->config_struct.enc5_name_channel = CONFIG_ENC5_NAME;
 800420a:	687b      	ldr	r3, [r7, #4]
 800420c:	2205      	movs	r2, #5
 800420e:	655a      	str	r2, [r3, #84]	; 0x54
            cfg->config_struct.enc6_name_channel = CONFIG_ENC6_NAME;
 8004210:	687b      	ldr	r3, [r7, #4]
 8004212:	2206      	movs	r2, #6
 8004214:	659a      	str	r2, [r3, #88]	; 0x58
            cfg->config_struct.scale2_pwm_brt = CONFIG_SCALE2_BRT;
 8004216:	687b      	ldr	r3, [r7, #4]
 8004218:	227f      	movs	r2, #127	; 0x7f
 800421a:	65da      	str	r2, [r3, #92]	; 0x5c
            cfg->config_struct.scale2_pwm_max = CONFIG_SCALE2_MAX;
 800421c:	687b      	ldr	r3, [r7, #4]
 800421e:	22ff      	movs	r2, #255	; 0xff
 8004220:	661a      	str	r2, [r3, #96]	; 0x60
            cfg->config_struct.scale2_pwm_min = CONFIG_SCALE2_MIN;
 8004222:	687b      	ldr	r3, [r7, #4]
 8004224:	2200      	movs	r2, #0
 8004226:	665a      	str	r2, [r3, #100]	; 0x64

            cfg->config_struct.entry_ctrl = CONFIG_ENTRY_CTRL; 
 8004228:	687b      	ldr	r3, [r7, #4]
 800422a:	226f      	movs	r2, #111	; 0x6f
 800422c:	669a      	str	r2, [r3, #104]	; 0x68
            cfg->config_struct.polarity = CONFIG_POLATITY;
 800422e:	687b      	ldr	r3, [r7, #4]
 8004230:	2249      	movs	r2, #73	; 0x49
 8004232:	66da      	str	r2, [r3, #108]	; 0x6c
            cfg->config_struct.contrast = CONFIG_CONTRAST;
 8004234:	687b      	ldr	r3, [r7, #4]
 8004236:	2208      	movs	r2, #8
 8004238:	671a      	str	r2, [r3, #112]	; 0x70
            cfg->config_struct.brightness = CONFIG_BRIGHTNESS;
 800423a:	687b      	ldr	r3, [r7, #4]
 800423c:	2280      	movs	r2, #128	; 0x80
 800423e:	675a      	str	r2, [r3, #116]	; 0x74
            writeConfig(cfg);     
 8004240:	6878      	ldr	r0, [r7, #4]
 8004242:	f000 f813 	bl	800426c <writeConfig>
        } 
    }
    res = EEPROM_OK;  
 8004246:	2301      	movs	r3, #1
 8004248:	60fb      	str	r3, [r7, #12]
    readConfig(cfg); 
 800424a:	6878      	ldr	r0, [r7, #4]
 800424c:	f000 f82e 	bl	80042ac <readConfig>
    if(cfg->config_struct.key != CONFIG_KEY)
 8004250:	687b      	ldr	r3, [r7, #4]
 8004252:	681b      	ldr	r3, [r3, #0]
 8004254:	4a04      	ldr	r2, [pc, #16]	; (8004268 <initConfig+0x108>)
 8004256:	4293      	cmp	r3, r2
 8004258:	d001      	beq.n	800425e <initConfig+0xfe>
    {
        res = EEPROM_ERROR; 
 800425a:	2300      	movs	r3, #0
 800425c:	60fb      	str	r3, [r7, #12]
    }
    return res; 
 800425e:	68fb      	ldr	r3, [r7, #12]
}
 8004260:	4618      	mov	r0, r3
 8004262:	3710      	adds	r7, #16
 8004264:	46bd      	mov	sp, r7
 8004266:	bd80      	pop	{r7, pc}
 8004268:	e254567c 	.word	0xe254567c

0800426c <writeConfig>:

int writeConfig(config_union* cfgg)
{ 
 800426c:	b580      	push	{r7, lr}
 800426e:	b084      	sub	sp, #16
 8004270:	af00      	add	r7, sp, #0
 8004272:	6078      	str	r0, [r7, #4]
    eeprom_clear(CONFIG_PAGE_CONFIG_ADR_DEFAULT);
 8004274:	480c      	ldr	r0, [pc, #48]	; (80042a8 <writeConfig+0x3c>)
 8004276:	f002 fa03 	bl	8006680 <__eeprom_clear_veneer>
    Eeprom_isClearPage(CONFIG_PAGE_CONFIG_ADR_DEFAULT, CONFIG_SIZE_CONFIG_U32);
 800427a:	2140      	movs	r1, #64	; 0x40
 800427c:	480a      	ldr	r0, [pc, #40]	; (80042a8 <writeConfig+0x3c>)
 800427e:	f000 f8b7 	bl	80043f0 <Eeprom_isClearPage>
    int res = eeprom_write(CONFIG_PAGE_CONFIG_ADR_DEFAULT, cfgg->config_array, CONFIG_SIZE_CONFIG_U32); 
 8004282:	687b      	ldr	r3, [r7, #4]
 8004284:	2240      	movs	r2, #64	; 0x40
 8004286:	4619      	mov	r1, r3
 8004288:	4807      	ldr	r0, [pc, #28]	; (80042a8 <writeConfig+0x3c>)
 800428a:	f002 f9f5 	bl	8006678 <__eeprom_write_veneer>
 800428e:	60f8      	str	r0, [r7, #12]
    res =  Eeprom_isVerifyWrite(CONFIG_PAGE_CONFIG_ADR_DEFAULT, cfgg->config_array, CONFIG_SIZE_CONFIG_U32);
 8004290:	687b      	ldr	r3, [r7, #4]
 8004292:	2240      	movs	r2, #64	; 0x40
 8004294:	4619      	mov	r1, r3
 8004296:	4804      	ldr	r0, [pc, #16]	; (80042a8 <writeConfig+0x3c>)
 8004298:	f000 f8fd 	bl	8004496 <Eeprom_isVerifyWrite>
 800429c:	60f8      	str	r0, [r7, #12]
    return res; 
 800429e:	68fb      	ldr	r3, [r7, #12]
}
 80042a0:	4618      	mov	r0, r3
 80042a2:	3710      	adds	r7, #16
 80042a4:	46bd      	mov	sp, r7
 80042a6:	bd80      	pop	{r7, pc}
 80042a8:	0801e000 	.word	0x0801e000

080042ac <readConfig>:

int readConfig(config_union* cfg)
{
 80042ac:	b580      	push	{r7, lr}
 80042ae:	b084      	sub	sp, #16
 80042b0:	af00      	add	r7, sp, #0
 80042b2:	6078      	str	r0, [r7, #4]
    int res = eeprom_read(CONFIG_PAGE_CONFIG_ADR_DEFAULT, cfg->config_array, CONFIG_SIZE_CONFIG_U32); 
 80042b4:	687b      	ldr	r3, [r7, #4]
 80042b6:	2240      	movs	r2, #64	; 0x40
 80042b8:	4619      	mov	r1, r3
 80042ba:	4804      	ldr	r0, [pc, #16]	; (80042cc <readConfig+0x20>)
 80042bc:	f000 f95c 	bl	8004578 <eeprom_read>
 80042c0:	60f8      	str	r0, [r7, #12]
    (void)res; 
    return 1; 
 80042c2:	2301      	movs	r3, #1
}
 80042c4:	4618      	mov	r0, r3
 80042c6:	3710      	adds	r7, #16
 80042c8:	46bd      	mov	sp, r7
 80042ca:	bd80      	pop	{r7, pc}
 80042cc:	0801e000 	.word	0x0801e000

080042d0 <clearConfig>:

int clearConfig(config_union* cfg)
{
 80042d0:	b580      	push	{r7, lr}
 80042d2:	b082      	sub	sp, #8
 80042d4:	af00      	add	r7, sp, #0
 80042d6:	6078      	str	r0, [r7, #4]
    eeprom_clear(CONFIG_PAGE_CONFIG_ADR_DEFAULT);
 80042d8:	4807      	ldr	r0, [pc, #28]	; (80042f8 <clearConfig+0x28>)
 80042da:	f002 f9d1 	bl	8006680 <__eeprom_clear_veneer>
    Eeprom_isClearPage(CONFIG_PAGE_CONFIG_ADR_DEFAULT, CONFIG_SIZE_CONFIG_U32);
 80042de:	2140      	movs	r1, #64	; 0x40
 80042e0:	4805      	ldr	r0, [pc, #20]	; (80042f8 <clearConfig+0x28>)
 80042e2:	f000 f885 	bl	80043f0 <Eeprom_isClearPage>
    
    return readConfig(cfg);
 80042e6:	6878      	ldr	r0, [r7, #4]
 80042e8:	f7ff ffe0 	bl	80042ac <readConfig>
 80042ec:	4603      	mov	r3, r0
}
 80042ee:	4618      	mov	r0, r3
 80042f0:	3708      	adds	r7, #8
 80042f2:	46bd      	mov	sp, r7
 80042f4:	bd80      	pop	{r7, pc}
 80042f6:	bf00      	nop
 80042f8:	0801e000 	.word	0x0801e000

080042fc <setConfigParameter>:

int setConfigParameter(config_union* cfg, int index, uint32_t value)
{
 80042fc:	b580      	push	{r7, lr}
 80042fe:	b086      	sub	sp, #24
 8004300:	af00      	add	r7, sp, #0
 8004302:	60f8      	str	r0, [r7, #12]
 8004304:	60b9      	str	r1, [r7, #8]
 8004306:	607a      	str	r2, [r7, #4]
    if(index==0) return 0; 
 8004308:	68bb      	ldr	r3, [r7, #8]
 800430a:	2b00      	cmp	r3, #0
 800430c:	d101      	bne.n	8004312 <setConfigParameter+0x16>
 800430e:	2300      	movs	r3, #0
 8004310:	e009      	b.n	8004326 <setConfigParameter+0x2a>
    cfg->config_array[index] = value;
 8004312:	68fb      	ldr	r3, [r7, #12]
 8004314:	68ba      	ldr	r2, [r7, #8]
 8004316:	6879      	ldr	r1, [r7, #4]
 8004318:	f843 1022 	str.w	r1, [r3, r2, lsl #2]
    int res = writeConfig(cfg);
 800431c:	68f8      	ldr	r0, [r7, #12]
 800431e:	f7ff ffa5 	bl	800426c <writeConfig>
 8004322:	6178      	str	r0, [r7, #20]
    return res; 
 8004324:	697b      	ldr	r3, [r7, #20]
}
 8004326:	4618      	mov	r0, r3
 8004328:	3718      	adds	r7, #24
 800432a:	46bd      	mov	sp, r7
 800432c:	bd80      	pop	{r7, pc}

0800432e <getConfigParameter>:


uint32_t getConfigParameter(config_union* cfg, int index)
{
 800432e:	b580      	push	{r7, lr}
 8004330:	b084      	sub	sp, #16
 8004332:	af00      	add	r7, sp, #0
 8004334:	6078      	str	r0, [r7, #4]
 8004336:	6039      	str	r1, [r7, #0]
    readConfig(cfg);
 8004338:	6878      	ldr	r0, [r7, #4]
 800433a:	f7ff ffb7 	bl	80042ac <readConfig>
    uint32_t res = cfg->config_array[index&0xFF]; 
 800433e:	683b      	ldr	r3, [r7, #0]
 8004340:	b2da      	uxtb	r2, r3
 8004342:	687b      	ldr	r3, [r7, #4]
 8004344:	f853 3022 	ldr.w	r3, [r3, r2, lsl #2]
 8004348:	60fb      	str	r3, [r7, #12]
    return res; 
 800434a:	68fb      	ldr	r3, [r7, #12]
 800434c:	4618      	mov	r0, r3
 800434e:	3710      	adds	r7, #16
 8004350:	46bd      	mov	sp, r7
 8004352:	bd80      	pop	{r7, pc}

08004354 <display_init>:
	.vtotal = 262,
	.flags = 0,
*/

void display_init(const Display_config_t* cfg)
{
 8004354:	b580      	push	{r7, lr}
 8004356:	b084      	sub	sp, #16
 8004358:	af00      	add	r7, sp, #0
 800435a:	6078      	str	r0, [r7, #4]
    if(!cfg || !cfg->pinReset) return;
 800435c:	687b      	ldr	r3, [r7, #4]
 800435e:	2b00      	cmp	r3, #0
 8004360:	d038      	beq.n	80043d4 <display_init+0x80>
 8004362:	687b      	ldr	r3, [r7, #4]
 8004364:	681b      	ldr	r3, [r3, #0]
 8004366:	2b00      	cmp	r3, #0
 8004368:	d034      	beq.n	80043d4 <display_init+0x80>
    GPIO_InitOutput(cfg->pinReset);
 800436a:	687b      	ldr	r3, [r7, #4]
 800436c:	681b      	ldr	r3, [r3, #0]
 800436e:	4618      	mov	r0, r3
 8004370:	f000 fc9e 	bl	8004cb0 <GPIO_InitOutput>
    GPIO_WritePin(cfg->pinReset, true);
 8004374:	687b      	ldr	r3, [r7, #4]
 8004376:	681b      	ldr	r3, [r3, #0]
 8004378:	2101      	movs	r1, #1
 800437a:	4618      	mov	r0, r3
 800437c:	f000 fd6f 	bl	8004e5e <GPIO_WritePin>
        
    for(uint32_t i = 0; i < 83000*10; i++)   { __NOP(); } 
 8004380:	2300      	movs	r3, #0
 8004382:	60fb      	str	r3, [r7, #12]
 8004384:	e004      	b.n	8004390 <display_init+0x3c>
  __ASM volatile ("nop");
 8004386:	bf00      	nop
}
 8004388:	bf00      	nop
 800438a:	68fb      	ldr	r3, [r7, #12]
 800438c:	3301      	adds	r3, #1
 800438e:	60fb      	str	r3, [r7, #12]
 8004390:	68fb      	ldr	r3, [r7, #12]
 8004392:	4a12      	ldr	r2, [pc, #72]	; (80043dc <display_init+0x88>)
 8004394:	4293      	cmp	r3, r2
 8004396:	d9f6      	bls.n	8004386 <display_init+0x32>
    GPIO_WritePin(cfg->pinReset, false);
 8004398:	687b      	ldr	r3, [r7, #4]
 800439a:	681b      	ldr	r3, [r3, #0]
 800439c:	2100      	movs	r1, #0
 800439e:	4618      	mov	r0, r3
 80043a0:	f000 fd5d 	bl	8004e5e <GPIO_WritePin>
    for(uint32_t i = 0; i < 83000*10; i++)   { __NOP(); } 
 80043a4:	2300      	movs	r3, #0
 80043a6:	60bb      	str	r3, [r7, #8]
 80043a8:	e004      	b.n	80043b4 <display_init+0x60>
  __ASM volatile ("nop");
 80043aa:	bf00      	nop
}
 80043ac:	bf00      	nop
 80043ae:	68bb      	ldr	r3, [r7, #8]
 80043b0:	3301      	adds	r3, #1
 80043b2:	60bb      	str	r3, [r7, #8]
 80043b4:	68bb      	ldr	r3, [r7, #8]
 80043b6:	4a09      	ldr	r2, [pc, #36]	; (80043dc <display_init+0x88>)
 80043b8:	4293      	cmp	r3, r2
 80043ba:	d9f6      	bls.n	80043aa <display_init+0x56>
    GPIO_WritePin(cfg->pinReset, true);
 80043bc:	687b      	ldr	r3, [r7, #4]
 80043be:	681b      	ldr	r3, [r3, #0]
 80043c0:	2101      	movs	r1, #1
 80043c2:	4618      	mov	r0, r3
 80043c4:	f000 fd4b 	bl	8004e5e <GPIO_WritePin>

    ili9322_init(cfg->ili9322_cfg);
 80043c8:	687b      	ldr	r3, [r7, #4]
 80043ca:	685b      	ldr	r3, [r3, #4]
 80043cc:	4618      	mov	r0, r3
 80043ce:	f7fd fa1b 	bl	8001808 <ili9322_init>
 80043d2:	e000      	b.n	80043d6 <display_init+0x82>
    if(!cfg || !cfg->pinReset) return;
 80043d4:	bf00      	nop
}
 80043d6:	3710      	adds	r7, #16
 80043d8:	46bd      	mov	sp, r7
 80043da:	bd80      	pop	{r7, pc}
 80043dc:	000caa2f 	.word	0x000caa2f

080043e0 <eeprom_init>:
#define EEPROM_CRITICAL_ENTER() __set_FAULTMASK(1);
#define EEPROM_CRITICAL_EXIT() __set_FAULTMASK(0);
#endif

void eeprom_init(void)
{
 80043e0:	b580      	push	{r7, lr}
 80043e2:	af00      	add	r7, sp, #0
    RST_CLK_PCLKcmd(RST_CLK_PCLK_EEPROM, ENABLE);
 80043e4:	2101      	movs	r1, #1
 80043e6:	2008      	movs	r0, #8
 80043e8:	f7fc fd24 	bl	8000e34 <RST_CLK_PCLKcmd>
}
 80043ec:	bf00      	nop
 80043ee:	bd80      	pop	{r7, pc}

080043f0 <Eeprom_isClearPage>:
    EEPROM_CRITICAL_EXIT();
    return res;
}

int Eeprom_isClearPage(uint32_t adressPage, int len)
{
 80043f0:	e92d 43f0 	stmdb	sp!, {r4, r5, r6, r7, r8, r9, lr}
 80043f4:	b087      	sub	sp, #28
 80043f6:	af00      	add	r7, sp, #0
 80043f8:	6078      	str	r0, [r7, #4]
 80043fa:	6039      	str	r1, [r7, #0]
 80043fc:	466b      	mov	r3, sp
 80043fe:	461e      	mov	r6, r3
     int res = EEPROM_OK; 
 8004400:	2301      	movs	r3, #1
 8004402:	613b      	str	r3, [r7, #16]
     uint32_t mas[len];
 8004404:	6839      	ldr	r1, [r7, #0]
 8004406:	1e4b      	subs	r3, r1, #1
 8004408:	60fb      	str	r3, [r7, #12]
 800440a:	460a      	mov	r2, r1
 800440c:	2300      	movs	r3, #0
 800440e:	4690      	mov	r8, r2
 8004410:	4699      	mov	r9, r3
 8004412:	f04f 0200 	mov.w	r2, #0
 8004416:	f04f 0300 	mov.w	r3, #0
 800441a:	ea4f 1349 	mov.w	r3, r9, lsl #5
 800441e:	ea43 63d8 	orr.w	r3, r3, r8, lsr #27
 8004422:	ea4f 1248 	mov.w	r2, r8, lsl #5
 8004426:	460a      	mov	r2, r1
 8004428:	2300      	movs	r3, #0
 800442a:	4614      	mov	r4, r2
 800442c:	461d      	mov	r5, r3
 800442e:	f04f 0200 	mov.w	r2, #0
 8004432:	f04f 0300 	mov.w	r3, #0
 8004436:	016b      	lsls	r3, r5, #5
 8004438:	ea43 63d4 	orr.w	r3, r3, r4, lsr #27
 800443c:	0162      	lsls	r2, r4, #5
 800443e:	460b      	mov	r3, r1
 8004440:	009b      	lsls	r3, r3, #2
 8004442:	3307      	adds	r3, #7
 8004444:	08db      	lsrs	r3, r3, #3
 8004446:	00db      	lsls	r3, r3, #3
 8004448:	ebad 0d03 	sub.w	sp, sp, r3
 800444c:	466b      	mov	r3, sp
 800444e:	3303      	adds	r3, #3
 8004450:	089b      	lsrs	r3, r3, #2
 8004452:	009b      	lsls	r3, r3, #2
 8004454:	60bb      	str	r3, [r7, #8]
     eeprom_read(adressPage, mas, len); 
 8004456:	683a      	ldr	r2, [r7, #0]
 8004458:	68b9      	ldr	r1, [r7, #8]
 800445a:	6878      	ldr	r0, [r7, #4]
 800445c:	f000 f88c 	bl	8004578 <eeprom_read>
     for(int i=0; i<len; i++)
 8004460:	2300      	movs	r3, #0
 8004462:	617b      	str	r3, [r7, #20]
 8004464:	e00c      	b.n	8004480 <Eeprom_isClearPage+0x90>
     {
         if(mas[i] != MASK_DATA)
 8004466:	68bb      	ldr	r3, [r7, #8]
 8004468:	697a      	ldr	r2, [r7, #20]
 800446a:	f853 3022 	ldr.w	r3, [r3, r2, lsl #2]
 800446e:	f1b3 3fff 	cmp.w	r3, #4294967295	; 0xffffffff
 8004472:	d002      	beq.n	800447a <Eeprom_isClearPage+0x8a>
         {
             res = EEPROM_ERROR;
 8004474:	2300      	movs	r3, #0
 8004476:	613b      	str	r3, [r7, #16]
             break;
 8004478:	e006      	b.n	8004488 <Eeprom_isClearPage+0x98>
     for(int i=0; i<len; i++)
 800447a:	697b      	ldr	r3, [r7, #20]
 800447c:	3301      	adds	r3, #1
 800447e:	617b      	str	r3, [r7, #20]
 8004480:	697a      	ldr	r2, [r7, #20]
 8004482:	683b      	ldr	r3, [r7, #0]
 8004484:	429a      	cmp	r2, r3
 8004486:	dbee      	blt.n	8004466 <Eeprom_isClearPage+0x76>
         }
     }
     return res;
 8004488:	693b      	ldr	r3, [r7, #16]
 800448a:	46b5      	mov	sp, r6
}
 800448c:	4618      	mov	r0, r3
 800448e:	371c      	adds	r7, #28
 8004490:	46bd      	mov	sp, r7
 8004492:	e8bd 83f0 	ldmia.w	sp!, {r4, r5, r6, r7, r8, r9, pc}

08004496 <Eeprom_isVerifyWrite>:
	EEPROM_CRITICAL_EXIT();
    return res; 
}

int Eeprom_isVerifyWrite(uint32_t adressPage, uint32_t *data, int len) 
{
 8004496:	b580      	push	{r7, lr}
 8004498:	f5ad 4d80 	sub.w	sp, sp, #16384	; 0x4000
 800449c:	b086      	sub	sp, #24
 800449e:	af00      	add	r7, sp, #0
 80044a0:	f107 0318 	add.w	r3, r7, #24
 80044a4:	f843 0c0c 	str.w	r0, [r3, #-12]
 80044a8:	f107 0318 	add.w	r3, r7, #24
 80044ac:	f843 1c10 	str.w	r1, [r3, #-16]
 80044b0:	f107 0318 	add.w	r3, r7, #24
 80044b4:	f843 2c14 	str.w	r2, [r3, #-20]
     int res = EEPROM_OK; 
 80044b8:	2301      	movs	r3, #1
 80044ba:	f507 4280 	add.w	r2, r7, #16384	; 0x4000
 80044be:	f102 0214 	add.w	r2, r2, #20
 80044c2:	6013      	str	r3, [r2, #0]
     uint32_t mas[EEPROM_PAGE_SIZE];
     eeprom_read(adressPage, mas, len); 
 80044c4:	f107 0318 	add.w	r3, r7, #24
 80044c8:	461a      	mov	r2, r3
 80044ca:	f107 0318 	add.w	r3, r7, #24
 80044ce:	3b08      	subs	r3, #8
 80044d0:	f107 0118 	add.w	r1, r7, #24
 80044d4:	4608      	mov	r0, r1
 80044d6:	f852 2c14 	ldr.w	r2, [r2, #-20]
 80044da:	4619      	mov	r1, r3
 80044dc:	f850 0c0c 	ldr.w	r0, [r0, #-12]
 80044e0:	f000 f84a 	bl	8004578 <eeprom_read>
     for(int i=0; i<len; i++)
 80044e4:	2300      	movs	r3, #0
 80044e6:	f507 4280 	add.w	r2, r7, #16384	; 0x4000
 80044ea:	f102 0210 	add.w	r2, r2, #16
 80044ee:	6013      	str	r3, [r2, #0]
 80044f0:	e02b      	b.n	800454a <Eeprom_isVerifyWrite+0xb4>
     {
         if(mas[i] != data[i])
 80044f2:	f107 0318 	add.w	r3, r7, #24
 80044f6:	461a      	mov	r2, r3
 80044f8:	f507 4380 	add.w	r3, r7, #16384	; 0x4000
 80044fc:	f103 0310 	add.w	r3, r3, #16
 8004500:	681b      	ldr	r3, [r3, #0]
 8004502:	009b      	lsls	r3, r3, #2
 8004504:	4413      	add	r3, r2
 8004506:	f853 2c08 	ldr.w	r2, [r3, #-8]
 800450a:	f507 4380 	add.w	r3, r7, #16384	; 0x4000
 800450e:	f103 0310 	add.w	r3, r3, #16
 8004512:	681b      	ldr	r3, [r3, #0]
 8004514:	009b      	lsls	r3, r3, #2
 8004516:	f107 0118 	add.w	r1, r7, #24
 800451a:	f851 1c10 	ldr.w	r1, [r1, #-16]
 800451e:	440b      	add	r3, r1
 8004520:	681b      	ldr	r3, [r3, #0]
 8004522:	429a      	cmp	r2, r3
 8004524:	d006      	beq.n	8004534 <Eeprom_isVerifyWrite+0x9e>
         {
             res = EEPROM_ERROR;
 8004526:	2300      	movs	r3, #0
 8004528:	f507 4280 	add.w	r2, r7, #16384	; 0x4000
 800452c:	f102 0214 	add.w	r2, r2, #20
 8004530:	6013      	str	r3, [r2, #0]
             break;
 8004532:	e015      	b.n	8004560 <Eeprom_isVerifyWrite+0xca>
     for(int i=0; i<len; i++)
 8004534:	f507 4380 	add.w	r3, r7, #16384	; 0x4000
 8004538:	f103 0310 	add.w	r3, r3, #16
 800453c:	681b      	ldr	r3, [r3, #0]
 800453e:	3301      	adds	r3, #1
 8004540:	f507 4280 	add.w	r2, r7, #16384	; 0x4000
 8004544:	f102 0210 	add.w	r2, r2, #16
 8004548:	6013      	str	r3, [r2, #0]
 800454a:	f107 0318 	add.w	r3, r7, #24
 800454e:	f507 4280 	add.w	r2, r7, #16384	; 0x4000
 8004552:	f102 0210 	add.w	r2, r2, #16
 8004556:	6812      	ldr	r2, [r2, #0]
 8004558:	f853 3c14 	ldr.w	r3, [r3, #-20]
 800455c:	429a      	cmp	r2, r3
 800455e:	dbc8      	blt.n	80044f2 <Eeprom_isVerifyWrite+0x5c>
         }
     }
     return res;
 8004560:	f507 4380 	add.w	r3, r7, #16384	; 0x4000
 8004564:	f103 0314 	add.w	r3, r3, #20
 8004568:	681b      	ldr	r3, [r3, #0]
}
 800456a:	4618      	mov	r0, r3
 800456c:	f507 4780 	add.w	r7, r7, #16384	; 0x4000
 8004570:	3718      	adds	r7, #24
 8004572:	46bd      	mov	sp, r7
 8004574:	bd80      	pop	{r7, pc}
	...

08004578 <eeprom_read>:

int eeprom_read(uint32_t adressPage, uint32_t *data, int len)
{
 8004578:	b590      	push	{r4, r7, lr}
 800457a:	b089      	sub	sp, #36	; 0x24
 800457c:	af00      	add	r7, sp, #0
 800457e:	60f8      	str	r0, [r7, #12]
 8004580:	60b9      	str	r1, [r7, #8]
 8004582:	607a      	str	r2, [r7, #4]
 8004584:	2301      	movs	r3, #1
 8004586:	61bb      	str	r3, [r7, #24]

    \param [in]    faultMask  Fault Mask value to set
 */
__attribute__( ( always_inline ) ) __STATIC_INLINE void __set_FAULTMASK(uint32_t faultMask)
{
  __ASM volatile ("MSR faultmask, %0" : : "r" (faultMask) : "memory");
 8004588:	69bb      	ldr	r3, [r7, #24]
 800458a:	f383 8813 	msr	FAULTMASK, r3
}
 800458e:	bf00      	nop
    EEPROM_CRITICAL_ENTER();
    for(int i=0; i<len; i++)
 8004590:	2300      	movs	r3, #0
 8004592:	61fb      	str	r3, [r7, #28]
 8004594:	e010      	b.n	80045b8 <eeprom_read+0x40>
    {
        data[i] = EEPROM_ReadWord(adressPage + (i*4), BANK_SELECTOR); 
 8004596:	69fb      	ldr	r3, [r7, #28]
 8004598:	009b      	lsls	r3, r3, #2
 800459a:	461a      	mov	r2, r3
 800459c:	68fb      	ldr	r3, [r7, #12]
 800459e:	18d0      	adds	r0, r2, r3
 80045a0:	69fb      	ldr	r3, [r7, #28]
 80045a2:	009b      	lsls	r3, r3, #2
 80045a4:	68ba      	ldr	r2, [r7, #8]
 80045a6:	18d4      	adds	r4, r2, r3
 80045a8:	2100      	movs	r1, #0
 80045aa:	4b0b      	ldr	r3, [pc, #44]	; (80045d8 <eeprom_read+0x60>)
 80045ac:	4798      	blx	r3
 80045ae:	4603      	mov	r3, r0
 80045b0:	6023      	str	r3, [r4, #0]
    for(int i=0; i<len; i++)
 80045b2:	69fb      	ldr	r3, [r7, #28]
 80045b4:	3301      	adds	r3, #1
 80045b6:	61fb      	str	r3, [r7, #28]
 80045b8:	69fa      	ldr	r2, [r7, #28]
 80045ba:	687b      	ldr	r3, [r7, #4]
 80045bc:	429a      	cmp	r2, r3
 80045be:	dbea      	blt.n	8004596 <eeprom_read+0x1e>
 80045c0:	2300      	movs	r3, #0
 80045c2:	617b      	str	r3, [r7, #20]
  __ASM volatile ("MSR faultmask, %0" : : "r" (faultMask) : "memory");
 80045c4:	697b      	ldr	r3, [r7, #20]
 80045c6:	f383 8813 	msr	FAULTMASK, r3
}
 80045ca:	bf00      	nop
    }
    EEPROM_CRITICAL_EXIT();
    return EEPROM_OK; 
 80045cc:	2301      	movs	r3, #1
}
 80045ce:	4618      	mov	r0, r3
 80045d0:	3724      	adds	r7, #36	; 0x24
 80045d2:	46bd      	mov	sp, r7
 80045d4:	bd90      	pop	{r4, r7, pc}
 80045d6:	bf00      	nop
 80045d8:	20000139 	.word	0x20000139

080045dc <eeprom_read_id>:
    EEPROM_CRITICAL_EXIT();
    return EEPROM_ERROR;
}

int eeprom_read_id(uint32_t *data, int len)
{
 80045dc:	b590      	push	{r4, r7, lr}
 80045de:	b087      	sub	sp, #28
 80045e0:	af00      	add	r7, sp, #0
 80045e2:	6078      	str	r0, [r7, #4]
 80045e4:	6039      	str	r1, [r7, #0]
 80045e6:	2301      	movs	r3, #1
 80045e8:	613b      	str	r3, [r7, #16]
  __ASM volatile ("MSR faultmask, %0" : : "r" (faultMask) : "memory");
 80045ea:	693b      	ldr	r3, [r7, #16]
 80045ec:	f383 8813 	msr	FAULTMASK, r3
}
 80045f0:	bf00      	nop
    EEPROM_CRITICAL_ENTER();
    for(int i=0; i<len; i++)
 80045f2:	2300      	movs	r3, #0
 80045f4:	617b      	str	r3, [r7, #20]
 80045f6:	e012      	b.n	800461e <eeprom_read_id+0x42>
    {
        data[i] = EEPROM_ReadWord(0x08000FF0+(i*4), BANK_SELECTOR); 
 80045f8:	697b      	ldr	r3, [r7, #20]
 80045fa:	f103 7300 	add.w	r3, r3, #33554432	; 0x2000000
 80045fe:	f503 737f 	add.w	r3, r3, #1020	; 0x3fc
 8004602:	009b      	lsls	r3, r3, #2
 8004604:	4618      	mov	r0, r3
 8004606:	697b      	ldr	r3, [r7, #20]
 8004608:	009b      	lsls	r3, r3, #2
 800460a:	687a      	ldr	r2, [r7, #4]
 800460c:	18d4      	adds	r4, r2, r3
 800460e:	2100      	movs	r1, #0
 8004610:	4b0a      	ldr	r3, [pc, #40]	; (800463c <eeprom_read_id+0x60>)
 8004612:	4798      	blx	r3
 8004614:	4603      	mov	r3, r0
 8004616:	6023      	str	r3, [r4, #0]
    for(int i=0; i<len; i++)
 8004618:	697b      	ldr	r3, [r7, #20]
 800461a:	3301      	adds	r3, #1
 800461c:	617b      	str	r3, [r7, #20]
 800461e:	697a      	ldr	r2, [r7, #20]
 8004620:	683b      	ldr	r3, [r7, #0]
 8004622:	429a      	cmp	r2, r3
 8004624:	dbe8      	blt.n	80045f8 <eeprom_read_id+0x1c>
 8004626:	2300      	movs	r3, #0
 8004628:	60fb      	str	r3, [r7, #12]
  __ASM volatile ("MSR faultmask, %0" : : "r" (faultMask) : "memory");
 800462a:	68fb      	ldr	r3, [r7, #12]
 800462c:	f383 8813 	msr	FAULTMASK, r3
}
 8004630:	bf00      	nop
    }
    EEPROM_CRITICAL_EXIT();
    return EEPROM_OK; 
 8004632:	2301      	movs	r3, #1
}
 8004634:	4618      	mov	r0, r3
 8004636:	371c      	adds	r7, #28
 8004638:	46bd      	mov	sp, r7
 800463a:	bd90      	pop	{r4, r7, pc}
 800463c:	20000139 	.word	0x20000139

08004640 <eeprom_read_crc>:


int eeprom_read_crc(uint32_t *data)
{
 8004640:	b580      	push	{r7, lr}
 8004642:	b084      	sub	sp, #16
 8004644:	af00      	add	r7, sp, #0
 8004646:	6078      	str	r0, [r7, #4]
 8004648:	2301      	movs	r3, #1
 800464a:	60bb      	str	r3, [r7, #8]
  __ASM volatile ("MSR faultmask, %0" : : "r" (faultMask) : "memory");
 800464c:	68bb      	ldr	r3, [r7, #8]
 800464e:	f383 8813 	msr	FAULTMASK, r3
}
 8004652:	bf00      	nop
    EEPROM_CRITICAL_ENTER();
    data[0] = EEPROM_ReadWord(EEPROM_ADR_CRC_HEX, BANK_SELECTOR); 
 8004654:	2100      	movs	r1, #0
 8004656:	4808      	ldr	r0, [pc, #32]	; (8004678 <eeprom_read_crc+0x38>)
 8004658:	4b08      	ldr	r3, [pc, #32]	; (800467c <eeprom_read_crc+0x3c>)
 800465a:	4798      	blx	r3
 800465c:	4602      	mov	r2, r0
 800465e:	687b      	ldr	r3, [r7, #4]
 8004660:	601a      	str	r2, [r3, #0]
 8004662:	2300      	movs	r3, #0
 8004664:	60fb      	str	r3, [r7, #12]
  __ASM volatile ("MSR faultmask, %0" : : "r" (faultMask) : "memory");
 8004666:	68fb      	ldr	r3, [r7, #12]
 8004668:	f383 8813 	msr	FAULTMASK, r3
}
 800466c:	bf00      	nop
    EEPROM_CRITICAL_EXIT();
    return EEPROM_OK; 
 800466e:	2301      	movs	r3, #1
}
 8004670:	4618      	mov	r0, r3
 8004672:	3710      	adds	r7, #16
 8004674:	46bd      	mov	sp, r7
 8004676:	bd80      	pop	{r7, pc}
 8004678:	0801cffc 	.word	0x0801cffc
 800467c:	20000139 	.word	0x20000139

08004680 <encoder_init>:
static EncoderStruct_t encoder_struct[ENCODER_COUNT] = {0};

static inline uint16_t _update_value(uint8_t old_value_pins, uint8_t new_value_pins, uint16_t value_encoder, uint8_t *phase);
static inline uint8_t encoder_debounce(EncoderStruct_t *enc, uint8_t raw) ;

EncoderStatus_t encoder_init(){
 8004680:	b480      	push	{r7}
 8004682:	b083      	sub	sp, #12
 8004684:	af00      	add	r7, sp, #0

    // сброс всех энкодеров
    for(int i=0; i<ENCODER_COUNT; i++){
 8004686:	2300      	movs	r3, #0
 8004688:	607b      	str	r3, [r7, #4]
 800468a:	e075      	b.n	8004778 <encoder_init+0xf8>
        encoder_struct[i].channel = (EncoderChannel_t)i;
 800468c:	687b      	ldr	r3, [r7, #4]
 800468e:	b2d8      	uxtb	r0, r3
 8004690:	493e      	ldr	r1, [pc, #248]	; (800478c <encoder_init+0x10c>)
 8004692:	687a      	ldr	r2, [r7, #4]
 8004694:	4613      	mov	r3, r2
 8004696:	00db      	lsls	r3, r3, #3
 8004698:	4413      	add	r3, r2
 800469a:	009b      	lsls	r3, r3, #2
 800469c:	440b      	add	r3, r1
 800469e:	4602      	mov	r2, r0
 80046a0:	701a      	strb	r2, [r3, #0]
        encoder_struct[i].name = (i<<ENCODER_OFFSET_NAME);
 80046a2:	687b      	ldr	r3, [r7, #4]
 80046a4:	b2db      	uxtb	r3, r3
 80046a6:	00db      	lsls	r3, r3, #3
 80046a8:	b2d8      	uxtb	r0, r3
 80046aa:	4938      	ldr	r1, [pc, #224]	; (800478c <encoder_init+0x10c>)
 80046ac:	687a      	ldr	r2, [r7, #4]
 80046ae:	4613      	mov	r3, r2
 80046b0:	00db      	lsls	r3, r3, #3
 80046b2:	4413      	add	r3, r2
 80046b4:	009b      	lsls	r3, r3, #2
 80046b6:	440b      	add	r3, r1
 80046b8:	3301      	adds	r3, #1
 80046ba:	4602      	mov	r2, r0
 80046bc:	701a      	strb	r2, [r3, #0]
        encoder_struct[i].status = ENCODER_STATUS_DISABLE; 
 80046be:	4933      	ldr	r1, [pc, #204]	; (800478c <encoder_init+0x10c>)
 80046c0:	687a      	ldr	r2, [r7, #4]
 80046c2:	4613      	mov	r3, r2
 80046c4:	00db      	lsls	r3, r3, #3
 80046c6:	4413      	add	r3, r2
 80046c8:	009b      	lsls	r3, r3, #2
 80046ca:	440b      	add	r3, r1
 80046cc:	3302      	adds	r3, #2
 80046ce:	2202      	movs	r2, #2
 80046d0:	701a      	strb	r2, [r3, #0]
        encoder_struct[i].event = ENCODER_NO_CHANGE;
 80046d2:	492e      	ldr	r1, [pc, #184]	; (800478c <encoder_init+0x10c>)
 80046d4:	687a      	ldr	r2, [r7, #4]
 80046d6:	4613      	mov	r3, r2
 80046d8:	00db      	lsls	r3, r3, #3
 80046da:	4413      	add	r3, r2
 80046dc:	009b      	lsls	r3, r3, #2
 80046de:	440b      	add	r3, r1
 80046e0:	3303      	adds	r3, #3
 80046e2:	2200      	movs	r2, #0
 80046e4:	701a      	strb	r2, [r3, #0]
        encoder_struct[i].value = 0; 
 80046e6:	4929      	ldr	r1, [pc, #164]	; (800478c <encoder_init+0x10c>)
 80046e8:	687a      	ldr	r2, [r7, #4]
 80046ea:	4613      	mov	r3, r2
 80046ec:	00db      	lsls	r3, r3, #3
 80046ee:	4413      	add	r3, r2
 80046f0:	009b      	lsls	r3, r3, #2
 80046f2:	440b      	add	r3, r1
 80046f4:	3304      	adds	r3, #4
 80046f6:	2200      	movs	r2, #0
 80046f8:	801a      	strh	r2, [r3, #0]
        encoder_struct[i].is_inverted = false;
 80046fa:	4924      	ldr	r1, [pc, #144]	; (800478c <encoder_init+0x10c>)
 80046fc:	687a      	ldr	r2, [r7, #4]
 80046fe:	4613      	mov	r3, r2
 8004700:	00db      	lsls	r3, r3, #3
 8004702:	4413      	add	r3, r2
 8004704:	009b      	lsls	r3, r3, #2
 8004706:	440b      	add	r3, r1
 8004708:	3306      	adds	r3, #6
 800470a:	2200      	movs	r2, #0
 800470c:	701a      	strb	r2, [r3, #0]
        encoder_struct[i].raw_state = 0; 
 800470e:	491f      	ldr	r1, [pc, #124]	; (800478c <encoder_init+0x10c>)
 8004710:	687a      	ldr	r2, [r7, #4]
 8004712:	4613      	mov	r3, r2
 8004714:	00db      	lsls	r3, r3, #3
 8004716:	4413      	add	r3, r2
 8004718:	009b      	lsls	r3, r3, #2
 800471a:	440b      	add	r3, r1
 800471c:	3309      	adds	r3, #9
 800471e:	2200      	movs	r2, #0
 8004720:	701a      	strb	r2, [r3, #0]
        encoder_struct[i].old_state_pin = 0;
 8004722:	491a      	ldr	r1, [pc, #104]	; (800478c <encoder_init+0x10c>)
 8004724:	687a      	ldr	r2, [r7, #4]
 8004726:	4613      	mov	r3, r2
 8004728:	00db      	lsls	r3, r3, #3
 800472a:	4413      	add	r3, r2
 800472c:	009b      	lsls	r3, r3, #2
 800472e:	440b      	add	r3, r1
 8004730:	330a      	adds	r3, #10
 8004732:	2200      	movs	r2, #0
 8004734:	701a      	strb	r2, [r3, #0]
        encoder_struct[i].pins[0].MDR_PORTx = NULL; 
 8004736:	4915      	ldr	r1, [pc, #84]	; (800478c <encoder_init+0x10c>)
 8004738:	687a      	ldr	r2, [r7, #4]
 800473a:	4613      	mov	r3, r2
 800473c:	00db      	lsls	r3, r3, #3
 800473e:	4413      	add	r3, r2
 8004740:	009b      	lsls	r3, r3, #2
 8004742:	440b      	add	r3, r1
 8004744:	330c      	adds	r3, #12
 8004746:	2200      	movs	r2, #0
 8004748:	601a      	str	r2, [r3, #0]
        encoder_struct[i].pins[1].MDR_PORTx = NULL;
 800474a:	4910      	ldr	r1, [pc, #64]	; (800478c <encoder_init+0x10c>)
 800474c:	687a      	ldr	r2, [r7, #4]
 800474e:	4613      	mov	r3, r2
 8004750:	00db      	lsls	r3, r3, #3
 8004752:	4413      	add	r3, r2
 8004754:	009b      	lsls	r3, r3, #2
 8004756:	440b      	add	r3, r1
 8004758:	3318      	adds	r3, #24
 800475a:	2200      	movs	r2, #0
 800475c:	601a      	str	r2, [r3, #0]
        encoder_struct[i].phase_accum = 0;
 800475e:	490b      	ldr	r1, [pc, #44]	; (800478c <encoder_init+0x10c>)
 8004760:	687a      	ldr	r2, [r7, #4]
 8004762:	4613      	mov	r3, r2
 8004764:	00db      	lsls	r3, r3, #3
 8004766:	4413      	add	r3, r2
 8004768:	009b      	lsls	r3, r3, #2
 800476a:	440b      	add	r3, r1
 800476c:	3307      	adds	r3, #7
 800476e:	2200      	movs	r2, #0
 8004770:	701a      	strb	r2, [r3, #0]
    for(int i=0; i<ENCODER_COUNT; i++){
 8004772:	687b      	ldr	r3, [r7, #4]
 8004774:	3301      	adds	r3, #1
 8004776:	607b      	str	r3, [r7, #4]
 8004778:	687b      	ldr	r3, [r7, #4]
 800477a:	2b01      	cmp	r3, #1
 800477c:	dd86      	ble.n	800468c <encoder_init+0xc>
    }

    return ENCODER_STATUS_OK;
 800477e:	2300      	movs	r3, #0
}
 8004780:	4618      	mov	r0, r3
 8004782:	370c      	adds	r7, #12
 8004784:	46bd      	mov	sp, r7
 8004786:	bc80      	pop	{r7}
 8004788:	4770      	bx	lr
 800478a:	bf00      	nop
 800478c:	200010dc 	.word	0x200010dc

08004790 <encoder_add>:


EncoderStatus_t encoder_add(const EncoderChannel_t channel, const uint8_t name,  const gpio_pin_t* pins){
 8004790:	b580      	push	{r7, lr}
 8004792:	b082      	sub	sp, #8
 8004794:	af00      	add	r7, sp, #0
 8004796:	4603      	mov	r3, r0
 8004798:	603a      	str	r2, [r7, #0]
 800479a:	71fb      	strb	r3, [r7, #7]
 800479c:	460b      	mov	r3, r1
 800479e:	71bb      	strb	r3, [r7, #6]
    if(pins == NULL) return ENCODER_STATUS_ERROR;
 80047a0:	683b      	ldr	r3, [r7, #0]
 80047a2:	2b00      	cmp	r3, #0
 80047a4:	d101      	bne.n	80047aa <encoder_add+0x1a>
 80047a6:	2301      	movs	r3, #1
 80047a8:	e03f      	b.n	800482a <encoder_add+0x9a>
    if(channel >= ENCODER_COUNT) return ENCODER_STATUS_ERROR;
 80047aa:	79fb      	ldrb	r3, [r7, #7]
 80047ac:	2b01      	cmp	r3, #1
 80047ae:	d901      	bls.n	80047b4 <encoder_add+0x24>
 80047b0:	2301      	movs	r3, #1
 80047b2:	e03a      	b.n	800482a <encoder_add+0x9a>

    encoder_struct[channel].name = (name&0x1F)<<ENCODER_OFFSET_NAME;
 80047b4:	79bb      	ldrb	r3, [r7, #6]
 80047b6:	00db      	lsls	r3, r3, #3
 80047b8:	79fa      	ldrb	r2, [r7, #7]
 80047ba:	b2d8      	uxtb	r0, r3
 80047bc:	491d      	ldr	r1, [pc, #116]	; (8004834 <encoder_add+0xa4>)
 80047be:	4613      	mov	r3, r2
 80047c0:	00db      	lsls	r3, r3, #3
 80047c2:	4413      	add	r3, r2
 80047c4:	009b      	lsls	r3, r3, #2
 80047c6:	440b      	add	r3, r1
 80047c8:	3301      	adds	r3, #1
 80047ca:	4602      	mov	r2, r0
 80047cc:	701a      	strb	r2, [r3, #0]
    encoder_struct[channel].pins[0] = pins[0];
 80047ce:	79fa      	ldrb	r2, [r7, #7]
 80047d0:	4918      	ldr	r1, [pc, #96]	; (8004834 <encoder_add+0xa4>)
 80047d2:	4613      	mov	r3, r2
 80047d4:	00db      	lsls	r3, r3, #3
 80047d6:	4413      	add	r3, r2
 80047d8:	009b      	lsls	r3, r3, #2
 80047da:	440b      	add	r3, r1
 80047dc:	3308      	adds	r3, #8
 80047de:	683a      	ldr	r2, [r7, #0]
 80047e0:	3304      	adds	r3, #4
 80047e2:	ca07      	ldmia	r2, {r0, r1, r2}
 80047e4:	e883 0007 	stmia.w	r3, {r0, r1, r2}
    encoder_struct[channel].pins[1] = pins[1];
 80047e8:	79fa      	ldrb	r2, [r7, #7]
 80047ea:	4912      	ldr	r1, [pc, #72]	; (8004834 <encoder_add+0xa4>)
 80047ec:	4613      	mov	r3, r2
 80047ee:	00db      	lsls	r3, r3, #3
 80047f0:	4413      	add	r3, r2
 80047f2:	009b      	lsls	r3, r3, #2
 80047f4:	440b      	add	r3, r1
 80047f6:	3314      	adds	r3, #20
 80047f8:	683a      	ldr	r2, [r7, #0]
 80047fa:	3304      	adds	r3, #4
 80047fc:	320c      	adds	r2, #12
 80047fe:	ca07      	ldmia	r2, {r0, r1, r2}
 8004800:	e883 0007 	stmia.w	r3, {r0, r1, r2}
    GPIO_InitInput(&pins[0]);
 8004804:	6838      	ldr	r0, [r7, #0]
 8004806:	f000 faee 	bl	8004de6 <GPIO_InitInput>
    GPIO_InitInput(&pins[1]);
 800480a:	683b      	ldr	r3, [r7, #0]
 800480c:	330c      	adds	r3, #12
 800480e:	4618      	mov	r0, r3
 8004810:	f000 fae9 	bl	8004de6 <GPIO_InitInput>
    // включаем энкодер
    encoder_struct[channel].status = ENCODER_STATUS_OK;
 8004814:	79fa      	ldrb	r2, [r7, #7]
 8004816:	4907      	ldr	r1, [pc, #28]	; (8004834 <encoder_add+0xa4>)
 8004818:	4613      	mov	r3, r2
 800481a:	00db      	lsls	r3, r3, #3
 800481c:	4413      	add	r3, r2
 800481e:	009b      	lsls	r3, r3, #2
 8004820:	440b      	add	r3, r1
 8004822:	3302      	adds	r3, #2
 8004824:	2200      	movs	r2, #0
 8004826:	701a      	strb	r2, [r3, #0]
    return ENCODER_STATUS_OK;
 8004828:	2300      	movs	r3, #0
}
 800482a:	4618      	mov	r0, r3
 800482c:	3708      	adds	r7, #8
 800482e:	46bd      	mov	sp, r7
 8004830:	bd80      	pop	{r7, pc}
 8004832:	bf00      	nop
 8004834:	200010dc 	.word	0x200010dc

08004838 <encoder_get_event>:

    return ENCODER_STATUS_OK;
}


EncoderEvent_t encoder_get_event(EncoderChannel_t number){
 8004838:	b480      	push	{r7}
 800483a:	b085      	sub	sp, #20
 800483c:	af00      	add	r7, sp, #0
 800483e:	4603      	mov	r3, r0
 8004840:	71fb      	strb	r3, [r7, #7]
    // пробегаем по всем 
    if (number == ENCODER_COUNT){
 8004842:	79fb      	ldrb	r3, [r7, #7]
 8004844:	2b02      	cmp	r3, #2
 8004846:	d119      	bne.n	800487c <encoder_get_event+0x44>
        EncoderEvent_t event = ENCODER_NO_CHANGE;
 8004848:	2300      	movs	r3, #0
 800484a:	73fb      	strb	r3, [r7, #15]
        for(int i=0; i<ENCODER_COUNT; i++){
 800484c:	2300      	movs	r3, #0
 800484e:	60bb      	str	r3, [r7, #8]
 8004850:	e00f      	b.n	8004872 <encoder_get_event+0x3a>
            if (encoder_struct[i].event != ENCODER_NO_CHANGE){
 8004852:	4914      	ldr	r1, [pc, #80]	; (80048a4 <encoder_get_event+0x6c>)
 8004854:	68ba      	ldr	r2, [r7, #8]
 8004856:	4613      	mov	r3, r2
 8004858:	00db      	lsls	r3, r3, #3
 800485a:	4413      	add	r3, r2
 800485c:	009b      	lsls	r3, r3, #2
 800485e:	440b      	add	r3, r1
 8004860:	3303      	adds	r3, #3
 8004862:	781b      	ldrb	r3, [r3, #0]
 8004864:	2b00      	cmp	r3, #0
 8004866:	d001      	beq.n	800486c <encoder_get_event+0x34>
                event = ENCODER_CHANGE;
 8004868:	2301      	movs	r3, #1
 800486a:	73fb      	strb	r3, [r7, #15]
        for(int i=0; i<ENCODER_COUNT; i++){
 800486c:	68bb      	ldr	r3, [r7, #8]
 800486e:	3301      	adds	r3, #1
 8004870:	60bb      	str	r3, [r7, #8]
 8004872:	68bb      	ldr	r3, [r7, #8]
 8004874:	2b01      	cmp	r3, #1
 8004876:	ddec      	ble.n	8004852 <encoder_get_event+0x1a>
                //события сбрасываются после отправки 
            }
        }
        return event;
 8004878:	7bfb      	ldrb	r3, [r7, #15]
 800487a:	e00d      	b.n	8004898 <encoder_get_event+0x60>
    } else { // опрос конкретного
        if (encoder_struct[number].event != ENCODER_NO_CHANGE){
 800487c:	79fa      	ldrb	r2, [r7, #7]
 800487e:	4909      	ldr	r1, [pc, #36]	; (80048a4 <encoder_get_event+0x6c>)
 8004880:	4613      	mov	r3, r2
 8004882:	00db      	lsls	r3, r3, #3
 8004884:	4413      	add	r3, r2
 8004886:	009b      	lsls	r3, r3, #2
 8004888:	440b      	add	r3, r1
 800488a:	3303      	adds	r3, #3
 800488c:	781b      	ldrb	r3, [r3, #0]
 800488e:	2b00      	cmp	r3, #0
 8004890:	d001      	beq.n	8004896 <encoder_get_event+0x5e>
            //encoder_struct[number].event = ENCODER_NO_CHANGE;
            return ENCODER_CHANGE;
 8004892:	2301      	movs	r3, #1
 8004894:	e000      	b.n	8004898 <encoder_get_event+0x60>
        }
    }
    return ENCODER_NO_CHANGE;
 8004896:	2300      	movs	r3, #0
}
 8004898:	4618      	mov	r0, r3
 800489a:	3714      	adds	r7, #20
 800489c:	46bd      	mov	sp, r7
 800489e:	bc80      	pop	{r7}
 80048a0:	4770      	bx	lr
 80048a2:	bf00      	nop
 80048a4:	200010dc 	.word	0x200010dc

080048a8 <encoder_process>:


void encoder_process(){
 80048a8:	b590      	push	{r4, r7, lr}
 80048aa:	b085      	sub	sp, #20
 80048ac:	af00      	add	r7, sp, #0
    for(int i=0; i<ENCODER_COUNT; i++){
 80048ae:	2300      	movs	r3, #0
 80048b0:	60fb      	str	r3, [r7, #12]
 80048b2:	e0c1      	b.n	8004a38 <encoder_process+0x190>
        // энкодер включен 
        if(encoder_struct[i].status == ENCODER_STATUS_OK){
 80048b4:	4965      	ldr	r1, [pc, #404]	; (8004a4c <encoder_process+0x1a4>)
 80048b6:	68fa      	ldr	r2, [r7, #12]
 80048b8:	4613      	mov	r3, r2
 80048ba:	00db      	lsls	r3, r3, #3
 80048bc:	4413      	add	r3, r2
 80048be:	009b      	lsls	r3, r3, #2
 80048c0:	440b      	add	r3, r1
 80048c2:	3302      	adds	r3, #2
 80048c4:	781b      	ldrb	r3, [r3, #0]
 80048c6:	2b00      	cmp	r3, #0
 80048c8:	f040 80b3 	bne.w	8004a32 <encoder_process+0x18a>
            // пины инициализированы 
            if(encoder_struct[i].pins[0].MDR_PORTx == NULL || encoder_struct[i].pins[1].MDR_PORTx == NULL){ continue; }
 80048cc:	495f      	ldr	r1, [pc, #380]	; (8004a4c <encoder_process+0x1a4>)
 80048ce:	68fa      	ldr	r2, [r7, #12]
 80048d0:	4613      	mov	r3, r2
 80048d2:	00db      	lsls	r3, r3, #3
 80048d4:	4413      	add	r3, r2
 80048d6:	009b      	lsls	r3, r3, #2
 80048d8:	440b      	add	r3, r1
 80048da:	330c      	adds	r3, #12
 80048dc:	681b      	ldr	r3, [r3, #0]
 80048de:	2b00      	cmp	r3, #0
 80048e0:	f000 80a2 	beq.w	8004a28 <encoder_process+0x180>
 80048e4:	4959      	ldr	r1, [pc, #356]	; (8004a4c <encoder_process+0x1a4>)
 80048e6:	68fa      	ldr	r2, [r7, #12]
 80048e8:	4613      	mov	r3, r2
 80048ea:	00db      	lsls	r3, r3, #3
 80048ec:	4413      	add	r3, r2
 80048ee:	009b      	lsls	r3, r3, #2
 80048f0:	440b      	add	r3, r1
 80048f2:	3318      	adds	r3, #24
 80048f4:	681b      	ldr	r3, [r3, #0]
 80048f6:	2b00      	cmp	r3, #0
 80048f8:	f000 8096 	beq.w	8004a28 <encoder_process+0x180>
                // читаем пины
                uint8_t pin_a = GPIO_ReadPin(&encoder_struct[i].pins[0]) ? 1U : 0U;
 80048fc:	68fa      	ldr	r2, [r7, #12]
 80048fe:	4613      	mov	r3, r2
 8004900:	00db      	lsls	r3, r3, #3
 8004902:	4413      	add	r3, r2
 8004904:	009b      	lsls	r3, r3, #2
 8004906:	3308      	adds	r3, #8
 8004908:	4a50      	ldr	r2, [pc, #320]	; (8004a4c <encoder_process+0x1a4>)
 800490a:	4413      	add	r3, r2
 800490c:	3304      	adds	r3, #4
 800490e:	4618      	mov	r0, r3
 8004910:	f000 fae6 	bl	8004ee0 <GPIO_ReadPin>
 8004914:	4603      	mov	r3, r0
 8004916:	2b00      	cmp	r3, #0
 8004918:	d001      	beq.n	800491e <encoder_process+0x76>
 800491a:	2301      	movs	r3, #1
 800491c:	e000      	b.n	8004920 <encoder_process+0x78>
 800491e:	2300      	movs	r3, #0
 8004920:	72fb      	strb	r3, [r7, #11]
                uint8_t pin_b = GPIO_ReadPin(&encoder_struct[i].pins[1]) ? 1U : 0U;
 8004922:	68fa      	ldr	r2, [r7, #12]
 8004924:	4613      	mov	r3, r2
 8004926:	00db      	lsls	r3, r3, #3
 8004928:	4413      	add	r3, r2
 800492a:	009b      	lsls	r3, r3, #2
 800492c:	3314      	adds	r3, #20
 800492e:	4a47      	ldr	r2, [pc, #284]	; (8004a4c <encoder_process+0x1a4>)
 8004930:	4413      	add	r3, r2
 8004932:	3304      	adds	r3, #4
 8004934:	4618      	mov	r0, r3
 8004936:	f000 fad3 	bl	8004ee0 <GPIO_ReadPin>
 800493a:	4603      	mov	r3, r0
 800493c:	2b00      	cmp	r3, #0
 800493e:	d001      	beq.n	8004944 <encoder_process+0x9c>
 8004940:	2301      	movs	r3, #1
 8004942:	e000      	b.n	8004946 <encoder_process+0x9e>
 8004944:	2300      	movs	r3, #0
 8004946:	72bb      	strb	r3, [r7, #10]
                uint8_t raw = pin_a | (pin_b << 1);
 8004948:	7abb      	ldrb	r3, [r7, #10]
 800494a:	005b      	lsls	r3, r3, #1
 800494c:	b25a      	sxtb	r2, r3
 800494e:	f997 300b 	ldrsb.w	r3, [r7, #11]
 8004952:	4313      	orrs	r3, r2
 8004954:	b25b      	sxtb	r3, r3
 8004956:	727b      	strb	r3, [r7, #9]

                // Фильтрация (или прямой проход)
                uint8_t stable = encoder_debounce(&encoder_struct[i], raw);
 8004958:	68fa      	ldr	r2, [r7, #12]
 800495a:	4613      	mov	r3, r2
 800495c:	00db      	lsls	r3, r3, #3
 800495e:	4413      	add	r3, r2
 8004960:	009b      	lsls	r3, r3, #2
 8004962:	4a3a      	ldr	r2, [pc, #232]	; (8004a4c <encoder_process+0x1a4>)
 8004964:	4413      	add	r3, r2
 8004966:	7a7a      	ldrb	r2, [r7, #9]
 8004968:	4611      	mov	r1, r2
 800496a:	4618      	mov	r0, r3
 800496c:	f000 f8c8 	bl	8004b00 <encoder_debounce>
 8004970:	4603      	mov	r3, r0
 8004972:	723b      	strb	r3, [r7, #8]
                if (stable == 0xFF) continue; // Состояние нестабильно -> игнорируем
 8004974:	7a3b      	ldrb	r3, [r7, #8]
 8004976:	2bff      	cmp	r3, #255	; 0xff
 8004978:	d058      	beq.n	8004a2c <encoder_process+0x184>

                //состояние не менялось выходим
                if (stable == encoder_struct[i].old_state_pin) continue;
 800497a:	4934      	ldr	r1, [pc, #208]	; (8004a4c <encoder_process+0x1a4>)
 800497c:	68fa      	ldr	r2, [r7, #12]
 800497e:	4613      	mov	r3, r2
 8004980:	00db      	lsls	r3, r3, #3
 8004982:	4413      	add	r3, r2
 8004984:	009b      	lsls	r3, r3, #2
 8004986:	440b      	add	r3, r1
 8004988:	330a      	adds	r3, #10
 800498a:	781b      	ldrb	r3, [r3, #0]
 800498c:	7a3a      	ldrb	r2, [r7, #8]
 800498e:	429a      	cmp	r2, r3
 8004990:	d04e      	beq.n	8004a30 <encoder_process+0x188>

                // пересчитываем значение 
                uint16_t value = _update_value(encoder_struct[i].old_state_pin, stable, encoder_struct[i].value,
 8004992:	492e      	ldr	r1, [pc, #184]	; (8004a4c <encoder_process+0x1a4>)
 8004994:	68fa      	ldr	r2, [r7, #12]
 8004996:	4613      	mov	r3, r2
 8004998:	00db      	lsls	r3, r3, #3
 800499a:	4413      	add	r3, r2
 800499c:	009b      	lsls	r3, r3, #2
 800499e:	440b      	add	r3, r1
 80049a0:	330a      	adds	r3, #10
 80049a2:	7818      	ldrb	r0, [r3, #0]
 80049a4:	4929      	ldr	r1, [pc, #164]	; (8004a4c <encoder_process+0x1a4>)
 80049a6:	68fa      	ldr	r2, [r7, #12]
 80049a8:	4613      	mov	r3, r2
 80049aa:	00db      	lsls	r3, r3, #3
 80049ac:	4413      	add	r3, r2
 80049ae:	009b      	lsls	r3, r3, #2
 80049b0:	440b      	add	r3, r1
 80049b2:	3304      	adds	r3, #4
 80049b4:	881c      	ldrh	r4, [r3, #0]
 80049b6:	68fa      	ldr	r2, [r7, #12]
 80049b8:	4613      	mov	r3, r2
 80049ba:	00db      	lsls	r3, r3, #3
 80049bc:	4413      	add	r3, r2
 80049be:	009b      	lsls	r3, r3, #2
 80049c0:	4a22      	ldr	r2, [pc, #136]	; (8004a4c <encoder_process+0x1a4>)
 80049c2:	4413      	add	r3, r2
 80049c4:	3307      	adds	r3, #7
 80049c6:	7a39      	ldrb	r1, [r7, #8]
 80049c8:	4622      	mov	r2, r4
 80049ca:	f000 f841 	bl	8004a50 <_update_value>
 80049ce:	4603      	mov	r3, r0
 80049d0:	80fb      	strh	r3, [r7, #6]
                    &encoder_struct[i].phase_accum );
                
                // проверяем на изменение
                if(value != encoder_struct[i].value){
 80049d2:	491e      	ldr	r1, [pc, #120]	; (8004a4c <encoder_process+0x1a4>)
 80049d4:	68fa      	ldr	r2, [r7, #12]
 80049d6:	4613      	mov	r3, r2
 80049d8:	00db      	lsls	r3, r3, #3
 80049da:	4413      	add	r3, r2
 80049dc:	009b      	lsls	r3, r3, #2
 80049de:	440b      	add	r3, r1
 80049e0:	3304      	adds	r3, #4
 80049e2:	881b      	ldrh	r3, [r3, #0]
 80049e4:	88fa      	ldrh	r2, [r7, #6]
 80049e6:	429a      	cmp	r2, r3
 80049e8:	d013      	beq.n	8004a12 <encoder_process+0x16a>
                    encoder_struct[i].event = ENCODER_CHANGE;
 80049ea:	4918      	ldr	r1, [pc, #96]	; (8004a4c <encoder_process+0x1a4>)
 80049ec:	68fa      	ldr	r2, [r7, #12]
 80049ee:	4613      	mov	r3, r2
 80049f0:	00db      	lsls	r3, r3, #3
 80049f2:	4413      	add	r3, r2
 80049f4:	009b      	lsls	r3, r3, #2
 80049f6:	440b      	add	r3, r1
 80049f8:	3303      	adds	r3, #3
 80049fa:	2201      	movs	r2, #1
 80049fc:	701a      	strb	r2, [r3, #0]
                    encoder_struct[i].value = value;
 80049fe:	4913      	ldr	r1, [pc, #76]	; (8004a4c <encoder_process+0x1a4>)
 8004a00:	68fa      	ldr	r2, [r7, #12]
 8004a02:	4613      	mov	r3, r2
 8004a04:	00db      	lsls	r3, r3, #3
 8004a06:	4413      	add	r3, r2
 8004a08:	009b      	lsls	r3, r3, #2
 8004a0a:	440b      	add	r3, r1
 8004a0c:	3304      	adds	r3, #4
 8004a0e:	88fa      	ldrh	r2, [r7, #6]
 8004a10:	801a      	strh	r2, [r3, #0]
                }
                // сохраняем состояние пинов на следуюзий цикл
                encoder_struct[i].old_state_pin = stable;
 8004a12:	490e      	ldr	r1, [pc, #56]	; (8004a4c <encoder_process+0x1a4>)
 8004a14:	68fa      	ldr	r2, [r7, #12]
 8004a16:	4613      	mov	r3, r2
 8004a18:	00db      	lsls	r3, r3, #3
 8004a1a:	4413      	add	r3, r2
 8004a1c:	009b      	lsls	r3, r3, #2
 8004a1e:	440b      	add	r3, r1
 8004a20:	330a      	adds	r3, #10
 8004a22:	7a3a      	ldrb	r2, [r7, #8]
 8004a24:	701a      	strb	r2, [r3, #0]
 8004a26:	e004      	b.n	8004a32 <encoder_process+0x18a>
            if(encoder_struct[i].pins[0].MDR_PORTx == NULL || encoder_struct[i].pins[1].MDR_PORTx == NULL){ continue; }
 8004a28:	bf00      	nop
 8004a2a:	e002      	b.n	8004a32 <encoder_process+0x18a>
                if (stable == 0xFF) continue; // Состояние нестабильно -> игнорируем
 8004a2c:	bf00      	nop
 8004a2e:	e000      	b.n	8004a32 <encoder_process+0x18a>
                if (stable == encoder_struct[i].old_state_pin) continue;
 8004a30:	bf00      	nop
    for(int i=0; i<ENCODER_COUNT; i++){
 8004a32:	68fb      	ldr	r3, [r7, #12]
 8004a34:	3301      	adds	r3, #1
 8004a36:	60fb      	str	r3, [r7, #12]
 8004a38:	68fb      	ldr	r3, [r7, #12]
 8004a3a:	2b01      	cmp	r3, #1
 8004a3c:	f77f af3a 	ble.w	80048b4 <encoder_process+0xc>
        }
    }
}
 8004a40:	bf00      	nop
 8004a42:	bf00      	nop
 8004a44:	3714      	adds	r7, #20
 8004a46:	46bd      	mov	sp, r7
 8004a48:	bd90      	pop	{r4, r7, pc}
 8004a4a:	bf00      	nop
 8004a4c:	200010dc 	.word	0x200010dc

08004a50 <_update_value>:
* old_value - старое состояние пинов энкодера
* new_value - новое состояние пинов энкодера
* value_encoder - текущее значение счетчика
* phase - фаза накопления
*/
static inline uint16_t _update_value(uint8_t old_state, uint8_t new_state, uint16_t current_value, uint8_t *phase) {
 8004a50:	b480      	push	{r7}
 8004a52:	b085      	sub	sp, #20
 8004a54:	af00      	add	r7, sp, #0
 8004a56:	603b      	str	r3, [r7, #0]
 8004a58:	4603      	mov	r3, r0
 8004a5a:	71fb      	strb	r3, [r7, #7]
 8004a5c:	460b      	mov	r3, r1
 8004a5e:	71bb      	strb	r3, [r7, #6]
 8004a60:	4613      	mov	r3, r2
 8004a62:	80bb      	strh	r3, [r7, #4]
        uint8_t transition = (old_state << 2) | new_state;
 8004a64:	79fb      	ldrb	r3, [r7, #7]
 8004a66:	009b      	lsls	r3, r3, #2
 8004a68:	b25a      	sxtb	r2, r3
 8004a6a:	f997 3006 	ldrsb.w	r3, [r7, #6]
 8004a6e:	4313      	orrs	r3, r2
 8004a70:	b25b      	sxtb	r3, r3
 8004a72:	73bb      	strb	r3, [r7, #14]
        int8_t delta = 0;
 8004a74:	2300      	movs	r3, #0
 8004a76:	73fb      	strb	r3, [r7, #15]

            switch (transition) {
 8004a78:	7bbb      	ldrb	r3, [r7, #14]
 8004a7a:	3b01      	subs	r3, #1
 8004a7c:	2b0d      	cmp	r3, #13
 8004a7e:	d825      	bhi.n	8004acc <_update_value+0x7c>
 8004a80:	a201      	add	r2, pc, #4	; (adr r2, 8004a88 <_update_value+0x38>)
 8004a82:	f852 f023 	ldr.w	pc, [r2, r3, lsl #2]
 8004a86:	bf00      	nop
 8004a88:	08004ac1 	.word	0x08004ac1
 8004a8c:	08004ac7 	.word	0x08004ac7
 8004a90:	08004acd 	.word	0x08004acd
 8004a94:	08004ac7 	.word	0x08004ac7
 8004a98:	08004acd 	.word	0x08004acd
 8004a9c:	08004acd 	.word	0x08004acd
 8004aa0:	08004ac1 	.word	0x08004ac1
 8004aa4:	08004ac1 	.word	0x08004ac1
 8004aa8:	08004acd 	.word	0x08004acd
 8004aac:	08004acd 	.word	0x08004acd
 8004ab0:	08004ac7 	.word	0x08004ac7
 8004ab4:	08004acd 	.word	0x08004acd
 8004ab8:	08004ac7 	.word	0x08004ac7
 8004abc:	08004ac1 	.word	0x08004ac1
            case 0b0001: case 0b0111: case 0b1110: case 0b1000: delta = +1; break;
 8004ac0:	2301      	movs	r3, #1
 8004ac2:	73fb      	strb	r3, [r7, #15]
 8004ac4:	e004      	b.n	8004ad0 <_update_value+0x80>
            case 0b0010: case 0b1011: case 0b1101: case 0b0100: delta = -1; break;
 8004ac6:	23ff      	movs	r3, #255	; 0xff
 8004ac8:	73fb      	strb	r3, [r7, #15]
 8004aca:	e001      	b.n	8004ad0 <_update_value+0x80>
            default: return current_value;
 8004acc:	88bb      	ldrh	r3, [r7, #4]
 8004ace:	e012      	b.n	8004af6 <_update_value+0xa6>
        }

        // Накопление: меняем значение только каждый второй валидный переход
        *phase ^= 1;
 8004ad0:	683b      	ldr	r3, [r7, #0]
 8004ad2:	781b      	ldrb	r3, [r3, #0]
 8004ad4:	f083 0301 	eor.w	r3, r3, #1
 8004ad8:	b2da      	uxtb	r2, r3
 8004ada:	683b      	ldr	r3, [r7, #0]
 8004adc:	701a      	strb	r2, [r3, #0]
        if (*phase) {
 8004ade:	683b      	ldr	r3, [r7, #0]
 8004ae0:	781b      	ldrb	r3, [r3, #0]
 8004ae2:	2b00      	cmp	r3, #0
 8004ae4:	d006      	beq.n	8004af4 <_update_value+0xa4>
            return current_value + delta;
 8004ae6:	f997 300f 	ldrsb.w	r3, [r7, #15]
 8004aea:	b29a      	uxth	r2, r3
 8004aec:	88bb      	ldrh	r3, [r7, #4]
 8004aee:	4413      	add	r3, r2
 8004af0:	b29b      	uxth	r3, r3
 8004af2:	e000      	b.n	8004af6 <_update_value+0xa6>
        }
        return current_value;
 8004af4:	88bb      	ldrh	r3, [r7, #4]
}
 8004af6:	4618      	mov	r0, r3
 8004af8:	3714      	adds	r7, #20
 8004afa:	46bd      	mov	sp, r7
 8004afc:	bc80      	pop	{r7}
 8004afe:	4770      	bx	lr

08004b00 <encoder_debounce>:

/**
 * @brief Программный фильтр состояния пинов
 * @return 0xFF если состояние нестабильно, иначе подтверждённое значение (0..3)
 */
static inline uint8_t encoder_debounce(EncoderStruct_t *enc, uint8_t raw) {
 8004b00:	b480      	push	{r7}
 8004b02:	b083      	sub	sp, #12
 8004b04:	af00      	add	r7, sp, #0
 8004b06:	6078      	str	r0, [r7, #4]
 8004b08:	460b      	mov	r3, r1
 8004b0a:	70fb      	strb	r3, [r7, #3]
        }
        return (enc->debounce_cnt >= ENCODER_DEBOUNCE_THRESHOLD) ? enc->raw_state : 0xFF;
    #else
        // Оптические энкодеры: фильтр отключён, сразу возвращаем сырое значение
        (void)enc;
        return raw;
 8004b0c:	78fb      	ldrb	r3, [r7, #3]
    #endif
}
 8004b0e:	4618      	mov	r0, r3
 8004b10:	370c      	adds	r7, #12
 8004b12:	46bd      	mov	sp, r7
 8004b14:	bc80      	pop	{r7}
 8004b16:	4770      	bx	lr

08004b18 <encoder_pack>:


uint8_t encoder_pack(uint8_t *buf, uint8_t buf_size, uint8_t *dlc_last_msg, bool all_encoders){
 8004b18:	b480      	push	{r7}
 8004b1a:	b08b      	sub	sp, #44	; 0x2c
 8004b1c:	af00      	add	r7, sp, #0
 8004b1e:	60f8      	str	r0, [r7, #12]
 8004b20:	607a      	str	r2, [r7, #4]
 8004b22:	461a      	mov	r2, r3
 8004b24:	460b      	mov	r3, r1
 8004b26:	72fb      	strb	r3, [r7, #11]
 8004b28:	4613      	mov	r3, r2
 8004b2a:	72bb      	strb	r3, [r7, #10]
    if (!buf) return 0;
 8004b2c:	68fb      	ldr	r3, [r7, #12]
 8004b2e:	2b00      	cmp	r3, #0
 8004b30:	d101      	bne.n	8004b36 <encoder_pack+0x1e>
 8004b32:	2300      	movs	r3, #0
 8004b34:	e0b4      	b.n	8004ca0 <encoder_pack+0x188>

    uint8_t msg_count = 0; // упаковано can сообщений 
 8004b36:	2300      	movs	r3, #0
 8004b38:	f887 3027 	strb.w	r3, [r7, #39]	; 0x27
    uint8_t enc_index = 0;  
 8004b3c:	2300      	movs	r3, #0
 8004b3e:	f887 3026 	strb.w	r3, [r7, #38]	; 0x26
    uint8_t *ptr = buf; 
 8004b42:	68fb      	ldr	r3, [r7, #12]
 8004b44:	61fb      	str	r3, [r7, #28]

    for(int i=0; i<ENCODER_COUNT; i++){
 8004b46:	2300      	movs	r3, #0
 8004b48:	623b      	str	r3, [r7, #32]
 8004b4a:	e07c      	b.n	8004c46 <encoder_pack+0x12e>
        // проверяем что энкодер подключен если нет переходим к следующему
        if (encoder_struct[i].status != ENCODER_STATUS_OK) continue;
 8004b4c:	4957      	ldr	r1, [pc, #348]	; (8004cac <encoder_pack+0x194>)
 8004b4e:	6a3a      	ldr	r2, [r7, #32]
 8004b50:	4613      	mov	r3, r2
 8004b52:	00db      	lsls	r3, r3, #3
 8004b54:	4413      	add	r3, r2
 8004b56:	009b      	lsls	r3, r3, #2
 8004b58:	440b      	add	r3, r1
 8004b5a:	3302      	adds	r3, #2
 8004b5c:	781b      	ldrb	r3, [r3, #0]
 8004b5e:	2b00      	cmp	r3, #0
 8004b60:	d16b      	bne.n	8004c3a <encoder_pack+0x122>
        if (!all_encoders && encoder_struct[i].event != ENCODER_CHANGE) continue;
 8004b62:	7abb      	ldrb	r3, [r7, #10]
 8004b64:	f083 0301 	eor.w	r3, r3, #1
 8004b68:	b2db      	uxtb	r3, r3
 8004b6a:	2b00      	cmp	r3, #0
 8004b6c:	d00a      	beq.n	8004b84 <encoder_pack+0x6c>
 8004b6e:	494f      	ldr	r1, [pc, #316]	; (8004cac <encoder_pack+0x194>)
 8004b70:	6a3a      	ldr	r2, [r7, #32]
 8004b72:	4613      	mov	r3, r2
 8004b74:	00db      	lsls	r3, r3, #3
 8004b76:	4413      	add	r3, r2
 8004b78:	009b      	lsls	r3, r3, #2
 8004b7a:	440b      	add	r3, r1
 8004b7c:	3303      	adds	r3, #3
 8004b7e:	781b      	ldrb	r3, [r3, #0]
 8004b80:	2b01      	cmp	r3, #1
 8004b82:	d15c      	bne.n	8004c3e <encoder_pack+0x126>

        // упаковываем состояние энкодера
        uint16_t value = encoder_struct[i].is_inverted ? 
 8004b84:	4949      	ldr	r1, [pc, #292]	; (8004cac <encoder_pack+0x194>)
 8004b86:	6a3a      	ldr	r2, [r7, #32]
 8004b88:	4613      	mov	r3, r2
 8004b8a:	00db      	lsls	r3, r3, #3
 8004b8c:	4413      	add	r3, r2
 8004b8e:	009b      	lsls	r3, r3, #2
 8004b90:	440b      	add	r3, r1
 8004b92:	3306      	adds	r3, #6
 8004b94:	781b      	ldrb	r3, [r3, #0]
 8004b96:	2b00      	cmp	r3, #0
 8004b98:	d00b      	beq.n	8004bb2 <encoder_pack+0x9a>
                ~encoder_struct[i].value : encoder_struct[i].value; 
 8004b9a:	4944      	ldr	r1, [pc, #272]	; (8004cac <encoder_pack+0x194>)
 8004b9c:	6a3a      	ldr	r2, [r7, #32]
 8004b9e:	4613      	mov	r3, r2
 8004ba0:	00db      	lsls	r3, r3, #3
 8004ba2:	4413      	add	r3, r2
 8004ba4:	009b      	lsls	r3, r3, #2
 8004ba6:	440b      	add	r3, r1
 8004ba8:	3304      	adds	r3, #4
 8004baa:	881b      	ldrh	r3, [r3, #0]
        uint16_t value = encoder_struct[i].is_inverted ? 
 8004bac:	43db      	mvns	r3, r3
 8004bae:	b29b      	uxth	r3, r3
 8004bb0:	e008      	b.n	8004bc4 <encoder_pack+0xac>
 8004bb2:	493e      	ldr	r1, [pc, #248]	; (8004cac <encoder_pack+0x194>)
 8004bb4:	6a3a      	ldr	r2, [r7, #32]
 8004bb6:	4613      	mov	r3, r2
 8004bb8:	00db      	lsls	r3, r3, #3
 8004bba:	4413      	add	r3, r2
 8004bbc:	009b      	lsls	r3, r3, #2
 8004bbe:	440b      	add	r3, r1
 8004bc0:	3304      	adds	r3, #4
 8004bc2:	881b      	ldrh	r3, [r3, #0]
 8004bc4:	833b      	strh	r3, [r7, #24]
        value &= ENCODER_MASK_DATA;
 8004bc6:	8b3b      	ldrh	r3, [r7, #24]
 8004bc8:	f3c3 030a 	ubfx	r3, r3, #0, #11
 8004bcc:	833b      	strh	r3, [r7, #24]
        // текущее сообщение не более 8 байт 
        // буфер на все энкодеры может быть более 8 байт 
        // по этому индекс складывается из  номера энкодера * 2 байта 
        // 4 энкодера в сообщении 
        // считаем от энкодера что бы не было дыр в буфере
        const uint8_t index = enc_index * 2;
 8004bce:	f897 3026 	ldrb.w	r3, [r7, #38]	; 0x26
 8004bd2:	005b      	lsls	r3, r3, #1
 8004bd4:	75fb      	strb	r3, [r7, #23]

        // Проверка выхода за границы буфера ПЕРЕД записью
        if ((index + 2) > buf_size) return msg_count;
 8004bd6:	7dfb      	ldrb	r3, [r7, #23]
 8004bd8:	1c5a      	adds	r2, r3, #1
 8004bda:	7afb      	ldrb	r3, [r7, #11]
 8004bdc:	429a      	cmp	r2, r3
 8004bde:	db02      	blt.n	8004be6 <encoder_pack+0xce>
 8004be0:	f897 3027 	ldrb.w	r3, [r7, #39]	; 0x27
 8004be4:	e05c      	b.n	8004ca0 <encoder_pack+0x188>

        ptr[index] = encoder_struct[i].name | ((uint8_t)(value >> 8));
 8004be6:	4931      	ldr	r1, [pc, #196]	; (8004cac <encoder_pack+0x194>)
 8004be8:	6a3a      	ldr	r2, [r7, #32]
 8004bea:	4613      	mov	r3, r2
 8004bec:	00db      	lsls	r3, r3, #3
 8004bee:	4413      	add	r3, r2
 8004bf0:	009b      	lsls	r3, r3, #2
 8004bf2:	440b      	add	r3, r1
 8004bf4:	3301      	adds	r3, #1
 8004bf6:	7819      	ldrb	r1, [r3, #0]
 8004bf8:	8b3b      	ldrh	r3, [r7, #24]
 8004bfa:	0a1b      	lsrs	r3, r3, #8
 8004bfc:	b29b      	uxth	r3, r3
 8004bfe:	b2da      	uxtb	r2, r3
 8004c00:	7dfb      	ldrb	r3, [r7, #23]
 8004c02:	69f8      	ldr	r0, [r7, #28]
 8004c04:	4403      	add	r3, r0
 8004c06:	430a      	orrs	r2, r1
 8004c08:	b2d2      	uxtb	r2, r2
 8004c0a:	701a      	strb	r2, [r3, #0]
        ptr[index + 1] = (uint8_t)value;
 8004c0c:	7dfb      	ldrb	r3, [r7, #23]
 8004c0e:	3301      	adds	r3, #1
 8004c10:	69fa      	ldr	r2, [r7, #28]
 8004c12:	4413      	add	r3, r2
 8004c14:	8b3a      	ldrh	r2, [r7, #24]
 8004c16:	b2d2      	uxtb	r2, r2
 8004c18:	701a      	strb	r2, [r3, #0]
        // считаем энкодер записанным
        encoder_struct[i].event = ENCODER_NO_CHANGE; 
 8004c1a:	4924      	ldr	r1, [pc, #144]	; (8004cac <encoder_pack+0x194>)
 8004c1c:	6a3a      	ldr	r2, [r7, #32]
 8004c1e:	4613      	mov	r3, r2
 8004c20:	00db      	lsls	r3, r3, #3
 8004c22:	4413      	add	r3, r2
 8004c24:	009b      	lsls	r3, r3, #2
 8004c26:	440b      	add	r3, r1
 8004c28:	3303      	adds	r3, #3
 8004c2a:	2200      	movs	r2, #0
 8004c2c:	701a      	strb	r2, [r3, #0]
        enc_index++;
 8004c2e:	f897 3026 	ldrb.w	r3, [r7, #38]	; 0x26
 8004c32:	3301      	adds	r3, #1
 8004c34:	f887 3026 	strb.w	r3, [r7, #38]	; 0x26
 8004c38:	e002      	b.n	8004c40 <encoder_pack+0x128>
        if (encoder_struct[i].status != ENCODER_STATUS_OK) continue;
 8004c3a:	bf00      	nop
 8004c3c:	e000      	b.n	8004c40 <encoder_pack+0x128>
        if (!all_encoders && encoder_struct[i].event != ENCODER_CHANGE) continue;
 8004c3e:	bf00      	nop
    for(int i=0; i<ENCODER_COUNT; i++){
 8004c40:	6a3b      	ldr	r3, [r7, #32]
 8004c42:	3301      	adds	r3, #1
 8004c44:	623b      	str	r3, [r7, #32]
 8004c46:	6a3b      	ldr	r3, [r7, #32]
 8004c48:	2b01      	cmp	r3, #1
 8004c4a:	f77f af7f 	ble.w	8004b4c <encoder_pack+0x34>
    }

    // проверяем набрали полное сообщение или это последний энкодер 
    // считаем сколько can сообщений нам понадобится
    // полных (4 энкодера в одном сообщении) то есть делим на 4, заменяем на сдвиг 
    msg_count = enc_index >> 2;
 8004c4e:	f897 3026 	ldrb.w	r3, [r7, #38]	; 0x26
 8004c52:	089b      	lsrs	r3, r3, #2
 8004c54:	f887 3027 	strb.w	r3, [r7, #39]	; 0x27
    const uint8_t enc_delta = enc_index & 0x03;
 8004c58:	f897 3026 	ldrb.w	r3, [r7, #38]	; 0x26
 8004c5c:	f003 0303 	and.w	r3, r3, #3
 8004c60:	76fb      	strb	r3, [r7, #27]

    if (enc_delta > 0) {
 8004c62:	7efb      	ldrb	r3, [r7, #27]
 8004c64:	2b00      	cmp	r3, #0
 8004c66:	d00d      	beq.n	8004c84 <encoder_pack+0x16c>
        msg_count++;
 8004c68:	f897 3027 	ldrb.w	r3, [r7, #39]	; 0x27
 8004c6c:	3301      	adds	r3, #1
 8004c6e:	f887 3027 	strb.w	r3, [r7, #39]	; 0x27
        // проверяем на null и записываем dlc
        if (dlc_last_msg) *dlc_last_msg = enc_delta << 1;
 8004c72:	687b      	ldr	r3, [r7, #4]
 8004c74:	2b00      	cmp	r3, #0
 8004c76:	d011      	beq.n	8004c9c <encoder_pack+0x184>
 8004c78:	7efb      	ldrb	r3, [r7, #27]
 8004c7a:	005b      	lsls	r3, r3, #1
 8004c7c:	b2da      	uxtb	r2, r3
 8004c7e:	687b      	ldr	r3, [r7, #4]
 8004c80:	701a      	strb	r2, [r3, #0]
 8004c82:	e00b      	b.n	8004c9c <encoder_pack+0x184>
    } else {
        if (dlc_last_msg) *dlc_last_msg = (msg_count > 0) ? 8 : 0;
 8004c84:	687b      	ldr	r3, [r7, #4]
 8004c86:	2b00      	cmp	r3, #0
 8004c88:	d008      	beq.n	8004c9c <encoder_pack+0x184>
 8004c8a:	f897 3027 	ldrb.w	r3, [r7, #39]	; 0x27
 8004c8e:	2b00      	cmp	r3, #0
 8004c90:	d001      	beq.n	8004c96 <encoder_pack+0x17e>
 8004c92:	2208      	movs	r2, #8
 8004c94:	e000      	b.n	8004c98 <encoder_pack+0x180>
 8004c96:	2200      	movs	r2, #0
 8004c98:	687b      	ldr	r3, [r7, #4]
 8004c9a:	701a      	strb	r2, [r3, #0]
    }
    
    return msg_count; 
 8004c9c:	f897 3027 	ldrb.w	r3, [r7, #39]	; 0x27
}
 8004ca0:	4618      	mov	r0, r3
 8004ca2:	372c      	adds	r7, #44	; 0x2c
 8004ca4:	46bd      	mov	sp, r7
 8004ca6:	bc80      	pop	{r7}
 8004ca8:	4770      	bx	lr
 8004caa:	bf00      	nop
 8004cac:	200010dc 	.word	0x200010dc

08004cb0 <GPIO_InitOutput>:




void GPIO_InitOutput(const gpio_pin_t* pin)
{
 8004cb0:	b480      	push	{r7}
 8004cb2:	b085      	sub	sp, #20
 8004cb4:	af00      	add	r7, sp, #0
 8004cb6:	6078      	str	r0, [r7, #4]
	if (pin->pin_number > 15) return;  
 8004cb8:	687b      	ldr	r3, [r7, #4]
 8004cba:	685b      	ldr	r3, [r3, #4]
 8004cbc:	2b0f      	cmp	r3, #15
 8004cbe:	d833      	bhi.n	8004d28 <GPIO_InitOutput+0x78>
	const uint32_t pinMask = (1 << pin->pin_number);
 8004cc0:	687b      	ldr	r3, [r7, #4]
 8004cc2:	685b      	ldr	r3, [r3, #4]
 8004cc4:	2201      	movs	r2, #1
 8004cc6:	fa02 f303 	lsl.w	r3, r2, r3
 8004cca:	60fb      	str	r3, [r7, #12]
    pin->MDR_PORTx->ANALOG |= pinMask;
 8004ccc:	687b      	ldr	r3, [r7, #4]
 8004cce:	681b      	ldr	r3, [r3, #0]
 8004cd0:	68d9      	ldr	r1, [r3, #12]
 8004cd2:	687b      	ldr	r3, [r7, #4]
 8004cd4:	681b      	ldr	r3, [r3, #0]
 8004cd6:	68fa      	ldr	r2, [r7, #12]
 8004cd8:	430a      	orrs	r2, r1
 8004cda:	60da      	str	r2, [r3, #12]
	pin->MDR_PORTx->OE 	  |= pinMask;
 8004cdc:	687b      	ldr	r3, [r7, #4]
 8004cde:	681b      	ldr	r3, [r3, #0]
 8004ce0:	6859      	ldr	r1, [r3, #4]
 8004ce2:	687b      	ldr	r3, [r7, #4]
 8004ce4:	681b      	ldr	r3, [r3, #0]
 8004ce6:	68fa      	ldr	r2, [r7, #12]
 8004ce8:	430a      	orrs	r2, r1
 8004cea:	605a      	str	r2, [r3, #4]
	const uint32_t pin_number_x2 = (pin->pin_number * 2);
 8004cec:	687b      	ldr	r3, [r7, #4]
 8004cee:	685b      	ldr	r3, [r3, #4]
 8004cf0:	005b      	lsls	r3, r3, #1
 8004cf2:	60bb      	str	r3, [r7, #8]
	pin->MDR_PORTx->PWR &= ~(3 << pin_number_x2);
 8004cf4:	687b      	ldr	r3, [r7, #4]
 8004cf6:	681b      	ldr	r3, [r3, #0]
 8004cf8:	699a      	ldr	r2, [r3, #24]
 8004cfa:	2103      	movs	r1, #3
 8004cfc:	68bb      	ldr	r3, [r7, #8]
 8004cfe:	fa01 f303 	lsl.w	r3, r1, r3
 8004d02:	43db      	mvns	r3, r3
 8004d04:	4619      	mov	r1, r3
 8004d06:	687b      	ldr	r3, [r7, #4]
 8004d08:	681b      	ldr	r3, [r3, #0]
 8004d0a:	400a      	ands	r2, r1
 8004d0c:	619a      	str	r2, [r3, #24]
	pin->MDR_PORTx->PWR |= (PORT_PWR_10NS << pin_number_x2);
 8004d0e:	687b      	ldr	r3, [r7, #4]
 8004d10:	681b      	ldr	r3, [r3, #0]
 8004d12:	699a      	ldr	r2, [r3, #24]
 8004d14:	2103      	movs	r1, #3
 8004d16:	68bb      	ldr	r3, [r7, #8]
 8004d18:	fa01 f303 	lsl.w	r3, r1, r3
 8004d1c:	4619      	mov	r1, r3
 8004d1e:	687b      	ldr	r3, [r7, #4]
 8004d20:	681b      	ldr	r3, [r3, #0]
 8004d22:	430a      	orrs	r2, r1
 8004d24:	619a      	str	r2, [r3, #24]
 8004d26:	e000      	b.n	8004d2a <GPIO_InitOutput+0x7a>
	if (pin->pin_number > 15) return;  
 8004d28:	bf00      	nop
}
 8004d2a:	3714      	adds	r7, #20
 8004d2c:	46bd      	mov	sp, r7
 8004d2e:	bc80      	pop	{r7}
 8004d30:	4770      	bx	lr

08004d32 <GPIO_InitOutputOvverideMode>:

void GPIO_InitOutputOvverideMode(const gpio_pin_t* pin)
{
 8004d32:	b480      	push	{r7}
 8004d34:	b085      	sub	sp, #20
 8004d36:	af00      	add	r7, sp, #0
 8004d38:	6078      	str	r0, [r7, #4]
	if (pin->pin_number > 15) return; 
 8004d3a:	687b      	ldr	r3, [r7, #4]
 8004d3c:	685b      	ldr	r3, [r3, #4]
 8004d3e:	2b0f      	cmp	r3, #15
 8004d40:	d84c      	bhi.n	8004ddc <GPIO_InitOutputOvverideMode+0xaa>
	const uint32_t pinMask = (1 << pin->pin_number);
 8004d42:	687b      	ldr	r3, [r7, #4]
 8004d44:	685b      	ldr	r3, [r3, #4]
 8004d46:	2201      	movs	r2, #1
 8004d48:	fa02 f303 	lsl.w	r3, r2, r3
 8004d4c:	60fb      	str	r3, [r7, #12]
	const uint32_t pin_number_x2 = (pin->pin_number * 2);
 8004d4e:	687b      	ldr	r3, [r7, #4]
 8004d50:	685b      	ldr	r3, [r3, #4]
 8004d52:	005b      	lsls	r3, r3, #1
 8004d54:	60bb      	str	r3, [r7, #8]
	pin->MDR_PORTx->ANALOG |= pinMask;
 8004d56:	687b      	ldr	r3, [r7, #4]
 8004d58:	681b      	ldr	r3, [r3, #0]
 8004d5a:	68d9      	ldr	r1, [r3, #12]
 8004d5c:	687b      	ldr	r3, [r7, #4]
 8004d5e:	681b      	ldr	r3, [r3, #0]
 8004d60:	68fa      	ldr	r2, [r7, #12]
 8004d62:	430a      	orrs	r2, r1
 8004d64:	60da      	str	r2, [r3, #12]
	pin->MDR_PORTx->OE 	  |=  pinMask;
 8004d66:	687b      	ldr	r3, [r7, #4]
 8004d68:	681b      	ldr	r3, [r3, #0]
 8004d6a:	6859      	ldr	r1, [r3, #4]
 8004d6c:	687b      	ldr	r3, [r7, #4]
 8004d6e:	681b      	ldr	r3, [r3, #0]
 8004d70:	68fa      	ldr	r2, [r7, #12]
 8004d72:	430a      	orrs	r2, r1
 8004d74:	605a      	str	r2, [r3, #4]
	pin->MDR_PORTx->PWR &= ~(3 << pin_number_x2);
 8004d76:	687b      	ldr	r3, [r7, #4]
 8004d78:	681b      	ldr	r3, [r3, #0]
 8004d7a:	699a      	ldr	r2, [r3, #24]
 8004d7c:	2103      	movs	r1, #3
 8004d7e:	68bb      	ldr	r3, [r7, #8]
 8004d80:	fa01 f303 	lsl.w	r3, r1, r3
 8004d84:	43db      	mvns	r3, r3
 8004d86:	4619      	mov	r1, r3
 8004d88:	687b      	ldr	r3, [r7, #4]
 8004d8a:	681b      	ldr	r3, [r3, #0]
 8004d8c:	400a      	ands	r2, r1
 8004d8e:	619a      	str	r2, [r3, #24]
	pin->MDR_PORTx->PWR  |= PORT_PWR_10NS << pin_number_x2;
 8004d90:	687b      	ldr	r3, [r7, #4]
 8004d92:	681b      	ldr	r3, [r3, #0]
 8004d94:	699a      	ldr	r2, [r3, #24]
 8004d96:	2103      	movs	r1, #3
 8004d98:	68bb      	ldr	r3, [r7, #8]
 8004d9a:	fa01 f303 	lsl.w	r3, r1, r3
 8004d9e:	4619      	mov	r1, r3
 8004da0:	687b      	ldr	r3, [r7, #4]
 8004da2:	681b      	ldr	r3, [r3, #0]
 8004da4:	430a      	orrs	r2, r1
 8004da6:	619a      	str	r2, [r3, #24]
	pin->MDR_PORTx->FUNC &= ~(3 << pin_number_x2);
 8004da8:	687b      	ldr	r3, [r7, #4]
 8004daa:	681b      	ldr	r3, [r3, #0]
 8004dac:	689a      	ldr	r2, [r3, #8]
 8004dae:	2103      	movs	r1, #3
 8004db0:	68bb      	ldr	r3, [r7, #8]
 8004db2:	fa01 f303 	lsl.w	r3, r1, r3
 8004db6:	43db      	mvns	r3, r3
 8004db8:	4619      	mov	r1, r3
 8004dba:	687b      	ldr	r3, [r7, #4]
 8004dbc:	681b      	ldr	r3, [r3, #0]
 8004dbe:	400a      	ands	r2, r1
 8004dc0:	609a      	str	r2, [r3, #8]
	pin->MDR_PORTx->FUNC |= PORT_FUNC_OVERRID << pin_number_x2;
 8004dc2:	687b      	ldr	r3, [r7, #4]
 8004dc4:	681b      	ldr	r3, [r3, #0]
 8004dc6:	689a      	ldr	r2, [r3, #8]
 8004dc8:	2103      	movs	r1, #3
 8004dca:	68bb      	ldr	r3, [r7, #8]
 8004dcc:	fa01 f303 	lsl.w	r3, r1, r3
 8004dd0:	4619      	mov	r1, r3
 8004dd2:	687b      	ldr	r3, [r7, #4]
 8004dd4:	681b      	ldr	r3, [r3, #0]
 8004dd6:	430a      	orrs	r2, r1
 8004dd8:	609a      	str	r2, [r3, #8]
 8004dda:	e000      	b.n	8004dde <GPIO_InitOutputOvverideMode+0xac>
	if (pin->pin_number > 15) return; 
 8004ddc:	bf00      	nop
}
 8004dde:	3714      	adds	r7, #20
 8004de0:	46bd      	mov	sp, r7
 8004de2:	bc80      	pop	{r7}
 8004de4:	4770      	bx	lr

08004de6 <GPIO_InitInput>:

void GPIO_InitInput(const gpio_pin_t * pin)
{
 8004de6:	b480      	push	{r7}
 8004de8:	b085      	sub	sp, #20
 8004dea:	af00      	add	r7, sp, #0
 8004dec:	6078      	str	r0, [r7, #4]
	if (pin->pin_number > 15) return; 
 8004dee:	687b      	ldr	r3, [r7, #4]
 8004df0:	685b      	ldr	r3, [r3, #4]
 8004df2:	2b0f      	cmp	r3, #15
 8004df4:	d82e      	bhi.n	8004e54 <GPIO_InitInput+0x6e>
	const uint32_t pinMask = (1 << pin->pin_number);
 8004df6:	687b      	ldr	r3, [r7, #4]
 8004df8:	685b      	ldr	r3, [r3, #4]
 8004dfa:	2201      	movs	r2, #1
 8004dfc:	fa02 f303 	lsl.w	r3, r2, r3
 8004e00:	60fb      	str	r3, [r7, #12]
	const uint32_t pin_number_x2 = (pin->pin_number * 2);
 8004e02:	687b      	ldr	r3, [r7, #4]
 8004e04:	685b      	ldr	r3, [r3, #4]
 8004e06:	005b      	lsls	r3, r3, #1
 8004e08:	60bb      	str	r3, [r7, #8]
    pin->MDR_PORTx->ANALOG |= pinMask;
 8004e0a:	687b      	ldr	r3, [r7, #4]
 8004e0c:	681b      	ldr	r3, [r3, #0]
 8004e0e:	68d9      	ldr	r1, [r3, #12]
 8004e10:	687b      	ldr	r3, [r7, #4]
 8004e12:	681b      	ldr	r3, [r3, #0]
 8004e14:	68fa      	ldr	r2, [r7, #12]
 8004e16:	430a      	orrs	r2, r1
 8004e18:	60da      	str	r2, [r3, #12]
	pin->MDR_PORTx->OE 	  &= ~pinMask;
 8004e1a:	687b      	ldr	r3, [r7, #4]
 8004e1c:	681b      	ldr	r3, [r3, #0]
 8004e1e:	6859      	ldr	r1, [r3, #4]
 8004e20:	68fb      	ldr	r3, [r7, #12]
 8004e22:	43da      	mvns	r2, r3
 8004e24:	687b      	ldr	r3, [r7, #4]
 8004e26:	681b      	ldr	r3, [r3, #0]
 8004e28:	400a      	ands	r2, r1
 8004e2a:	605a      	str	r2, [r3, #4]
	pin->MDR_PORTx->PWR &= ~(3 << pin_number_x2);
 8004e2c:	687b      	ldr	r3, [r7, #4]
 8004e2e:	681b      	ldr	r3, [r3, #0]
 8004e30:	699a      	ldr	r2, [r3, #24]
 8004e32:	2103      	movs	r1, #3
 8004e34:	68bb      	ldr	r3, [r7, #8]
 8004e36:	fa01 f303 	lsl.w	r3, r1, r3
 8004e3a:	43db      	mvns	r3, r3
 8004e3c:	4619      	mov	r1, r3
 8004e3e:	687b      	ldr	r3, [r7, #4]
 8004e40:	681b      	ldr	r3, [r3, #0]
 8004e42:	400a      	ands	r2, r1
 8004e44:	619a      	str	r2, [r3, #24]
	pin->MDR_PORTx->PWR  |= PORT_PWR_OFF << pin_number_x2;
 8004e46:	687b      	ldr	r3, [r7, #4]
 8004e48:	681a      	ldr	r2, [r3, #0]
 8004e4a:	687b      	ldr	r3, [r7, #4]
 8004e4c:	681b      	ldr	r3, [r3, #0]
 8004e4e:	6992      	ldr	r2, [r2, #24]
 8004e50:	619a      	str	r2, [r3, #24]
 8004e52:	e000      	b.n	8004e56 <GPIO_InitInput+0x70>
	if (pin->pin_number > 15) return; 
 8004e54:	bf00      	nop
}
 8004e56:	3714      	adds	r7, #20
 8004e58:	46bd      	mov	sp, r7
 8004e5a:	bc80      	pop	{r7}
 8004e5c:	4770      	bx	lr

08004e5e <GPIO_WritePin>:

void GPIO_WritePin(const gpio_pin_t * pin, bool state)
{
 8004e5e:	b480      	push	{r7}
 8004e60:	b085      	sub	sp, #20
 8004e62:	af00      	add	r7, sp, #0
 8004e64:	6078      	str	r0, [r7, #4]
 8004e66:	460b      	mov	r3, r1
 8004e68:	70fb      	strb	r3, [r7, #3]
	const uint32_t pinMask = (1 << pin->pin_number);
 8004e6a:	687b      	ldr	r3, [r7, #4]
 8004e6c:	685b      	ldr	r3, [r3, #4]
 8004e6e:	2201      	movs	r2, #1
 8004e70:	fa02 f303 	lsl.w	r3, r2, r3
 8004e74:	60fb      	str	r3, [r7, #12]
	if(state)//включить 
 8004e76:	78fb      	ldrb	r3, [r7, #3]
 8004e78:	2b00      	cmp	r3, #0
 8004e7a:	d016      	beq.n	8004eaa <GPIO_WritePin+0x4c>
	{
		// определяем какой уровень является включением и выключением
		(pin->active_state)? (pin->MDR_PORTx->RXTX |= pinMask) : (pin->MDR_PORTx->RXTX &= ~ pinMask);
 8004e7c:	687b      	ldr	r3, [r7, #4]
 8004e7e:	7a1b      	ldrb	r3, [r3, #8]
 8004e80:	2b00      	cmp	r3, #0
 8004e82:	d008      	beq.n	8004e96 <GPIO_WritePin+0x38>
 8004e84:	687b      	ldr	r3, [r7, #4]
 8004e86:	681b      	ldr	r3, [r3, #0]
 8004e88:	6819      	ldr	r1, [r3, #0]
 8004e8a:	687b      	ldr	r3, [r7, #4]
 8004e8c:	681b      	ldr	r3, [r3, #0]
 8004e8e:	68fa      	ldr	r2, [r7, #12]
 8004e90:	430a      	orrs	r2, r1
 8004e92:	601a      	str	r2, [r3, #0]
	else //выключить
	{  
		// определяем какой уровень является включением и выключением
		(pin->active_state)? (pin->MDR_PORTx->RXTX &= ~pinMask) : (pin->MDR_PORTx->RXTX |= pinMask);
	}
}
 8004e94:	e01f      	b.n	8004ed6 <GPIO_WritePin+0x78>
		(pin->active_state)? (pin->MDR_PORTx->RXTX |= pinMask) : (pin->MDR_PORTx->RXTX &= ~ pinMask);
 8004e96:	687b      	ldr	r3, [r7, #4]
 8004e98:	681b      	ldr	r3, [r3, #0]
 8004e9a:	6819      	ldr	r1, [r3, #0]
 8004e9c:	68fb      	ldr	r3, [r7, #12]
 8004e9e:	43da      	mvns	r2, r3
 8004ea0:	687b      	ldr	r3, [r7, #4]
 8004ea2:	681b      	ldr	r3, [r3, #0]
 8004ea4:	400a      	ands	r2, r1
 8004ea6:	601a      	str	r2, [r3, #0]
}
 8004ea8:	e015      	b.n	8004ed6 <GPIO_WritePin+0x78>
		(pin->active_state)? (pin->MDR_PORTx->RXTX &= ~pinMask) : (pin->MDR_PORTx->RXTX |= pinMask);
 8004eaa:	687b      	ldr	r3, [r7, #4]
 8004eac:	7a1b      	ldrb	r3, [r3, #8]
 8004eae:	2b00      	cmp	r3, #0
 8004eb0:	d009      	beq.n	8004ec6 <GPIO_WritePin+0x68>
 8004eb2:	687b      	ldr	r3, [r7, #4]
 8004eb4:	681b      	ldr	r3, [r3, #0]
 8004eb6:	6819      	ldr	r1, [r3, #0]
 8004eb8:	68fb      	ldr	r3, [r7, #12]
 8004eba:	43da      	mvns	r2, r3
 8004ebc:	687b      	ldr	r3, [r7, #4]
 8004ebe:	681b      	ldr	r3, [r3, #0]
 8004ec0:	400a      	ands	r2, r1
 8004ec2:	601a      	str	r2, [r3, #0]
}
 8004ec4:	e007      	b.n	8004ed6 <GPIO_WritePin+0x78>
		(pin->active_state)? (pin->MDR_PORTx->RXTX &= ~pinMask) : (pin->MDR_PORTx->RXTX |= pinMask);
 8004ec6:	687b      	ldr	r3, [r7, #4]
 8004ec8:	681b      	ldr	r3, [r3, #0]
 8004eca:	6819      	ldr	r1, [r3, #0]
 8004ecc:	687b      	ldr	r3, [r7, #4]
 8004ece:	681b      	ldr	r3, [r3, #0]
 8004ed0:	68fa      	ldr	r2, [r7, #12]
 8004ed2:	430a      	orrs	r2, r1
 8004ed4:	601a      	str	r2, [r3, #0]
}
 8004ed6:	bf00      	nop
 8004ed8:	3714      	adds	r7, #20
 8004eda:	46bd      	mov	sp, r7
 8004edc:	bc80      	pop	{r7}
 8004ede:	4770      	bx	lr

08004ee0 <GPIO_ReadPin>:
	const uint32_t pinMask = (1 << pin->pin_number);
	pin->MDR_PORTx->RXTX ^= pinMask; 
}

bool GPIO_ReadPin(const gpio_pin_t * pin)
{
 8004ee0:	b480      	push	{r7}
 8004ee2:	b085      	sub	sp, #20
 8004ee4:	af00      	add	r7, sp, #0
 8004ee6:	6078      	str	r0, [r7, #4]
	const uint32_t pinMask = (1 << pin->pin_number);
 8004ee8:	687b      	ldr	r3, [r7, #4]
 8004eea:	685b      	ldr	r3, [r3, #4]
 8004eec:	2201      	movs	r2, #1
 8004eee:	fa02 f303 	lsl.w	r3, r2, r3
 8004ef2:	60fb      	str	r3, [r7, #12]
	bool pin_state = ((pin->MDR_PORTx->RXTX & pinMask) == pinMask);
 8004ef4:	687b      	ldr	r3, [r7, #4]
 8004ef6:	681b      	ldr	r3, [r3, #0]
 8004ef8:	681a      	ldr	r2, [r3, #0]
 8004efa:	68fb      	ldr	r3, [r7, #12]
 8004efc:	4013      	ands	r3, r2
 8004efe:	68fa      	ldr	r2, [r7, #12]
 8004f00:	429a      	cmp	r2, r3
 8004f02:	bf0c      	ite	eq
 8004f04:	2301      	moveq	r3, #1
 8004f06:	2300      	movne	r3, #0
 8004f08:	72fb      	strb	r3, [r7, #11]
	return (pin_state == pin->active_state);  
 8004f0a:	687b      	ldr	r3, [r7, #4]
 8004f0c:	7a1b      	ldrb	r3, [r3, #8]
 8004f0e:	7afa      	ldrb	r2, [r7, #11]
 8004f10:	429a      	cmp	r2, r3
 8004f12:	bf0c      	ite	eq
 8004f14:	2301      	moveq	r3, #1
 8004f16:	2300      	movne	r3, #0
 8004f18:	b2db      	uxtb	r3, r3
 8004f1a:	4618      	mov	r0, r3
 8004f1c:	3714      	adds	r7, #20
 8004f1e:	46bd      	mov	sp, r7
 8004f20:	bc80      	pop	{r7}
 8004f22:	4770      	bx	lr

08004f24 <NVIC_EnableIRQ>:
{
 8004f24:	b480      	push	{r7}
 8004f26:	b083      	sub	sp, #12
 8004f28:	af00      	add	r7, sp, #0
 8004f2a:	4603      	mov	r3, r0
 8004f2c:	71fb      	strb	r3, [r7, #7]
  NVIC->ISER[((uint32_t)(IRQn) >> 5)] = (1 << ((uint32_t)(IRQn) & 0x1F)); /* enable interrupt */
 8004f2e:	79fb      	ldrb	r3, [r7, #7]
 8004f30:	f003 031f 	and.w	r3, r3, #31
 8004f34:	2201      	movs	r2, #1
 8004f36:	fa02 f103 	lsl.w	r1, r2, r3
 8004f3a:	4a05      	ldr	r2, [pc, #20]	; (8004f50 <NVIC_EnableIRQ+0x2c>)
 8004f3c:	f997 3007 	ldrsb.w	r3, [r7, #7]
 8004f40:	095b      	lsrs	r3, r3, #5
 8004f42:	f842 1023 	str.w	r1, [r2, r3, lsl #2]
}
 8004f46:	bf00      	nop
 8004f48:	370c      	adds	r7, #12
 8004f4a:	46bd      	mov	sp, r7
 8004f4c:	bc80      	pop	{r7}
 8004f4e:	4770      	bx	lr
 8004f50:	e000e100 	.word	0xe000e100

08004f54 <NVIC_SetPriority>:
{
 8004f54:	b480      	push	{r7}
 8004f56:	b083      	sub	sp, #12
 8004f58:	af00      	add	r7, sp, #0
 8004f5a:	4603      	mov	r3, r0
 8004f5c:	6039      	str	r1, [r7, #0]
 8004f5e:	71fb      	strb	r3, [r7, #7]
  if(IRQn < 0) {
 8004f60:	f997 3007 	ldrsb.w	r3, [r7, #7]
 8004f64:	2b00      	cmp	r3, #0
 8004f66:	da0b      	bge.n	8004f80 <NVIC_SetPriority+0x2c>
    SCB->SHP[((uint32_t)(IRQn) & 0xF)-4] = ((priority << (8 - __NVIC_PRIO_BITS)) & 0xff); } /* set Priority for Cortex-M  System Interrupts */
 8004f68:	683b      	ldr	r3, [r7, #0]
 8004f6a:	b2da      	uxtb	r2, r3
 8004f6c:	490c      	ldr	r1, [pc, #48]	; (8004fa0 <NVIC_SetPriority+0x4c>)
 8004f6e:	79fb      	ldrb	r3, [r7, #7]
 8004f70:	f003 030f 	and.w	r3, r3, #15
 8004f74:	3b04      	subs	r3, #4
 8004f76:	0152      	lsls	r2, r2, #5
 8004f78:	b2d2      	uxtb	r2, r2
 8004f7a:	440b      	add	r3, r1
 8004f7c:	761a      	strb	r2, [r3, #24]
}
 8004f7e:	e009      	b.n	8004f94 <NVIC_SetPriority+0x40>
    NVIC->IP[(uint32_t)(IRQn)] = ((priority << (8 - __NVIC_PRIO_BITS)) & 0xff);    }        /* set Priority for device specific Interrupts  */
 8004f80:	683b      	ldr	r3, [r7, #0]
 8004f82:	b2da      	uxtb	r2, r3
 8004f84:	4907      	ldr	r1, [pc, #28]	; (8004fa4 <NVIC_SetPriority+0x50>)
 8004f86:	f997 3007 	ldrsb.w	r3, [r7, #7]
 8004f8a:	0152      	lsls	r2, r2, #5
 8004f8c:	b2d2      	uxtb	r2, r2
 8004f8e:	440b      	add	r3, r1
 8004f90:	f883 2300 	strb.w	r2, [r3, #768]	; 0x300
}
 8004f94:	bf00      	nop
 8004f96:	370c      	adds	r7, #12
 8004f98:	46bd      	mov	sp, r7
 8004f9a:	bc80      	pop	{r7}
 8004f9c:	4770      	bx	lr
 8004f9e:	bf00      	nop
 8004fa0:	e000ed00 	.word	0xe000ed00
 8004fa4:	e000e100 	.word	0xe000e100

08004fa8 <SysTick_Config>:
    function <b>SysTick_Config</b> is not included. In this case, the file <b><i>device</i>.h</b>
    must contain a vendor-specific implementation of this function.

 */
__STATIC_INLINE uint32_t SysTick_Config(uint32_t ticks)
{
 8004fa8:	b580      	push	{r7, lr}
 8004faa:	b082      	sub	sp, #8
 8004fac:	af00      	add	r7, sp, #0
 8004fae:	6078      	str	r0, [r7, #4]
  if ((ticks - 1) > SysTick_LOAD_RELOAD_Msk)  return (1);      /* Reload value impossible */
 8004fb0:	687b      	ldr	r3, [r7, #4]
 8004fb2:	3b01      	subs	r3, #1
 8004fb4:	f1b3 7f80 	cmp.w	r3, #16777216	; 0x1000000
 8004fb8:	d301      	bcc.n	8004fbe <SysTick_Config+0x16>
 8004fba:	2301      	movs	r3, #1
 8004fbc:	e00f      	b.n	8004fde <SysTick_Config+0x36>

  SysTick->LOAD  = ticks - 1;                                  /* set reload register */
 8004fbe:	4a0a      	ldr	r2, [pc, #40]	; (8004fe8 <SysTick_Config+0x40>)
 8004fc0:	687b      	ldr	r3, [r7, #4]
 8004fc2:	3b01      	subs	r3, #1
 8004fc4:	6053      	str	r3, [r2, #4]
  NVIC_SetPriority (SysTick_IRQn, (1<<__NVIC_PRIO_BITS) - 1);  /* set Priority for Systick Interrupt */
 8004fc6:	2107      	movs	r1, #7
 8004fc8:	f04f 30ff 	mov.w	r0, #4294967295	; 0xffffffff
 8004fcc:	f7ff ffc2 	bl	8004f54 <NVIC_SetPriority>
  SysTick->VAL   = 0;                                          /* Load the SysTick Counter Value */
 8004fd0:	4b05      	ldr	r3, [pc, #20]	; (8004fe8 <SysTick_Config+0x40>)
 8004fd2:	2200      	movs	r2, #0
 8004fd4:	609a      	str	r2, [r3, #8]
  SysTick->CTRL  = SysTick_CTRL_CLKSOURCE_Msk |
 8004fd6:	4b04      	ldr	r3, [pc, #16]	; (8004fe8 <SysTick_Config+0x40>)
 8004fd8:	2207      	movs	r2, #7
 8004fda:	601a      	str	r2, [r3, #0]
                   SysTick_CTRL_TICKINT_Msk   |
                   SysTick_CTRL_ENABLE_Msk;                    /* Enable SysTick IRQ and SysTick Timer */
  return (0);                                                  /* Function successful */
 8004fdc:	2300      	movs	r3, #0
}
 8004fde:	4618      	mov	r0, r3
 8004fe0:	3708      	adds	r7, #8
 8004fe2:	46bd      	mov	sp, r7
 8004fe4:	bd80      	pop	{r7, pc}
 8004fe6:	bf00      	nop
 8004fe8:	e000e010 	.word	0xe000e010

08004fec <Timer1_IRQHandler>:




void Timer1_IRQHandler()
{
 8004fec:	b580      	push	{r7, lr}
 8004fee:	af00      	add	r7, sp, #0
	if (TIMER_GetITStatus(MY_SYS_TIMER, TIMER_STATUS_CNT_ZERO)==SET)
 8004ff0:	2101      	movs	r1, #1
 8004ff2:	4808      	ldr	r0, [pc, #32]	; (8005014 <Timer1_IRQHandler+0x28>)
 8004ff4:	f7fc fa74 	bl	80014e0 <TIMER_GetITStatus>
 8004ff8:	4603      	mov	r3, r0
 8004ffa:	2b01      	cmp	r3, #1
 8004ffc:	d107      	bne.n	800500e <Timer1_IRQHandler+0x22>
	{
		TIMER_ClearITPendingBit(MY_SYS_TIMER, TIMER_STATUS_CNT_ZERO); 
 8004ffe:	2101      	movs	r1, #1
 8005000:	4804      	ldr	r0, [pc, #16]	; (8005014 <Timer1_IRQHandler+0x28>)
 8005002:	f7fc fa40 	bl	8001486 <TIMER_ClearFlag>
		// системное время
		MySySTick(); 
 8005006:	f000 fe43 	bl	8005c90 <MySySTick>
		// миллисекундомер
		set1ms(); 
 800500a:	f000 fe65 	bl	8005cd8 <set1ms>
	}
}
 800500e:	bf00      	nop
 8005010:	bd80      	pop	{r7, pc}
 8005012:	bf00      	nop
 8005014:	40070000 	.word	0x40070000

08005018 <main>:



int main()
{
 8005018:	b580      	push	{r7, lr}
 800501a:	b084      	sub	sp, #16
 800501c:	af00      	add	r7, sp, #0
	// задержка для программатора
	for(int i=0; i<300000; i++) {__NOP();}
 800501e:	2300      	movs	r3, #0
 8005020:	60fb      	str	r3, [r7, #12]
 8005022:	e004      	b.n	800502e <main+0x16>
  __ASM volatile ("nop");
 8005024:	bf00      	nop
}
 8005026:	bf00      	nop
 8005028:	68fb      	ldr	r3, [r7, #12]
 800502a:	3301      	adds	r3, #1
 800502c:	60fb      	str	r3, [r7, #12]
 800502e:	68fb      	ldr	r3, [r7, #12]
 8005030:	4a5a      	ldr	r2, [pc, #360]	; (800519c <main+0x184>)
 8005032:	4293      	cmp	r3, r2
 8005034:	ddf6      	ble.n	8005024 <main+0xc>
	SystemInit(); 
 8005036:	f7fb f8a3 	bl	8000180 <SystemInit>
	//инициализация тактовой частоты 
	if( !initClk() ) { while(1) {} }
 800503a:	f7ff f84b 	bl	80040d4 <initClk>
 800503e:	4603      	mov	r3, r0
 8005040:	2b00      	cmp	r3, #0
 8005042:	d100      	bne.n	8005046 <main+0x2e>
 8005044:	e7fe      	b.n	8005044 <main+0x2c>

	
	SystemCoreClockUpdate();
 8005046:	f7fb f83b 	bl	80000c0 <SystemCoreClockUpdate>

	// системный таймер 
	SysTick_Config(SYSCLOCK/1000); 
 800504a:	4855      	ldr	r0, [pc, #340]	; (80051a0 <main+0x188>)
 800504c:	f7ff ffac 	bl	8004fa8 <SysTick_Config>
	//init Nvic 
	SCB->AIRCR = 0x05FA0000 | ((uint32_t)0x500); 
 8005050:	4b54      	ldr	r3, [pc, #336]	; (80051a4 <main+0x18c>)
 8005052:	4a55      	ldr	r2, [pc, #340]	; (80051a8 <main+0x190>)
 8005054:	60da      	str	r2, [r3, #12]
	SCB->VTOR = 0x08000000; 
 8005056:	4b53      	ldr	r3, [pc, #332]	; (80051a4 <main+0x18c>)
 8005058:	f04f 6200 	mov.w	r2, #134217728	; 0x8000000
 800505c:	609a      	str	r2, [r3, #8]
	//disable all interrupt 
	NVIC->ICPR[0] = 0xFFFFFFFF; 
 800505e:	4b53      	ldr	r3, [pc, #332]	; (80051ac <main+0x194>)
 8005060:	f04f 32ff 	mov.w	r2, #4294967295	; 0xffffffff
 8005064:	f8c3 2180 	str.w	r2, [r3, #384]	; 0x180
	NVIC->ICER[0] = 0xFFFFFFFF; 
 8005068:	4b50      	ldr	r3, [pc, #320]	; (80051ac <main+0x194>)
 800506a:	f04f 32ff 	mov.w	r2, #4294967295	; 0xffffffff
 800506e:	f8c3 2080 	str.w	r2, [r3, #128]	; 0x80

	// инициализация тактирования портов 
    RST_CLK_PCLKcmd(RST_CLK_PCLK_PORTA, ENABLE);   
 8005072:	2101      	movs	r1, #1
 8005074:	f44f 1000 	mov.w	r0, #2097152	; 0x200000
 8005078:	f7fb fedc 	bl	8000e34 <RST_CLK_PCLKcmd>
    RST_CLK_PCLKcmd(RST_CLK_PCLK_PORTB, ENABLE);  
 800507c:	2101      	movs	r1, #1
 800507e:	f44f 0080 	mov.w	r0, #4194304	; 0x400000
 8005082:	f7fb fed7 	bl	8000e34 <RST_CLK_PCLKcmd>
    RST_CLK_PCLKcmd(RST_CLK_PCLK_PORTC, ENABLE);  
 8005086:	2101      	movs	r1, #1
 8005088:	f44f 0000 	mov.w	r0, #8388608	; 0x800000
 800508c:	f7fb fed2 	bl	8000e34 <RST_CLK_PCLKcmd>
    RST_CLK_PCLKcmd(RST_CLK_PCLK_PORTD, ENABLE);  
 8005090:	2101      	movs	r1, #1
 8005092:	f04f 7080 	mov.w	r0, #16777216	; 0x1000000
 8005096:	f7fb fecd 	bl	8000e34 <RST_CLK_PCLKcmd>
    RST_CLK_PCLKcmd(RST_CLK_PCLK_PORTE, ENABLE);  
 800509a:	2101      	movs	r1, #1
 800509c:	f04f 7000 	mov.w	r0, #33554432	; 0x2000000
 80050a0:	f7fb fec8 	bl	8000e34 <RST_CLK_PCLKcmd>
    RST_CLK_PCLKcmd(RST_CLK_PCLK_PORTF, ENABLE);
 80050a4:	2101      	movs	r1, #1
 80050a6:	f04f 5000 	mov.w	r0, #536870912	; 0x20000000
 80050aa:	f7fb fec3 	bl	8000e34 <RST_CLK_PCLKcmd>
	
	// начальное состояние железа 
	//initTimer();
	initTimerUpIrq(MY_SYS_TIMER_RST_CLK_PCLK, MY_SYS_TIMER, 999);//1000us
 80050ae:	f240 32e7 	movw	r2, #999	; 0x3e7
 80050b2:	493f      	ldr	r1, [pc, #252]	; (80051b0 <main+0x198>)
 80050b4:	f44f 4080 	mov.w	r0, #16384	; 0x4000
 80050b8:	f000 fe1a 	bl	8005cf0 <initTimerUpIrq>

	#ifdef TMR2_ON
	initTimerPwm2(); 
 80050bc:	f000 fe5e 	bl	8005d7c <initTimerPwm2>
	#endif
	#ifdef TMR3_ON 
	initTimerPwm3(); 
 80050c0:	f000 fef8 	bl	8005eb4 <initTimerPwm3>
	#endif
	boardInit();
 80050c4:	f7fe f93c 	bl	8003340 <boardInit>
	
	
	//NVIC_EnableIRQ(SysTick_IRQn); 
	//NVIC_EnableIRQ(SSP2_IRQn);
	// use for sys timer
	NVIC_EnableIRQ(Timer1_IRQn); 
 80050c8:	200e      	movs	r0, #14
 80050ca:	f7ff ff2b 	bl	8004f24 <NVIC_EnableIRQ>
	// use for L6470
	//NVIC_EnableIRQ(Timer3_IRQn); //in file L6470Timer.c
	#if SELECT_IRQ == 1
	NVIC_EnableIRQ(CAN1_IRQn);
 80050ce:	2000      	movs	r0, #0
 80050d0:	f7ff ff28 	bl	8004f24 <NVIC_EnableIRQ>

	while (1)
	{

		// 1 секундный таймер, используется для пинга CAN
		if((MySysTime()-time)>999)
 80050d4:	f000 fdd2 	bl	8005c7c <MySysTime>
 80050d8:	4602      	mov	r2, r0
 80050da:	4b36      	ldr	r3, [pc, #216]	; (80051b4 <main+0x19c>)
 80050dc:	681b      	ldr	r3, [r3, #0]
 80050de:	1ad3      	subs	r3, r2, r3
 80050e0:	f5b3 7f7a 	cmp.w	r3, #1000	; 0x3e8
 80050e4:	d304      	bcc.n	80050f0 <main+0xd8>
		{
			time = MySysTime(); 
 80050e6:	f000 fdc9 	bl	8005c7c <MySysTime>
 80050ea:	4603      	mov	r3, r0
 80050ec:	4a31      	ldr	r2, [pc, #196]	; (80051b4 <main+0x19c>)
 80050ee:	6013      	str	r3, [r2, #0]
		}

		

		// 5 миллисекундный таймер, кнопки 
		if((MySysTime()-time5ms)>=5)
 80050f0:	f000 fdc4 	bl	8005c7c <MySysTime>
 80050f4:	4602      	mov	r2, r0
 80050f6:	4b30      	ldr	r3, [pc, #192]	; (80051b8 <main+0x1a0>)
 80050f8:	681b      	ldr	r3, [r3, #0]
 80050fa:	1ad3      	subs	r3, r2, r3
 80050fc:	2b04      	cmp	r3, #4
 80050fe:	d904      	bls.n	800510a <main+0xf2>
		{
			time5ms = MySysTime();	
 8005100:	f000 fdbc 	bl	8005c7c <MySysTime>
 8005104:	4603      	mov	r3, r0
 8005106:	4a2c      	ldr	r2, [pc, #176]	; (80051b8 <main+0x1a0>)
 8005108:	6013      	str	r3, [r2, #0]
		}
		// 1 миллисекундный таймер
		if(OneMs())
 800510a:	f000 fdcf 	bl	8005cac <OneMs>
 800510e:	4603      	mov	r3, r0
 8005110:	2b00      	cmp	r3, #0
 8005112:	d038      	beq.n	8005186 <main+0x16e>
		{
			resetFlag1ms();
 8005114:	f000 fdd4 	bl	8005cc0 <resetFlag1ms>
			// обработка энкодеров
			encoder_process();
 8005118:	f7ff fbc6 	bl	80048a8 <encoder_process>
			if (encoder_get_event(ENCODER_COUNT) != ENCODER_NO_CHANGE) {
 800511c:	2002      	movs	r0, #2
 800511e:	f7ff fb8b 	bl	8004838 <encoder_get_event>
 8005122:	4603      	mov	r3, r0
 8005124:	2b00      	cmp	r3, #0
 8005126:	d002      	beq.n	800512e <main+0x116>
				sendEncodersState(false); 
 8005128:	2000      	movs	r0, #0
 800512a:	f7fd ff5d 	bl	8002fe8 <sendEncodersState>
				//led_blink_one_shot(LED_RED, 100, MySysTime());
			}

			// период выполения определяется в h файле BTN_PERIOD_MS
			single_button_poll(MySysTime());
 800512e:	f000 fda5 	bl	8005c7c <MySysTime>
 8005132:	4603      	mov	r3, r0
 8005134:	4618      	mov	r0, r3
 8005136:	f000 fc0b 	bl	8005950 <single_button_poll>
			
			// проверка одиночных кнопок на изменение состояний
			const bool event_button_encoder = (bool)single_button_get_events();
 800513a:	f000 fc51 	bl	80059e0 <single_button_get_events>
 800513e:	4603      	mov	r3, r0
 8005140:	2b00      	cmp	r3, #0
 8005142:	bf14      	ite	ne
 8005144:	2301      	movne	r3, #1
 8005146:	2300      	moveq	r3, #0
 8005148:	72fb      	strb	r3, [r7, #11]
			// если было вписываем данные в буфер кнопок
			if(event_button_encoder) { 
 800514a:	7afb      	ldrb	r3, [r7, #11]
 800514c:	2b00      	cmp	r3, #0
 800514e:	d005      	beq.n	800515c <main+0x144>
				single_button_pack_to_buffer( button_get_buffer_state()); 
 8005150:	f7fe f9d0 	bl	80034f4 <button_get_buffer_state>
 8005154:	4603      	mov	r3, r0
 8005156:	4618      	mov	r0, r3
 8005158:	f000 fc64 	bl	8005a24 <single_button_pack_to_buffer>
				//led_blink_one_shot(LED_RED, 100, MySysTime());
			}
			// интегральный флаг по кнопкам 
			const bool event_button_integrate = (button_event() != BUTTON_NO_CHANGE) || event_button_encoder; 
 800515c:	f7fe f9b8 	bl	80034d0 <button_event>
 8005160:	4603      	mov	r3, r0
 8005162:	2b00      	cmp	r3, #0
 8005164:	d102      	bne.n	800516c <main+0x154>
 8005166:	7afb      	ldrb	r3, [r7, #11]
 8005168:	2b00      	cmp	r3, #0
 800516a:	d001      	beq.n	8005170 <main+0x158>
 800516c:	2301      	movs	r3, #1
 800516e:	e000      	b.n	8005172 <main+0x15a>
 8005170:	2300      	movs	r3, #0
 8005172:	72bb      	strb	r3, [r7, #10]
 8005174:	7abb      	ldrb	r3, [r7, #10]
 8005176:	f003 0301 	and.w	r3, r3, #1
 800517a:	72bb      	strb	r3, [r7, #10]
			// если кнопки менялись отправка данных
			if(event_button_integrate ) {
 800517c:	7abb      	ldrb	r3, [r7, #10]
 800517e:	2b00      	cmp	r3, #0
 8005180:	d001      	beq.n	8005186 <main+0x16e>
				sendButtonsState();
 8005182:	f7fd feeb 	bl	8002f5c <sendButtonsState>
		// период пересчитывается внутри 
		//button_process(MySysTime()); 
		
		//led_blink(LED_GREEN, MySysTime());
		//led_blink(LED_RED, MySysTime());
		senderCan(MySysTime()); 
 8005186:	f000 fd79 	bl	8005c7c <MySysTime>
 800518a:	4603      	mov	r3, r0
 800518c:	4618      	mov	r0, r3
 800518e:	f7fe fd8f 	bl	8003cb0 <senderCan>
		int flagRxMsg = obmen(); 
 8005192:	f7fc fff3 	bl	800217c <obmen>
 8005196:	4603      	mov	r3, r0
 8005198:	607b      	str	r3, [r7, #4]
	{
 800519a:	e79b      	b.n	80050d4 <main+0xbc>
 800519c:	000493df 	.word	0x000493df
 80051a0:	00013880 	.word	0x00013880
 80051a4:	e000ed00 	.word	0xe000ed00
 80051a8:	05fa0500 	.word	0x05fa0500
 80051ac:	e000e100 	.word	0xe000e100
 80051b0:	40070000 	.word	0x40070000
 80051b4:	20001124 	.word	0x20001124
 80051b8:	20001128 	.word	0x20001128

080051bc <_pwm_init_pin_display>:
    .MDR_PORTx = DISPLAY_ENABLE_PORT,
    .pin_number = DISPLAY_ENABLE_PIN_Pos,
    .active_state = true
};

static inline void _pwm_init_pin_display(){
 80051bc:	b580      	push	{r7, lr}
 80051be:	af00      	add	r7, sp, #0
    if (pin.MDR_PORTx == NULL) return;
 80051c0:	4b04      	ldr	r3, [pc, #16]	; (80051d4 <_pwm_init_pin_display+0x18>)
 80051c2:	681b      	ldr	r3, [r3, #0]
 80051c4:	2b00      	cmp	r3, #0
 80051c6:	d003      	beq.n	80051d0 <_pwm_init_pin_display+0x14>
    GPIO_InitOutput(&pin);
 80051c8:	4802      	ldr	r0, [pc, #8]	; (80051d4 <_pwm_init_pin_display+0x18>)
 80051ca:	f7ff fd71 	bl	8004cb0 <GPIO_InitOutput>
 80051ce:	e000      	b.n	80051d2 <_pwm_init_pin_display+0x16>
    if (pin.MDR_PORTx == NULL) return;
 80051d0:	bf00      	nop
    PORT_InitStructure.PORT_OE    = PORT_OE_OUT;
    PORT_InitStructure.PORT_FUNC  = PORT_FUNC_PORT;
    PORT_InitStructure.PORT_MODE  = PORT_MODE_DIGITAL;
    PORT_InitStructure.PORT_SPEED = PORT_SPEED_FAST;
    PORT_Init(DISPLAY_ENABLE_PORT, &PORT_InitStructure);*/ 
}
 80051d2:	bd80      	pop	{r7, pc}
 80051d4:	20000700 	.word	0x20000700

080051d8 <_pwm_set_value>:

static inline PwmStatus_t _pwm_set_value(PwmChannel_t channel, uint16_t value){
 80051d8:	b580      	push	{r7, lr}
 80051da:	b084      	sub	sp, #16
 80051dc:	af00      	add	r7, sp, #0
 80051de:	4603      	mov	r3, r0
 80051e0:	460a      	mov	r2, r1
 80051e2:	71fb      	strb	r3, [r7, #7]
 80051e4:	4613      	mov	r3, r2
 80051e6:	80bb      	strh	r3, [r7, #4]
    uint16_t data = pwm_channels_config[channel].is_inverted ? (PWM_MAX_VALUE - value)+1  : value;
 80051e8:	79fa      	ldrb	r2, [r7, #7]
 80051ea:	491b      	ldr	r1, [pc, #108]	; (8005258 <_pwm_set_value+0x80>)
 80051ec:	4613      	mov	r3, r2
 80051ee:	005b      	lsls	r3, r3, #1
 80051f0:	4413      	add	r3, r2
 80051f2:	009b      	lsls	r3, r3, #2
 80051f4:	440b      	add	r3, r1
 80051f6:	3308      	adds	r3, #8
 80051f8:	781b      	ldrb	r3, [r3, #0]
 80051fa:	2b00      	cmp	r3, #0
 80051fc:	d004      	beq.n	8005208 <_pwm_set_value+0x30>
 80051fe:	88bb      	ldrh	r3, [r7, #4]
 8005200:	f5c3 5380 	rsb	r3, r3, #4096	; 0x1000
 8005204:	b29b      	uxth	r3, r3
 8005206:	e000      	b.n	800520a <_pwm_set_value+0x32>
 8005208:	88bb      	ldrh	r3, [r7, #4]
 800520a:	81fb      	strh	r3, [r7, #14]
    switch (channel){
 800520c:	79fb      	ldrb	r3, [r7, #7]
 800520e:	2b02      	cmp	r3, #2
 8005210:	d014      	beq.n	800523c <_pwm_set_value+0x64>
 8005212:	2b02      	cmp	r3, #2
 8005214:	dc19      	bgt.n	800524a <_pwm_set_value+0x72>
 8005216:	2b00      	cmp	r3, #0
 8005218:	d002      	beq.n	8005220 <_pwm_set_value+0x48>
 800521a:	2b01      	cmp	r3, #1
 800521c:	d007      	beq.n	800522e <_pwm_set_value+0x56>
 800521e:	e014      	b.n	800524a <_pwm_set_value+0x72>
            #elif LED_CHANNEL == TMR3_CH2
            TIMER_SetChnCompare(MDR_TIMER3, TIMER_CHANNEL2, data);
            #elif LED_CHANNEL == TMR3_CH3
            TIMER_SetChnCompare(MDR_TIMER3, TIMER_CHANNEL3, data);
            #elif LED_CHANNEL == TMR3_CH4
            TIMER_SetChnCompare(MDR_TIMER3, TIMER_CHANNEL4, data);
 8005220:	89fb      	ldrh	r3, [r7, #14]
 8005222:	461a      	mov	r2, r3
 8005224:	2103      	movs	r1, #3
 8005226:	480d      	ldr	r0, [pc, #52]	; (800525c <_pwm_set_value+0x84>)
 8005228:	f7fc f8b1 	bl	800138e <TIMER_SetChnCompare>
            #endif
            break;
 800522c:	e00f      	b.n	800524e <_pwm_set_value+0x76>
        case PWM_CHANNEL_DISPLAY:
            #if DISPLAY_CHANNEL == TMR2_CH1
            TIMER_SetChnCompare(MDR_TIMER2, TIMER_CHANNEL1, data);
 800522e:	89fb      	ldrh	r3, [r7, #14]
 8005230:	461a      	mov	r2, r3
 8005232:	2100      	movs	r1, #0
 8005234:	480a      	ldr	r0, [pc, #40]	; (8005260 <_pwm_set_value+0x88>)
 8005236:	f7fc f8aa 	bl	800138e <TIMER_SetChnCompare>
            #elif DISPLAY_CHANNEL == TMR3_CH3
            TIMER_SetChnCompare(MDR_TIMER3, TIMER_CHANNEL3, data);
            #elif DISPLAY_CHANNEL == TMR3_CH4
            TIMER_SetChnCompare(MDR_TIMER3, TIMER_CHANNEL4, data);
            #endif 
            break;
 800523a:	e008      	b.n	800524e <_pwm_set_value+0x76>
        case PWM_CHANNEL_SCALE2: 
            #if KREN_CHANNEL == TMR2_CH1
            TIMER_SetChnCompare(MDR_TIMER2, TIMER_CHANNEL1, data);
            #elif KREN_CHANNEL == TMR2_CH2
            TIMER_SetChnCompare(MDR_TIMER2, TIMER_CHANNEL2, data);
 800523c:	89fb      	ldrh	r3, [r7, #14]
 800523e:	461a      	mov	r2, r3
 8005240:	2101      	movs	r1, #1
 8005242:	4807      	ldr	r0, [pc, #28]	; (8005260 <_pwm_set_value+0x88>)
 8005244:	f7fc f8a3 	bl	800138e <TIMER_SetChnCompare>
            #elif KREN_CHANNEL == TMR3_CH3
            TIMER_SetChnCompare(MDR_TIMER3, TIMER_CHANNEL3, data);
            #elif KREN_CHANNEL == TMR3_CH4
            TIMER_SetChnCompare(MDR_TIMER3, TIMER_CHANNEL4, data);
            #endif
            break;
 8005248:	e001      	b.n	800524e <_pwm_set_value+0x76>
        default:
            return PWW_ERROR;
 800524a:	2301      	movs	r3, #1
 800524c:	e000      	b.n	8005250 <_pwm_set_value+0x78>
    } 
    return PWM_OK;
 800524e:	2300      	movs	r3, #0
}
 8005250:	4618      	mov	r0, r3
 8005252:	3710      	adds	r7, #16
 8005254:	46bd      	mov	sp, r7
 8005256:	bd80      	pop	{r7, pc}
 8005258:	2000112c 	.word	0x2000112c
 800525c:	40080000 	.word	0x40080000
 8005260:	40078000 	.word	0x40078000

08005264 <pwm_init>:


PwmStatus_t pwm_init(config_union * cfg){
 8005264:	b580      	push	{r7, lr}
 8005266:	b08c      	sub	sp, #48	; 0x30
 8005268:	af00      	add	r7, sp, #0
 800526a:	6078      	str	r0, [r7, #4]
    // инициализация пина управления дисплеем 
    _pwm_init_pin_display();
 800526c:	f7ff ffa6 	bl	80051bc <_pwm_init_pin_display>
    // инициализация каналов шим 
    // сбрасываю настройки 
    for(int i=0; i<PWM_CHANNEL_COUNT; i++){
 8005270:	2300      	movs	r3, #0
 8005272:	62fb      	str	r3, [r7, #44]	; 0x2c
 8005274:	e03e      	b.n	80052f4 <pwm_init+0x90>
        pwm_channels_config[i].value = 0;
 8005276:	4985      	ldr	r1, [pc, #532]	; (800548c <pwm_init+0x228>)
 8005278:	6afa      	ldr	r2, [r7, #44]	; 0x2c
 800527a:	4613      	mov	r3, r2
 800527c:	005b      	lsls	r3, r3, #1
 800527e:	4413      	add	r3, r2
 8005280:	009b      	lsls	r3, r3, #2
 8005282:	440b      	add	r3, r1
 8005284:	2200      	movs	r2, #0
 8005286:	701a      	strb	r2, [r3, #0]
        pwm_channels_config[i].value_min = 0;
 8005288:	4980      	ldr	r1, [pc, #512]	; (800548c <pwm_init+0x228>)
 800528a:	6afa      	ldr	r2, [r7, #44]	; 0x2c
 800528c:	4613      	mov	r3, r2
 800528e:	005b      	lsls	r3, r3, #1
 8005290:	4413      	add	r3, r2
 8005292:	009b      	lsls	r3, r3, #2
 8005294:	440b      	add	r3, r1
 8005296:	3301      	adds	r3, #1
 8005298:	2200      	movs	r2, #0
 800529a:	701a      	strb	r2, [r3, #0]
        pwm_channels_config[i].coef_correction = 0;
 800529c:	497b      	ldr	r1, [pc, #492]	; (800548c <pwm_init+0x228>)
 800529e:	6afa      	ldr	r2, [r7, #44]	; 0x2c
 80052a0:	4613      	mov	r3, r2
 80052a2:	005b      	lsls	r3, r3, #1
 80052a4:	4413      	add	r3, r2
 80052a6:	009b      	lsls	r3, r3, #2
 80052a8:	440b      	add	r3, r1
 80052aa:	3304      	adds	r3, #4
 80052ac:	f04f 0200 	mov.w	r2, #0
 80052b0:	601a      	str	r2, [r3, #0]
        pwm_channels_config[i].is_inverted = false;
 80052b2:	4976      	ldr	r1, [pc, #472]	; (800548c <pwm_init+0x228>)
 80052b4:	6afa      	ldr	r2, [r7, #44]	; 0x2c
 80052b6:	4613      	mov	r3, r2
 80052b8:	005b      	lsls	r3, r3, #1
 80052ba:	4413      	add	r3, r2
 80052bc:	009b      	lsls	r3, r3, #2
 80052be:	440b      	add	r3, r1
 80052c0:	3308      	adds	r3, #8
 80052c2:	2200      	movs	r2, #0
 80052c4:	701a      	strb	r2, [r3, #0]
        pwm_channels_config[i].is_enabled = false;
 80052c6:	4971      	ldr	r1, [pc, #452]	; (800548c <pwm_init+0x228>)
 80052c8:	6afa      	ldr	r2, [r7, #44]	; 0x2c
 80052ca:	4613      	mov	r3, r2
 80052cc:	005b      	lsls	r3, r3, #1
 80052ce:	4413      	add	r3, r2
 80052d0:	009b      	lsls	r3, r3, #2
 80052d2:	440b      	add	r3, r1
 80052d4:	3309      	adds	r3, #9
 80052d6:	2200      	movs	r2, #0
 80052d8:	701a      	strb	r2, [r3, #0]
        pwm_channels_config[i].value_default = 0; 
 80052da:	496c      	ldr	r1, [pc, #432]	; (800548c <pwm_init+0x228>)
 80052dc:	6afa      	ldr	r2, [r7, #44]	; 0x2c
 80052de:	4613      	mov	r3, r2
 80052e0:	005b      	lsls	r3, r3, #1
 80052e2:	4413      	add	r3, r2
 80052e4:	009b      	lsls	r3, r3, #2
 80052e6:	440b      	add	r3, r1
 80052e8:	3302      	adds	r3, #2
 80052ea:	2200      	movs	r2, #0
 80052ec:	701a      	strb	r2, [r3, #0]
    for(int i=0; i<PWM_CHANNEL_COUNT; i++){
 80052ee:	6afb      	ldr	r3, [r7, #44]	; 0x2c
 80052f0:	3301      	adds	r3, #1
 80052f2:	62fb      	str	r3, [r7, #44]	; 0x2c
 80052f4:	6afb      	ldr	r3, [r7, #44]	; 0x2c
 80052f6:	2b02      	cmp	r3, #2
 80052f8:	ddbd      	ble.n	8005276 <pwm_init+0x12>
    }
    // инициализация настройки вкл дисплея 
    display_enable_config.is_enabled = 0;
 80052fa:	4b65      	ldr	r3, [pc, #404]	; (8005490 <pwm_init+0x22c>)
 80052fc:	2200      	movs	r2, #0
 80052fe:	701a      	strb	r2, [r3, #0]
    display_enable_config.is_inverted = 0;
 8005300:	4b63      	ldr	r3, [pc, #396]	; (8005490 <pwm_init+0x22c>)
 8005302:	2200      	movs	r2, #0
 8005304:	705a      	strb	r2, [r3, #1]
    
    // читаем конфиг из flash и записываем в каналы 
    //дисплей
    const uint8_t display_default_brt = (uint8_t)getConfigParameter(cfg, CONFIG_INDEX_DISP_DEFAULT_BRT);
 8005306:	210a      	movs	r1, #10
 8005308:	6878      	ldr	r0, [r7, #4]
 800530a:	f7ff f810 	bl	800432e <getConfigParameter>
 800530e:	4603      	mov	r3, r0
 8005310:	f887 302b 	strb.w	r3, [r7, #43]	; 0x2b
    pwm_channels_config[PWM_CHANNEL_DISPLAY].value_default = display_default_brt;
 8005314:	4a5d      	ldr	r2, [pc, #372]	; (800548c <pwm_init+0x228>)
 8005316:	f897 302b 	ldrb.w	r3, [r7, #43]	; 0x2b
 800531a:	7393      	strb	r3, [r2, #14]
    const float display_max_brt = (float)(getConfigParameter(cfg, CONFIG_INDEX_DISP_MAX_BRT)&0xFF);
 800531c:	2109      	movs	r1, #9
 800531e:	6878      	ldr	r0, [r7, #4]
 8005320:	f7ff f805 	bl	800432e <getConfigParameter>
 8005324:	4603      	mov	r3, r0
 8005326:	b2db      	uxtb	r3, r3
 8005328:	4618      	mov	r0, r3
 800532a:	f000 ff13 	bl	8006154 <__aeabi_ui2f>
 800532e:	4603      	mov	r3, r0
 8005330:	627b      	str	r3, [r7, #36]	; 0x24
    pwm_channels_config[PWM_CHANNEL_DISPLAY].value_min = (getConfigParameter(cfg, CONFIG_INDEX_DISP_MIN_BRT)&0xFF);
 8005332:	2108      	movs	r1, #8
 8005334:	6878      	ldr	r0, [r7, #4]
 8005336:	f7fe fffa 	bl	800432e <getConfigParameter>
 800533a:	4603      	mov	r3, r0
 800533c:	b2da      	uxtb	r2, r3
 800533e:	4b53      	ldr	r3, [pc, #332]	; (800548c <pwm_init+0x228>)
 8005340:	735a      	strb	r2, [r3, #13]
    const float display_min_brt = (float)pwm_channels_config[PWM_CHANNEL_DISPLAY].value_min;
 8005342:	4b52      	ldr	r3, [pc, #328]	; (800548c <pwm_init+0x228>)
 8005344:	7b5b      	ldrb	r3, [r3, #13]
 8005346:	4618      	mov	r0, r3
 8005348:	f000 ff04 	bl	8006154 <__aeabi_ui2f>
 800534c:	4603      	mov	r3, r0
 800534e:	623b      	str	r3, [r7, #32]
    // считаем коэффициент коррекции
    pwm_channels_config[PWM_CHANNEL_DISPLAY].coef_correction = (display_max_brt-display_min_brt)/255.0f;
 8005350:	6a39      	ldr	r1, [r7, #32]
 8005352:	6a78      	ldr	r0, [r7, #36]	; 0x24
 8005354:	f000 fe4c 	bl	8005ff0 <__aeabi_fsub>
 8005358:	4603      	mov	r3, r0
 800535a:	494e      	ldr	r1, [pc, #312]	; (8005494 <pwm_init+0x230>)
 800535c:	4618      	mov	r0, r3
 800535e:	f001 f805 	bl	800636c <__aeabi_fdiv>
 8005362:	4603      	mov	r3, r0
 8005364:	461a      	mov	r2, r3
 8005366:	4b49      	ldr	r3, [pc, #292]	; (800548c <pwm_init+0x228>)
 8005368:	611a      	str	r2, [r3, #16]
    //кнопки
    const uint8_t button_default_brt = (uint8_t)getConfigParameter(cfg, CONFIG_INDEX_LED_DEFAULT_BRT);
 800536a:	2107      	movs	r1, #7
 800536c:	6878      	ldr	r0, [r7, #4]
 800536e:	f7fe ffde 	bl	800432e <getConfigParameter>
 8005372:	4603      	mov	r3, r0
 8005374:	77fb      	strb	r3, [r7, #31]
    pwm_channels_config[PWM_CHANNEL_BUTTON].value_default = button_default_brt;
 8005376:	4a45      	ldr	r2, [pc, #276]	; (800548c <pwm_init+0x228>)
 8005378:	7ffb      	ldrb	r3, [r7, #31]
 800537a:	7093      	strb	r3, [r2, #2]
    const float button_max_brt = (float)(getConfigParameter(cfg, CONFIG_INDEX_LED_MAX_BRT)&0xFF);
 800537c:	2106      	movs	r1, #6
 800537e:	6878      	ldr	r0, [r7, #4]
 8005380:	f7fe ffd5 	bl	800432e <getConfigParameter>
 8005384:	4603      	mov	r3, r0
 8005386:	b2db      	uxtb	r3, r3
 8005388:	4618      	mov	r0, r3
 800538a:	f000 fee3 	bl	8006154 <__aeabi_ui2f>
 800538e:	4603      	mov	r3, r0
 8005390:	61bb      	str	r3, [r7, #24]
    pwm_channels_config[PWM_CHANNEL_BUTTON].value_min = (getConfigParameter(cfg, CONFIG_INDEX_LED_MIN_BRT)&0xFF);   
 8005392:	2105      	movs	r1, #5
 8005394:	6878      	ldr	r0, [r7, #4]
 8005396:	f7fe ffca 	bl	800432e <getConfigParameter>
 800539a:	4603      	mov	r3, r0
 800539c:	b2da      	uxtb	r2, r3
 800539e:	4b3b      	ldr	r3, [pc, #236]	; (800548c <pwm_init+0x228>)
 80053a0:	705a      	strb	r2, [r3, #1]
    const float button_min_brt = pwm_channels_config[PWM_CHANNEL_BUTTON].value_min;
 80053a2:	4b3a      	ldr	r3, [pc, #232]	; (800548c <pwm_init+0x228>)
 80053a4:	785b      	ldrb	r3, [r3, #1]
 80053a6:	4618      	mov	r0, r3
 80053a8:	f000 fed4 	bl	8006154 <__aeabi_ui2f>
 80053ac:	4603      	mov	r3, r0
 80053ae:	617b      	str	r3, [r7, #20]
    // считаем коэффициент коррекции
    pwm_channels_config[PWM_CHANNEL_BUTTON].coef_correction = (button_max_brt-button_min_brt)/255.0f;
 80053b0:	6979      	ldr	r1, [r7, #20]
 80053b2:	69b8      	ldr	r0, [r7, #24]
 80053b4:	f000 fe1c 	bl	8005ff0 <__aeabi_fsub>
 80053b8:	4603      	mov	r3, r0
 80053ba:	4936      	ldr	r1, [pc, #216]	; (8005494 <pwm_init+0x230>)
 80053bc:	4618      	mov	r0, r3
 80053be:	f000 ffd5 	bl	800636c <__aeabi_fdiv>
 80053c2:	4603      	mov	r3, r0
 80053c4:	461a      	mov	r2, r3
 80053c6:	4b31      	ldr	r3, [pc, #196]	; (800548c <pwm_init+0x228>)
 80053c8:	605a      	str	r2, [r3, #4]

    // подсвет третьего канала 
    const uint8_t scale2_default_brt = (uint8_t)getConfigParameter(cfg, CONFIG_INDEX_SCALE2_BRT);
 80053ca:	2117      	movs	r1, #23
 80053cc:	6878      	ldr	r0, [r7, #4]
 80053ce:	f7fe ffae 	bl	800432e <getConfigParameter>
 80053d2:	4603      	mov	r3, r0
 80053d4:	74fb      	strb	r3, [r7, #19]
    pwm_channels_config[PWM_CHANNEL_SCALE2].value_default = scale2_default_brt;
 80053d6:	4a2d      	ldr	r2, [pc, #180]	; (800548c <pwm_init+0x228>)
 80053d8:	7cfb      	ldrb	r3, [r7, #19]
 80053da:	7693      	strb	r3, [r2, #26]
    const float scale2_max_brt =  (float)(getConfigParameter(cfg, CONFIG_INDEX_SCALE2_MAX)&0xFF);
 80053dc:	2118      	movs	r1, #24
 80053de:	6878      	ldr	r0, [r7, #4]
 80053e0:	f7fe ffa5 	bl	800432e <getConfigParameter>
 80053e4:	4603      	mov	r3, r0
 80053e6:	b2db      	uxtb	r3, r3
 80053e8:	4618      	mov	r0, r3
 80053ea:	f000 feb3 	bl	8006154 <__aeabi_ui2f>
 80053ee:	4603      	mov	r3, r0
 80053f0:	60fb      	str	r3, [r7, #12]
    pwm_channels_config[PWM_CHANNEL_SCALE2].value_min = (getConfigParameter(cfg, CONFIG_INDEX_SCALE2_MIN)&0xFF);   
 80053f2:	2119      	movs	r1, #25
 80053f4:	6878      	ldr	r0, [r7, #4]
 80053f6:	f7fe ff9a 	bl	800432e <getConfigParameter>
 80053fa:	4603      	mov	r3, r0
 80053fc:	b2da      	uxtb	r2, r3
 80053fe:	4b23      	ldr	r3, [pc, #140]	; (800548c <pwm_init+0x228>)
 8005400:	765a      	strb	r2, [r3, #25]
    const float scale2_min_brt = pwm_channels_config[PWM_CHANNEL_SCALE2].value_min;
 8005402:	4b22      	ldr	r3, [pc, #136]	; (800548c <pwm_init+0x228>)
 8005404:	7e5b      	ldrb	r3, [r3, #25]
 8005406:	4618      	mov	r0, r3
 8005408:	f000 fea4 	bl	8006154 <__aeabi_ui2f>
 800540c:	4603      	mov	r3, r0
 800540e:	60bb      	str	r3, [r7, #8]
    // считаем коэффициент коррекции
    pwm_channels_config[PWM_CHANNEL_SCALE2].coef_correction = (scale2_max_brt-scale2_min_brt)/255.0f;
 8005410:	68b9      	ldr	r1, [r7, #8]
 8005412:	68f8      	ldr	r0, [r7, #12]
 8005414:	f000 fdec 	bl	8005ff0 <__aeabi_fsub>
 8005418:	4603      	mov	r3, r0
 800541a:	491e      	ldr	r1, [pc, #120]	; (8005494 <pwm_init+0x230>)
 800541c:	4618      	mov	r0, r3
 800541e:	f000 ffa5 	bl	800636c <__aeabi_fdiv>
 8005422:	4603      	mov	r3, r0
 8005424:	461a      	mov	r2, r3
 8005426:	4b19      	ldr	r3, [pc, #100]	; (800548c <pwm_init+0x228>)
 8005428:	61da      	str	r2, [r3, #28]

    //включаем каналы
    pwm_channels_config[PWM_CHANNEL_BUTTON].is_enabled = true;
 800542a:	4b18      	ldr	r3, [pc, #96]	; (800548c <pwm_init+0x228>)
 800542c:	2201      	movs	r2, #1
 800542e:	725a      	strb	r2, [r3, #9]
    pwm_channels_config[PWM_CHANNEL_DISPLAY].is_enabled = true;
 8005430:	4b16      	ldr	r3, [pc, #88]	; (800548c <pwm_init+0x228>)
 8005432:	2201      	movs	r2, #1
 8005434:	755a      	strb	r2, [r3, #21]
    pwm_channels_config[PWM_CHANNEL_SCALE2].is_enabled = true;  
 8005436:	4b15      	ldr	r3, [pc, #84]	; (800548c <pwm_init+0x228>)
 8005438:	2201      	movs	r2, #1
 800543a:	f883 2021 	strb.w	r2, [r3, #33]	; 0x21
    display_enable_config.is_enabled = true;
 800543e:	4b14      	ldr	r3, [pc, #80]	; (8005490 <pwm_init+0x22c>)
 8005440:	2201      	movs	r2, #1
 8005442:	701a      	strb	r2, [r3, #0]
    // если назначен пин то  аппаратное управление включено 
    if (pin.MDR_PORTx == NULL) {
 8005444:	4b14      	ldr	r3, [pc, #80]	; (8005498 <pwm_init+0x234>)
 8005446:	681b      	ldr	r3, [r3, #0]
 8005448:	2b00      	cmp	r3, #0
 800544a:	d103      	bne.n	8005454 <pwm_init+0x1f0>
        display_enable_config.is_emulated_enable = true;
 800544c:	4b10      	ldr	r3, [pc, #64]	; (8005490 <pwm_init+0x22c>)
 800544e:	2201      	movs	r2, #1
 8005450:	709a      	strb	r2, [r3, #2]
 8005452:	e002      	b.n	800545a <pwm_init+0x1f6>
        
    } else {
        display_enable_config.is_emulated_enable = false; 
 8005454:	4b0e      	ldr	r3, [pc, #56]	; (8005490 <pwm_init+0x22c>)
 8005456:	2200      	movs	r2, #0
 8005458:	709a      	strb	r2, [r3, #2]
    }
    // устанавливаем значения 
    pwm_set_8bit_linear_value(PWM_CHANNEL_BUTTON, button_default_brt);
 800545a:	7ffb      	ldrb	r3, [r7, #31]
 800545c:	4619      	mov	r1, r3
 800545e:	2000      	movs	r0, #0
 8005460:	f000 f83c 	bl	80054dc <pwm_set_8bit_linear_value>
    pwm_set_8bit_linear_value(PWM_CHANNEL_DISPLAY, display_default_brt);
 8005464:	f897 302b 	ldrb.w	r3, [r7, #43]	; 0x2b
 8005468:	4619      	mov	r1, r3
 800546a:	2001      	movs	r0, #1
 800546c:	f000 f836 	bl	80054dc <pwm_set_8bit_linear_value>
    pwm_set_8bit_linear_value(PWM_CHANNEL_SCALE2, scale2_default_brt);
 8005470:	7cfb      	ldrb	r3, [r7, #19]
 8005472:	4619      	mov	r1, r3
 8005474:	2002      	movs	r0, #2
 8005476:	f000 f831 	bl	80054dc <pwm_set_8bit_linear_value>
    pwm_set_display_enable(DISPLAY_ON);
 800547a:	2000      	movs	r0, #0
 800547c:	f000 f8de 	bl	800563c <pwm_set_display_enable>

    return PWM_OK;
 8005480:	2300      	movs	r3, #0
}
 8005482:	4618      	mov	r0, r3
 8005484:	3730      	adds	r7, #48	; 0x30
 8005486:	46bd      	mov	sp, r7
 8005488:	bd80      	pop	{r7, pc}
 800548a:	bf00      	nop
 800548c:	2000112c 	.word	0x2000112c
 8005490:	20001150 	.word	0x20001150
 8005494:	437f0000 	.word	0x437f0000
 8005498:	20000700 	.word	0x20000700

0800549c <pwm_set_inverted>:
}
Display_enable_config_t* pwm_get_display_enable_config(){
    return &display_enable_config;
}

PwmStatus_t pwm_set_inverted(PwmChannel_t channel, bool is_inverted){
 800549c:	b480      	push	{r7}
 800549e:	b083      	sub	sp, #12
 80054a0:	af00      	add	r7, sp, #0
 80054a2:	4603      	mov	r3, r0
 80054a4:	460a      	mov	r2, r1
 80054a6:	71fb      	strb	r3, [r7, #7]
 80054a8:	4613      	mov	r3, r2
 80054aa:	71bb      	strb	r3, [r7, #6]
    if(channel >= PWM_CHANNEL_COUNT){
 80054ac:	79fb      	ldrb	r3, [r7, #7]
 80054ae:	2b02      	cmp	r3, #2
 80054b0:	d901      	bls.n	80054b6 <pwm_set_inverted+0x1a>
        return PWW_ERROR;
 80054b2:	2301      	movs	r3, #1
 80054b4:	e00a      	b.n	80054cc <pwm_set_inverted+0x30>
    }
    pwm_channels_config[channel].is_inverted = is_inverted;
 80054b6:	79fa      	ldrb	r2, [r7, #7]
 80054b8:	4907      	ldr	r1, [pc, #28]	; (80054d8 <pwm_set_inverted+0x3c>)
 80054ba:	4613      	mov	r3, r2
 80054bc:	005b      	lsls	r3, r3, #1
 80054be:	4413      	add	r3, r2
 80054c0:	009b      	lsls	r3, r3, #2
 80054c2:	440b      	add	r3, r1
 80054c4:	3308      	adds	r3, #8
 80054c6:	79ba      	ldrb	r2, [r7, #6]
 80054c8:	701a      	strb	r2, [r3, #0]
    return PWM_OK;
 80054ca:	2300      	movs	r3, #0
}
 80054cc:	4618      	mov	r0, r3
 80054ce:	370c      	adds	r7, #12
 80054d0:	46bd      	mov	sp, r7
 80054d2:	bc80      	pop	{r7}
 80054d4:	4770      	bx	lr
 80054d6:	bf00      	nop
 80054d8:	2000112c 	.word	0x2000112c

080054dc <pwm_set_8bit_linear_value>:


// установка значения с коррекцией
PwmStatus_t pwm_set_8bit_linear_value(PwmChannel_t channel, uint8_t value){
 80054dc:	b590      	push	{r4, r7, lr}
 80054de:	b085      	sub	sp, #20
 80054e0:	af00      	add	r7, sp, #0
 80054e2:	4603      	mov	r3, r0
 80054e4:	460a      	mov	r2, r1
 80054e6:	71fb      	strb	r3, [r7, #7]
 80054e8:	4613      	mov	r3, r2
 80054ea:	71bb      	strb	r3, [r7, #6]
    if(channel >= PWM_CHANNEL_COUNT){
 80054ec:	79fb      	ldrb	r3, [r7, #7]
 80054ee:	2b02      	cmp	r3, #2
 80054f0:	d901      	bls.n	80054f6 <pwm_set_8bit_linear_value+0x1a>
        return PWW_ERROR;
 80054f2:	2301      	movs	r3, #1
 80054f4:	e04d      	b.n	8005592 <pwm_set_8bit_linear_value+0xb6>
    }
    // если канал выключен выходим 
    if(pwm_channels_config[channel].is_enabled == false){ return PWM_OFF; }
 80054f6:	79fa      	ldrb	r2, [r7, #7]
 80054f8:	4928      	ldr	r1, [pc, #160]	; (800559c <pwm_set_8bit_linear_value+0xc0>)
 80054fa:	4613      	mov	r3, r2
 80054fc:	005b      	lsls	r3, r3, #1
 80054fe:	4413      	add	r3, r2
 8005500:	009b      	lsls	r3, r3, #2
 8005502:	440b      	add	r3, r1
 8005504:	3309      	adds	r3, #9
 8005506:	781b      	ldrb	r3, [r3, #0]
 8005508:	f083 0301 	eor.w	r3, r3, #1
 800550c:	b2db      	uxtb	r3, r3
 800550e:	2b00      	cmp	r3, #0
 8005510:	d001      	beq.n	8005516 <pwm_set_8bit_linear_value+0x3a>
 8005512:	2302      	movs	r3, #2
 8005514:	e03d      	b.n	8005592 <pwm_set_8bit_linear_value+0xb6>

    // приводим к реальному диапазону 
    float value_normalize_f = ((float)pwm_channels_config[channel].value_min) + 
 8005516:	79fa      	ldrb	r2, [r7, #7]
 8005518:	4920      	ldr	r1, [pc, #128]	; (800559c <pwm_set_8bit_linear_value+0xc0>)
 800551a:	4613      	mov	r3, r2
 800551c:	005b      	lsls	r3, r3, #1
 800551e:	4413      	add	r3, r2
 8005520:	009b      	lsls	r3, r3, #2
 8005522:	440b      	add	r3, r1
 8005524:	3301      	adds	r3, #1
 8005526:	781b      	ldrb	r3, [r3, #0]
 8005528:	4618      	mov	r0, r3
 800552a:	f000 fe13 	bl	8006154 <__aeabi_ui2f>
 800552e:	4604      	mov	r4, r0
                        ((float) value * pwm_channels_config[channel].coef_correction);
 8005530:	79bb      	ldrb	r3, [r7, #6]
 8005532:	4618      	mov	r0, r3
 8005534:	f000 fe0e 	bl	8006154 <__aeabi_ui2f>
 8005538:	79fa      	ldrb	r2, [r7, #7]
 800553a:	4918      	ldr	r1, [pc, #96]	; (800559c <pwm_set_8bit_linear_value+0xc0>)
 800553c:	4613      	mov	r3, r2
 800553e:	005b      	lsls	r3, r3, #1
 8005540:	4413      	add	r3, r2
 8005542:	009b      	lsls	r3, r3, #2
 8005544:	440b      	add	r3, r1
 8005546:	3304      	adds	r3, #4
 8005548:	681b      	ldr	r3, [r3, #0]
 800554a:	4619      	mov	r1, r3
 800554c:	f000 fe5a 	bl	8006204 <__aeabi_fmul>
 8005550:	4603      	mov	r3, r0
    float value_normalize_f = ((float)pwm_channels_config[channel].value_min) + 
 8005552:	4619      	mov	r1, r3
 8005554:	4620      	mov	r0, r4
 8005556:	f000 fd4d 	bl	8005ff4 <__addsf3>
 800555a:	4603      	mov	r3, r0
 800555c:	60fb      	str	r3, [r7, #12]
    uint8_t value_normalize = (uint8_t)value_normalize_f;
 800555e:	68f8      	ldr	r0, [r7, #12]
 8005560:	f000 ffa0 	bl	80064a4 <__aeabi_f2uiz>
 8005564:	4603      	mov	r3, r0
 8005566:	72fb      	strb	r3, [r7, #11]
    // коррекция яркости 
    uint16_t value_real = linearization[(uint8_t)value_normalize];
 8005568:	7afb      	ldrb	r3, [r7, #11]
 800556a:	4a0d      	ldr	r2, [pc, #52]	; (80055a0 <pwm_set_8bit_linear_value+0xc4>)
 800556c:	f832 3013 	ldrh.w	r3, [r2, r3, lsl #1]
 8005570:	813b      	strh	r3, [r7, #8]
    // сохраняем записанное значение
    pwm_channels_config[channel].value = value;
 8005572:	79fa      	ldrb	r2, [r7, #7]
 8005574:	4909      	ldr	r1, [pc, #36]	; (800559c <pwm_set_8bit_linear_value+0xc0>)
 8005576:	4613      	mov	r3, r2
 8005578:	005b      	lsls	r3, r3, #1
 800557a:	4413      	add	r3, r2
 800557c:	009b      	lsls	r3, r3, #2
 800557e:	440b      	add	r3, r1
 8005580:	79ba      	ldrb	r2, [r7, #6]
 8005582:	701a      	strb	r2, [r3, #0]
    // установка значения 
    return _pwm_set_value(channel, value_real);
 8005584:	893a      	ldrh	r2, [r7, #8]
 8005586:	79fb      	ldrb	r3, [r7, #7]
 8005588:	4611      	mov	r1, r2
 800558a:	4618      	mov	r0, r3
 800558c:	f7ff fe24 	bl	80051d8 <_pwm_set_value>
 8005590:	4603      	mov	r3, r0
}
 8005592:	4618      	mov	r0, r3
 8005594:	3714      	adds	r7, #20
 8005596:	46bd      	mov	sp, r7
 8005598:	bd90      	pop	{r4, r7, pc}
 800559a:	bf00      	nop
 800559c:	2000112c 	.word	0x2000112c
 80055a0:	08006714 	.word	0x08006714

080055a4 <pwm_set_8bit_absolute_value>:

// устновка значения без коррекции (абсолютное значение)
PwmStatus_t pwm_set_8bit_absolute_value(PwmChannel_t channel, uint8_t value){
 80055a4:	b580      	push	{r7, lr}
 80055a6:	b084      	sub	sp, #16
 80055a8:	af00      	add	r7, sp, #0
 80055aa:	4603      	mov	r3, r0
 80055ac:	460a      	mov	r2, r1
 80055ae:	71fb      	strb	r3, [r7, #7]
 80055b0:	4613      	mov	r3, r2
 80055b2:	71bb      	strb	r3, [r7, #6]
    if(channel >= PWM_CHANNEL_COUNT){
 80055b4:	79fb      	ldrb	r3, [r7, #7]
 80055b6:	2b02      	cmp	r3, #2
 80055b8:	d901      	bls.n	80055be <pwm_set_8bit_absolute_value+0x1a>
        return PWW_ERROR;
 80055ba:	2301      	movs	r3, #1
 80055bc:	e033      	b.n	8005626 <pwm_set_8bit_absolute_value+0x82>
    }
    // если канал выключен выходим 
    if(pwm_channels_config[channel].is_enabled == false){ return PWM_OFF; }
 80055be:	79fa      	ldrb	r2, [r7, #7]
 80055c0:	491b      	ldr	r1, [pc, #108]	; (8005630 <pwm_set_8bit_absolute_value+0x8c>)
 80055c2:	4613      	mov	r3, r2
 80055c4:	005b      	lsls	r3, r3, #1
 80055c6:	4413      	add	r3, r2
 80055c8:	009b      	lsls	r3, r3, #2
 80055ca:	440b      	add	r3, r1
 80055cc:	3309      	adds	r3, #9
 80055ce:	781b      	ldrb	r3, [r3, #0]
 80055d0:	f083 0301 	eor.w	r3, r3, #1
 80055d4:	b2db      	uxtb	r3, r3
 80055d6:	2b00      	cmp	r3, #0
 80055d8:	d001      	beq.n	80055de <pwm_set_8bit_absolute_value+0x3a>
 80055da:	2302      	movs	r3, #2
 80055dc:	e023      	b.n	8005626 <pwm_set_8bit_absolute_value+0x82>
    
    pwm_channels_config[channel].value = value;
 80055de:	79fa      	ldrb	r2, [r7, #7]
 80055e0:	4913      	ldr	r1, [pc, #76]	; (8005630 <pwm_set_8bit_absolute_value+0x8c>)
 80055e2:	4613      	mov	r3, r2
 80055e4:	005b      	lsls	r3, r3, #1
 80055e6:	4413      	add	r3, r2
 80055e8:	009b      	lsls	r3, r3, #2
 80055ea:	440b      	add	r3, r1
 80055ec:	79ba      	ldrb	r2, [r7, #6]
 80055ee:	701a      	strb	r2, [r3, #0]
    
    uint16_t value_real = (uint16_t)((((float)value)/255.0f) * PWM_MAX_VALUE);
 80055f0:	79bb      	ldrb	r3, [r7, #6]
 80055f2:	4618      	mov	r0, r3
 80055f4:	f000 fdae 	bl	8006154 <__aeabi_ui2f>
 80055f8:	4603      	mov	r3, r0
 80055fa:	490e      	ldr	r1, [pc, #56]	; (8005634 <pwm_set_8bit_absolute_value+0x90>)
 80055fc:	4618      	mov	r0, r3
 80055fe:	f000 feb5 	bl	800636c <__aeabi_fdiv>
 8005602:	4603      	mov	r3, r0
 8005604:	490c      	ldr	r1, [pc, #48]	; (8005638 <pwm_set_8bit_absolute_value+0x94>)
 8005606:	4618      	mov	r0, r3
 8005608:	f000 fdfc 	bl	8006204 <__aeabi_fmul>
 800560c:	4603      	mov	r3, r0
 800560e:	4618      	mov	r0, r3
 8005610:	f000 ff48 	bl	80064a4 <__aeabi_f2uiz>
 8005614:	4603      	mov	r3, r0
 8005616:	81fb      	strh	r3, [r7, #14]

    // установка значения 
    return _pwm_set_value(channel, value_real);
 8005618:	89fa      	ldrh	r2, [r7, #14]
 800561a:	79fb      	ldrb	r3, [r7, #7]
 800561c:	4611      	mov	r1, r2
 800561e:	4618      	mov	r0, r3
 8005620:	f7ff fdda 	bl	80051d8 <_pwm_set_value>
 8005624:	4603      	mov	r3, r0
} 
 8005626:	4618      	mov	r0, r3
 8005628:	3710      	adds	r7, #16
 800562a:	46bd      	mov	sp, r7
 800562c:	bd80      	pop	{r7, pc}
 800562e:	bf00      	nop
 8005630:	2000112c 	.word	0x2000112c
 8005634:	437f0000 	.word	0x437f0000
 8005638:	457ff000 	.word	0x457ff000

0800563c <pwm_set_display_enable>:


PwmStatus_t pwm_set_display_enable(Display_command_t command){
 800563c:	b580      	push	{r7, lr}
 800563e:	b084      	sub	sp, #16
 8005640:	af00      	add	r7, sp, #0
 8005642:	4603      	mov	r3, r0
 8005644:	71fb      	strb	r3, [r7, #7]
    if (display_enable_config.is_enabled == false){
 8005646:	4b1b      	ldr	r3, [pc, #108]	; (80056b4 <pwm_set_display_enable+0x78>)
 8005648:	781b      	ldrb	r3, [r3, #0]
 800564a:	f083 0301 	eor.w	r3, r3, #1
 800564e:	b2db      	uxtb	r3, r3
 8005650:	2b00      	cmp	r3, #0
 8005652:	d001      	beq.n	8005658 <pwm_set_display_enable+0x1c>
        return PWM_OFF;
 8005654:	2302      	movs	r3, #2
 8005656:	e029      	b.n	80056ac <pwm_set_display_enable+0x70>
    };
    //имеется аппаратный пин вкл/выкл дисплея
    if (display_enable_config.is_emulated_enable == false){
 8005658:	4b16      	ldr	r3, [pc, #88]	; (80056b4 <pwm_set_display_enable+0x78>)
 800565a:	789b      	ldrb	r3, [r3, #2]
 800565c:	f083 0301 	eor.w	r3, r3, #1
 8005660:	b2db      	uxtb	r3, r3
 8005662:	2b00      	cmp	r3, #0
 8005664:	d00b      	beq.n	800567e <pwm_set_display_enable+0x42>
        #ifdef DISPLAY_ENABLE_COMMAND_ON
        GPIO_WritePin(&pin, command == DISPLAY_ON);
 8005666:	79fb      	ldrb	r3, [r7, #7]
 8005668:	2b00      	cmp	r3, #0
 800566a:	bf0c      	ite	eq
 800566c:	2301      	moveq	r3, #1
 800566e:	2300      	movne	r3, #0
 8005670:	b2db      	uxtb	r3, r3
 8005672:	4619      	mov	r1, r3
 8005674:	4810      	ldr	r0, [pc, #64]	; (80056b8 <pwm_set_display_enable+0x7c>)
 8005676:	f7ff fbf2 	bl	8004e5e <GPIO_WritePin>
        #endif
        return PWM_OK; 
 800567a:	2300      	movs	r3, #0
 800567c:	e016      	b.n	80056ac <pwm_set_display_enable+0x70>
    } else { 
        // аппаратного пина нет 
        PwmStatus_t status = PWM_OFF; 
 800567e:	2302      	movs	r3, #2
 8005680:	73fb      	strb	r3, [r7, #15]
        #if defined(TMR2_ON) || defined(TMR3_ON)
        // гасим яркость при отключении, и возращаем при включении 
        uint8_t new_value_8 = (command == DISPLAY_ON) ? pwm_channels_config[PWM_CHANNEL_DISPLAY].value : 0;
 8005682:	79fb      	ldrb	r3, [r7, #7]
 8005684:	2b00      	cmp	r3, #0
 8005686:	d102      	bne.n	800568e <pwm_set_display_enable+0x52>
 8005688:	4b0c      	ldr	r3, [pc, #48]	; (80056bc <pwm_set_display_enable+0x80>)
 800568a:	7b1b      	ldrb	r3, [r3, #12]
 800568c:	e000      	b.n	8005690 <pwm_set_display_enable+0x54>
 800568e:	2300      	movs	r3, #0
 8005690:	73bb      	strb	r3, [r7, #14]
        uint16_t new_value_16 = linearization[new_value_8];
 8005692:	7bbb      	ldrb	r3, [r7, #14]
 8005694:	4a0a      	ldr	r2, [pc, #40]	; (80056c0 <pwm_set_display_enable+0x84>)
 8005696:	f832 3013 	ldrh.w	r3, [r2, r3, lsl #1]
 800569a:	81bb      	strh	r3, [r7, #12]
        status = _pwm_set_value(PWM_CHANNEL_DISPLAY, new_value_16);
 800569c:	89bb      	ldrh	r3, [r7, #12]
 800569e:	4619      	mov	r1, r3
 80056a0:	2001      	movs	r0, #1
 80056a2:	f7ff fd99 	bl	80051d8 <_pwm_set_value>
 80056a6:	4603      	mov	r3, r0
 80056a8:	73fb      	strb	r3, [r7, #15]
        #endif
        return status; 
 80056aa:	7bfb      	ldrb	r3, [r7, #15]
    }
    
    
 80056ac:	4618      	mov	r0, r3
 80056ae:	3710      	adds	r7, #16
 80056b0:	46bd      	mov	sp, r7
 80056b2:	bd80      	pop	{r7, pc}
 80056b4:	20001150 	.word	0x20001150
 80056b8:	20000700 	.word	0x20000700
 80056bc:	2000112c 	.word	0x2000112c
 80056c0:	08006714 	.word	0x08006714

080056c4 <nopDelay>:
    return reverse_table[value];
}

// Простейшая функция задержки через NOP 
void nopDelay(int waitTicks)
{
 80056c4:	b480      	push	{r7}
 80056c6:	b085      	sub	sp, #20
 80056c8:	af00      	add	r7, sp, #0
 80056ca:	6078      	str	r0, [r7, #4]
  int i;
  for (i = 0; i < waitTicks; i++) {
 80056cc:	2300      	movs	r3, #0
 80056ce:	60fb      	str	r3, [r7, #12]
 80056d0:	e004      	b.n	80056dc <nopDelay+0x18>
  __ASM volatile ("nop");
 80056d2:	bf00      	nop
}
 80056d4:	bf00      	nop
 80056d6:	68fb      	ldr	r3, [r7, #12]
 80056d8:	3301      	adds	r3, #1
 80056da:	60fb      	str	r3, [r7, #12]
 80056dc:	68fa      	ldr	r2, [r7, #12]
 80056de:	687b      	ldr	r3, [r7, #4]
 80056e0:	429a      	cmp	r2, r3
 80056e2:	dbf6      	blt.n	80056d2 <nopDelay+0xe>
    __NOP();
  }
}
 80056e4:	bf00      	nop
 80056e6:	bf00      	nop
 80056e8:	3714      	adds	r7, #20
 80056ea:	46bd      	mov	sp, r7
 80056ec:	bc80      	pop	{r7}
 80056ee:	4770      	bx	lr

080056f0 <IncTick>:

/******************SysTimer************************/
// задержка по системному таймеру 
void IncTick(void)
{
 80056f0:	b480      	push	{r7}
 80056f2:	af00      	add	r7, sp, #0
    uwTick ++; 
 80056f4:	4b04      	ldr	r3, [pc, #16]	; (8005708 <IncTick+0x18>)
 80056f6:	681b      	ldr	r3, [r3, #0]
 80056f8:	3301      	adds	r3, #1
 80056fa:	4a03      	ldr	r2, [pc, #12]	; (8005708 <IncTick+0x18>)
 80056fc:	6013      	str	r3, [r2, #0]
}
 80056fe:	bf00      	nop
 8005700:	46bd      	mov	sp, r7
 8005702:	bc80      	pop	{r7}
 8005704:	4770      	bx	lr
 8005706:	bf00      	nop
 8005708:	20001154 	.word	0x20001154

0800570c <SysTick_Handler>:
  {
  }
}

void SysTick_Handler()
{
 800570c:	b580      	push	{r7, lr}
 800570e:	af00      	add	r7, sp, #0
	IncTick(); 	
 8005710:	f7ff ffee 	bl	80056f0 <IncTick>
}
 8005714:	bf00      	nop
 8005716:	bd80      	pop	{r7, pc}

08005718 <reverseBytes>:

//
// Функция для переворота байтов в 32-битном слове
uint32_t reverseBytes(uint32_t value) {
 8005718:	b480      	push	{r7}
 800571a:	b083      	sub	sp, #12
 800571c:	af00      	add	r7, sp, #0
 800571e:	6078      	str	r0, [r7, #4]
    return ((value & 0x000000FF) << 24) |
 8005720:	687b      	ldr	r3, [r7, #4]
 8005722:	061a      	lsls	r2, r3, #24
           ((value & 0x0000FF00) << 8) |
 8005724:	687b      	ldr	r3, [r7, #4]
 8005726:	021b      	lsls	r3, r3, #8
 8005728:	f403 037f 	and.w	r3, r3, #16711680	; 0xff0000
    return ((value & 0x000000FF) << 24) |
 800572c:	431a      	orrs	r2, r3
           ((value & 0x00FF0000) >> 8) |
 800572e:	687b      	ldr	r3, [r7, #4]
 8005730:	0a1b      	lsrs	r3, r3, #8
 8005732:	f403 437f 	and.w	r3, r3, #65280	; 0xff00
           ((value & 0x0000FF00) << 8) |
 8005736:	431a      	orrs	r2, r3
           ((value & 0xFF000000) >> 24);
 8005738:	687b      	ldr	r3, [r7, #4]
 800573a:	0e1b      	lsrs	r3, r3, #24
           ((value & 0x00FF0000) >> 8) |
 800573c:	4313      	orrs	r3, r2

}
 800573e:	4618      	mov	r0, r3
 8005740:	370c      	adds	r7, #12
 8005742:	46bd      	mov	sp, r7
 8005744:	bc80      	pop	{r7}
 8005746:	4770      	bx	lr

08005748 <btn_read_all_mask>:
static uint32_t debounced_state = 0; //маска для текущего стабильного состояния
static uint32_t pending_events = 0; //маска для новых событий 
static uint8_t debounce_counters[SINGLE_BUTTON_MAX_COUNT]; // cчетчик дребезга

// вспомогательные функции 
static inline uint32_t btn_read_all_mask(void){
 8005748:	b580      	push	{r7, lr}
 800574a:	b082      	sub	sp, #8
 800574c:	af00      	add	r7, sp, #0
    uint32_t mask = 0;
 800574e:	2300      	movs	r3, #0
 8005750:	607b      	str	r3, [r7, #4]
    // используем внешний массив gpio_pins b current_actual_count
    for(btn_id_t i = 0; i < current_actual_count; i++){
 8005752:	2300      	movs	r3, #0
 8005754:	70fb      	strb	r3, [r7, #3]
 8005756:	e028      	b.n	80057aa <btn_read_all_mask+0x62>
        if(p_internal_enabled_flags && !p_internal_enabled_flags[i]) continue;
 8005758:	4b19      	ldr	r3, [pc, #100]	; (80057c0 <btn_read_all_mask+0x78>)
 800575a:	681b      	ldr	r3, [r3, #0]
 800575c:	2b00      	cmp	r3, #0
 800575e:	d009      	beq.n	8005774 <btn_read_all_mask+0x2c>
 8005760:	4b17      	ldr	r3, [pc, #92]	; (80057c0 <btn_read_all_mask+0x78>)
 8005762:	681a      	ldr	r2, [r3, #0]
 8005764:	78fb      	ldrb	r3, [r7, #3]
 8005766:	4413      	add	r3, r2
 8005768:	781b      	ldrb	r3, [r3, #0]
 800576a:	f083 0301 	eor.w	r3, r3, #1
 800576e:	b2db      	uxtb	r3, r3
 8005770:	2b00      	cmp	r3, #0
 8005772:	d116      	bne.n	80057a2 <btn_read_all_mask+0x5a>
        //если кнопка включена
        if(GPIO_ReadPin(&p_internal_gpio_array[i])){ mask |= (1 << i); }
 8005774:	4b13      	ldr	r3, [pc, #76]	; (80057c4 <btn_read_all_mask+0x7c>)
 8005776:	6819      	ldr	r1, [r3, #0]
 8005778:	78fa      	ldrb	r2, [r7, #3]
 800577a:	4613      	mov	r3, r2
 800577c:	005b      	lsls	r3, r3, #1
 800577e:	4413      	add	r3, r2
 8005780:	009b      	lsls	r3, r3, #2
 8005782:	440b      	add	r3, r1
 8005784:	4618      	mov	r0, r3
 8005786:	f7ff fbab 	bl	8004ee0 <GPIO_ReadPin>
 800578a:	4603      	mov	r3, r0
 800578c:	2b00      	cmp	r3, #0
 800578e:	d009      	beq.n	80057a4 <btn_read_all_mask+0x5c>
 8005790:	78fb      	ldrb	r3, [r7, #3]
 8005792:	2201      	movs	r2, #1
 8005794:	fa02 f303 	lsl.w	r3, r2, r3
 8005798:	461a      	mov	r2, r3
 800579a:	687b      	ldr	r3, [r7, #4]
 800579c:	4313      	orrs	r3, r2
 800579e:	607b      	str	r3, [r7, #4]
 80057a0:	e000      	b.n	80057a4 <btn_read_all_mask+0x5c>
        if(p_internal_enabled_flags && !p_internal_enabled_flags[i]) continue;
 80057a2:	bf00      	nop
    for(btn_id_t i = 0; i < current_actual_count; i++){
 80057a4:	78fb      	ldrb	r3, [r7, #3]
 80057a6:	3301      	adds	r3, #1
 80057a8:	70fb      	strb	r3, [r7, #3]
 80057aa:	4b07      	ldr	r3, [pc, #28]	; (80057c8 <btn_read_all_mask+0x80>)
 80057ac:	781b      	ldrb	r3, [r3, #0]
 80057ae:	78fa      	ldrb	r2, [r7, #3]
 80057b0:	429a      	cmp	r2, r3
 80057b2:	d3d1      	bcc.n	8005758 <btn_read_all_mask+0x10>
    }
    return mask;
 80057b4:	687b      	ldr	r3, [r7, #4]
}
 80057b6:	4618      	mov	r0, r3
 80057b8:	3708      	adds	r7, #8
 80057ba:	46bd      	mov	sp, r7
 80057bc:	bd80      	pop	{r7, pc}
 80057be:	bf00      	nop
 80057c0:	2000115c 	.word	0x2000115c
 80057c4:	20001158 	.word	0x20001158
 80057c8:	20001164 	.word	0x20001164

080057cc <btn_debounce_bit>:

static inline bool btn_debounce_bit(uint32_t bit_mask, bool raw_value, btn_id_t idx) {
 80057cc:	b480      	push	{r7}
 80057ce:	b085      	sub	sp, #20
 80057d0:	af00      	add	r7, sp, #0
 80057d2:	6078      	str	r0, [r7, #4]
 80057d4:	460b      	mov	r3, r1
 80057d6:	70fb      	strb	r3, [r7, #3]
 80057d8:	4613      	mov	r3, r2
 80057da:	70bb      	strb	r3, [r7, #2]
    bool current = (debounced_state & bit_mask ) != 0;  
 80057dc:	4b1f      	ldr	r3, [pc, #124]	; (800585c <btn_debounce_bit+0x90>)
 80057de:	681a      	ldr	r2, [r3, #0]
 80057e0:	687b      	ldr	r3, [r7, #4]
 80057e2:	4013      	ands	r3, r2
 80057e4:	2b00      	cmp	r3, #0
 80057e6:	bf14      	ite	ne
 80057e8:	2301      	movne	r3, #1
 80057ea:	2300      	moveq	r3, #0
 80057ec:	73fb      	strb	r3, [r7, #15]

    if (raw_value == current) {
 80057ee:	78fa      	ldrb	r2, [r7, #3]
 80057f0:	7bfb      	ldrb	r3, [r7, #15]
 80057f2:	429a      	cmp	r2, r3
 80057f4:	d104      	bne.n	8005800 <btn_debounce_bit+0x34>
        debounce_counters[idx] = 0; // стабильное состояние 
 80057f6:	78bb      	ldrb	r3, [r7, #2]
 80057f8:	4a19      	ldr	r2, [pc, #100]	; (8005860 <btn_debounce_bit+0x94>)
 80057fa:	2100      	movs	r1, #0
 80057fc:	54d1      	strb	r1, [r2, r3]
 80057fe:	e027      	b.n	8005850 <btn_debounce_bit+0x84>
    } else {
        if (++debounce_counters[idx] >= BTN_DEBOUNCE_CONFIRM) {
 8005800:	78bb      	ldrb	r3, [r7, #2]
 8005802:	4a17      	ldr	r2, [pc, #92]	; (8005860 <btn_debounce_bit+0x94>)
 8005804:	5cd2      	ldrb	r2, [r2, r3]
 8005806:	3201      	adds	r2, #1
 8005808:	b2d1      	uxtb	r1, r2
 800580a:	4a15      	ldr	r2, [pc, #84]	; (8005860 <btn_debounce_bit+0x94>)
 800580c:	54d1      	strb	r1, [r2, r3]
 800580e:	4a14      	ldr	r2, [pc, #80]	; (8005860 <btn_debounce_bit+0x94>)
 8005810:	5cd3      	ldrb	r3, [r2, r3]
 8005812:	2b02      	cmp	r3, #2
 8005814:	d91c      	bls.n	8005850 <btn_debounce_bit+0x84>
            // Подтверждено изменение
            if(raw_value){
 8005816:	78fb      	ldrb	r3, [r7, #3]
 8005818:	2b00      	cmp	r3, #0
 800581a:	d006      	beq.n	800582a <btn_debounce_bit+0x5e>
                debounced_state |= bit_mask; // установить 
 800581c:	4b0f      	ldr	r3, [pc, #60]	; (800585c <btn_debounce_bit+0x90>)
 800581e:	681a      	ldr	r2, [r3, #0]
 8005820:	687b      	ldr	r3, [r7, #4]
 8005822:	4313      	orrs	r3, r2
 8005824:	4a0d      	ldr	r2, [pc, #52]	; (800585c <btn_debounce_bit+0x90>)
 8005826:	6013      	str	r3, [r2, #0]
 8005828:	e006      	b.n	8005838 <btn_debounce_bit+0x6c>
            }
            else{
                debounced_state &= ~bit_mask; // сбросить
 800582a:	687b      	ldr	r3, [r7, #4]
 800582c:	43da      	mvns	r2, r3
 800582e:	4b0b      	ldr	r3, [pc, #44]	; (800585c <btn_debounce_bit+0x90>)
 8005830:	681b      	ldr	r3, [r3, #0]
 8005832:	4013      	ands	r3, r2
 8005834:	4a09      	ldr	r2, [pc, #36]	; (800585c <btn_debounce_bit+0x90>)
 8005836:	6013      	str	r3, [r2, #0]
            }
            pending_events |= bit_mask; // устанавливаем событие
 8005838:	4b0a      	ldr	r3, [pc, #40]	; (8005864 <btn_debounce_bit+0x98>)
 800583a:	681a      	ldr	r2, [r3, #0]
 800583c:	687b      	ldr	r3, [r7, #4]
 800583e:	4313      	orrs	r3, r2
 8005840:	4a08      	ldr	r2, [pc, #32]	; (8005864 <btn_debounce_bit+0x98>)
 8005842:	6013      	str	r3, [r2, #0]
            debounce_counters[idx] = 0;
 8005844:	78bb      	ldrb	r3, [r7, #2]
 8005846:	4a06      	ldr	r2, [pc, #24]	; (8005860 <btn_debounce_bit+0x94>)
 8005848:	2100      	movs	r1, #0
 800584a:	54d1      	strb	r1, [r2, r3]
            return true; // состояние изменилось 
 800584c:	2301      	movs	r3, #1
 800584e:	e000      	b.n	8005852 <btn_debounce_bit+0x86>
        }
    }
    return false;
 8005850:	2300      	movs	r3, #0
}
 8005852:	4618      	mov	r0, r3
 8005854:	3714      	adds	r7, #20
 8005856:	46bd      	mov	sp, r7
 8005858:	bc80      	pop	{r7}
 800585a:	4770      	bx	lr
 800585c:	20001168 	.word	0x20001168
 8005860:	20001170 	.word	0x20001170
 8005864:	2000116c 	.word	0x2000116c

08005868 <init_pins>:

void init_pins(void){
 8005868:	b580      	push	{r7, lr}
 800586a:	b082      	sub	sp, #8
 800586c:	af00      	add	r7, sp, #0
    for(btn_id_t i = 0; i < current_actual_count; i++){
 800586e:	2300      	movs	r3, #0
 8005870:	71fb      	strb	r3, [r7, #7]
 8005872:	e00d      	b.n	8005890 <init_pins+0x28>
        GPIO_InitInput(&p_internal_gpio_array[i]);
 8005874:	4b0b      	ldr	r3, [pc, #44]	; (80058a4 <init_pins+0x3c>)
 8005876:	6819      	ldr	r1, [r3, #0]
 8005878:	79fa      	ldrb	r2, [r7, #7]
 800587a:	4613      	mov	r3, r2
 800587c:	005b      	lsls	r3, r3, #1
 800587e:	4413      	add	r3, r2
 8005880:	009b      	lsls	r3, r3, #2
 8005882:	440b      	add	r3, r1
 8005884:	4618      	mov	r0, r3
 8005886:	f7ff faae 	bl	8004de6 <GPIO_InitInput>
    for(btn_id_t i = 0; i < current_actual_count; i++){
 800588a:	79fb      	ldrb	r3, [r7, #7]
 800588c:	3301      	adds	r3, #1
 800588e:	71fb      	strb	r3, [r7, #7]
 8005890:	4b05      	ldr	r3, [pc, #20]	; (80058a8 <init_pins+0x40>)
 8005892:	781b      	ldrb	r3, [r3, #0]
 8005894:	79fa      	ldrb	r2, [r7, #7]
 8005896:	429a      	cmp	r2, r3
 8005898:	d3ec      	bcc.n	8005874 <init_pins+0xc>
    }
}
 800589a:	bf00      	nop
 800589c:	bf00      	nop
 800589e:	3708      	adds	r7, #8
 80058a0:	46bd      	mov	sp, r7
 80058a2:	bd80      	pop	{r7, pc}
 80058a4:	20001158 	.word	0x20001158
 80058a8:	20001164 	.word	0x20001164

080058ac <single_button_init>:



// api 
void single_button_init(const SingleButtonConfig_t* config){
 80058ac:	b580      	push	{r7, lr}
 80058ae:	b082      	sub	sp, #8
 80058b0:	af00      	add	r7, sp, #0
 80058b2:	6078      	str	r0, [r7, #4]
    if(!config || !config->gpio_pins_array || !config->enabled_flags_array || !config->pack_info_array){
 80058b4:	687b      	ldr	r3, [r7, #4]
 80058b6:	2b00      	cmp	r3, #0
 80058b8:	d033      	beq.n	8005922 <single_button_init+0x76>
 80058ba:	687b      	ldr	r3, [r7, #4]
 80058bc:	685b      	ldr	r3, [r3, #4]
 80058be:	2b00      	cmp	r3, #0
 80058c0:	d02f      	beq.n	8005922 <single_button_init+0x76>
 80058c2:	687b      	ldr	r3, [r7, #4]
 80058c4:	689b      	ldr	r3, [r3, #8]
 80058c6:	2b00      	cmp	r3, #0
 80058c8:	d02b      	beq.n	8005922 <single_button_init+0x76>
 80058ca:	687b      	ldr	r3, [r7, #4]
 80058cc:	68db      	ldr	r3, [r3, #12]
 80058ce:	2b00      	cmp	r3, #0
 80058d0:	d027      	beq.n	8005922 <single_button_init+0x76>
        return;         
    }

    if(config->actual_count > SINGLE_BUTTON_MAX_COUNT){
 80058d2:	687b      	ldr	r3, [r7, #4]
 80058d4:	781b      	ldrb	r3, [r3, #0]
 80058d6:	2b05      	cmp	r3, #5
 80058d8:	d825      	bhi.n	8005926 <single_button_init+0x7a>
        return; 
    }
    // сохраняем внешние параметры
    current_actual_count = config->actual_count;
 80058da:	687b      	ldr	r3, [r7, #4]
 80058dc:	781a      	ldrb	r2, [r3, #0]
 80058de:	4b14      	ldr	r3, [pc, #80]	; (8005930 <single_button_init+0x84>)
 80058e0:	701a      	strb	r2, [r3, #0]
    p_internal_gpio_array = config->gpio_pins_array;
 80058e2:	687b      	ldr	r3, [r7, #4]
 80058e4:	685b      	ldr	r3, [r3, #4]
 80058e6:	4a13      	ldr	r2, [pc, #76]	; (8005934 <single_button_init+0x88>)
 80058e8:	6013      	str	r3, [r2, #0]
    p_internal_enabled_flags = config->enabled_flags_array;
 80058ea:	687b      	ldr	r3, [r7, #4]
 80058ec:	689b      	ldr	r3, [r3, #8]
 80058ee:	4a12      	ldr	r2, [pc, #72]	; (8005938 <single_button_init+0x8c>)
 80058f0:	6013      	str	r3, [r2, #0]
    p_internal_pack_info = config->pack_info_array;
 80058f2:	687b      	ldr	r3, [r7, #4]
 80058f4:	68db      	ldr	r3, [r3, #12]
 80058f6:	4a11      	ldr	r2, [pc, #68]	; (800593c <single_button_init+0x90>)
 80058f8:	6013      	str	r3, [r2, #0]
    module_enabled = config->enable_module;
 80058fa:	687b      	ldr	r3, [r7, #4]
 80058fc:	7c1a      	ldrb	r2, [r3, #16]
 80058fe:	4b10      	ldr	r3, [pc, #64]	; (8005940 <single_button_init+0x94>)
 8005900:	701a      	strb	r2, [r3, #0]

    // инициализация пинов
    init_pins(); 
 8005902:	f7ff ffb1 	bl	8005868 <init_pins>

    // инициализация внутренних данных
    debounced_state = 0; 
 8005906:	4b0f      	ldr	r3, [pc, #60]	; (8005944 <single_button_init+0x98>)
 8005908:	2200      	movs	r2, #0
 800590a:	601a      	str	r2, [r3, #0]
    pending_events = 0; 
 800590c:	4b0e      	ldr	r3, [pc, #56]	; (8005948 <single_button_init+0x9c>)
 800590e:	2200      	movs	r2, #0
 8005910:	601a      	str	r2, [r3, #0]
    // обнуляем счетчики дребезга
    memset(debounce_counters, 0, sizeof(debounce_counters));
 8005912:	2205      	movs	r2, #5
 8005914:	2100      	movs	r1, #0
 8005916:	480d      	ldr	r0, [pc, #52]	; (800594c <single_button_init+0xa0>)
 8005918:	f000 fe5a 	bl	80065d0 <memset>

    //сбрасываем события
    single_button_reset_events(); 
 800591c:	f000 f8dc 	bl	8005ad8 <single_button_reset_events>
 8005920:	e002      	b.n	8005928 <single_button_init+0x7c>
        return;         
 8005922:	bf00      	nop
 8005924:	e000      	b.n	8005928 <single_button_init+0x7c>
        return; 
 8005926:	bf00      	nop

}
 8005928:	3708      	adds	r7, #8
 800592a:	46bd      	mov	sp, r7
 800592c:	bd80      	pop	{r7, pc}
 800592e:	bf00      	nop
 8005930:	20001164 	.word	0x20001164
 8005934:	20001158 	.word	0x20001158
 8005938:	2000115c 	.word	0x2000115c
 800593c:	20001160 	.word	0x20001160
 8005940:	20001165 	.word	0x20001165
 8005944:	20001168 	.word	0x20001168
 8005948:	2000116c 	.word	0x2000116c
 800594c:	20001170 	.word	0x20001170

08005950 <single_button_poll>:
    if (id >= current_actual_count || !p_internal_enabled_flags) { return; }

    p_internal_enabled_flags[id] = enable; 
}

void single_button_poll(uint32_t current_time_ms){
 8005950:	b580      	push	{r7, lr}
 8005952:	b088      	sub	sp, #32
 8005954:	af00      	add	r7, sp, #0
 8005956:	6078      	str	r0, [r7, #4]
    if(!module_enabled || current_actual_count == 0) return;
 8005958:	4b1e      	ldr	r3, [pc, #120]	; (80059d4 <single_button_poll+0x84>)
 800595a:	781b      	ldrb	r3, [r3, #0]
 800595c:	f083 0301 	eor.w	r3, r3, #1
 8005960:	b2db      	uxtb	r3, r3
 8005962:	2b00      	cmp	r3, #0
 8005964:	d130      	bne.n	80059c8 <single_button_poll+0x78>
 8005966:	4b1c      	ldr	r3, [pc, #112]	; (80059d8 <single_button_poll+0x88>)
 8005968:	781b      	ldrb	r3, [r3, #0]
 800596a:	2b00      	cmp	r3, #0
 800596c:	d02c      	beq.n	80059c8 <single_button_poll+0x78>

    static uint32_t last_poll_time_ms = 0;
    uint32_t elapsed = (current_time_ms - last_poll_time_ms); 
 800596e:	4b1b      	ldr	r3, [pc, #108]	; (80059dc <single_button_poll+0x8c>)
 8005970:	681b      	ldr	r3, [r3, #0]
 8005972:	687a      	ldr	r2, [r7, #4]
 8005974:	1ad3      	subs	r3, r2, r3
 8005976:	61bb      	str	r3, [r7, #24]
    if(elapsed < BTN_PERIOD_MS) return; 
 8005978:	69bb      	ldr	r3, [r7, #24]
 800597a:	2b09      	cmp	r3, #9
 800597c:	d926      	bls.n	80059cc <single_button_poll+0x7c>
    
    last_poll_time_ms = current_time_ms; 
 800597e:	4a17      	ldr	r2, [pc, #92]	; (80059dc <single_button_poll+0x8c>)
 8005980:	687b      	ldr	r3, [r7, #4]
 8005982:	6013      	str	r3, [r2, #0]

    uint32_t raw_mask = btn_read_all_mask(); 
 8005984:	f7ff fee0 	bl	8005748 <btn_read_all_mask>
 8005988:	6178      	str	r0, [r7, #20]

    // обработка дребезга для каждой кнопки 
    for(btn_id_t i = 0; i < current_actual_count; i++){
 800598a:	2300      	movs	r3, #0
 800598c:	77fb      	strb	r3, [r7, #31]
 800598e:	e015      	b.n	80059bc <single_button_poll+0x6c>
        uint32_t bit_mask = (1U << i);
 8005990:	7ffb      	ldrb	r3, [r7, #31]
 8005992:	2201      	movs	r2, #1
 8005994:	fa02 f303 	lsl.w	r3, r2, r3
 8005998:	613b      	str	r3, [r7, #16]
        bool raw_value = (raw_mask & bit_mask) != 0;    
 800599a:	697a      	ldr	r2, [r7, #20]
 800599c:	693b      	ldr	r3, [r7, #16]
 800599e:	4013      	ands	r3, r2
 80059a0:	2b00      	cmp	r3, #0
 80059a2:	bf14      	ite	ne
 80059a4:	2301      	movne	r3, #1
 80059a6:	2300      	moveq	r3, #0
 80059a8:	73fb      	strb	r3, [r7, #15]
        (void)btn_debounce_bit(bit_mask, raw_value , i); 
 80059aa:	7ffa      	ldrb	r2, [r7, #31]
 80059ac:	7bfb      	ldrb	r3, [r7, #15]
 80059ae:	4619      	mov	r1, r3
 80059b0:	6938      	ldr	r0, [r7, #16]
 80059b2:	f7ff ff0b 	bl	80057cc <btn_debounce_bit>
    for(btn_id_t i = 0; i < current_actual_count; i++){
 80059b6:	7ffb      	ldrb	r3, [r7, #31]
 80059b8:	3301      	adds	r3, #1
 80059ba:	77fb      	strb	r3, [r7, #31]
 80059bc:	4b06      	ldr	r3, [pc, #24]	; (80059d8 <single_button_poll+0x88>)
 80059be:	781b      	ldrb	r3, [r3, #0]
 80059c0:	7ffa      	ldrb	r2, [r7, #31]
 80059c2:	429a      	cmp	r2, r3
 80059c4:	d3e4      	bcc.n	8005990 <single_button_poll+0x40>
 80059c6:	e002      	b.n	80059ce <single_button_poll+0x7e>
    if(!module_enabled || current_actual_count == 0) return;
 80059c8:	bf00      	nop
 80059ca:	e000      	b.n	80059ce <single_button_poll+0x7e>
    if(elapsed < BTN_PERIOD_MS) return; 
 80059cc:	bf00      	nop
    }
}
 80059ce:	3720      	adds	r7, #32
 80059d0:	46bd      	mov	sp, r7
 80059d2:	bd80      	pop	{r7, pc}
 80059d4:	20001165 	.word	0x20001165
 80059d8:	20001164 	.word	0x20001164
 80059dc:	20001178 	.word	0x20001178

080059e0 <single_button_get_events>:
bool single_button_is_released(btn_id_t id){
    return !single_button_is_pressed(id); 
}


uint32_t single_button_get_events(void){
 80059e0:	b480      	push	{r7}
 80059e2:	b083      	sub	sp, #12
 80059e4:	af00      	add	r7, sp, #0
    if(!module_enabled || current_actual_count == 0) return 0;
 80059e6:	4b0c      	ldr	r3, [pc, #48]	; (8005a18 <single_button_get_events+0x38>)
 80059e8:	781b      	ldrb	r3, [r3, #0]
 80059ea:	f083 0301 	eor.w	r3, r3, #1
 80059ee:	b2db      	uxtb	r3, r3
 80059f0:	2b00      	cmp	r3, #0
 80059f2:	d103      	bne.n	80059fc <single_button_get_events+0x1c>
 80059f4:	4b09      	ldr	r3, [pc, #36]	; (8005a1c <single_button_get_events+0x3c>)
 80059f6:	781b      	ldrb	r3, [r3, #0]
 80059f8:	2b00      	cmp	r3, #0
 80059fa:	d101      	bne.n	8005a00 <single_button_get_events+0x20>
 80059fc:	2300      	movs	r3, #0
 80059fe:	e006      	b.n	8005a0e <single_button_get_events+0x2e>
    uint32_t events = pending_events;
 8005a00:	4b07      	ldr	r3, [pc, #28]	; (8005a20 <single_button_get_events+0x40>)
 8005a02:	681b      	ldr	r3, [r3, #0]
 8005a04:	607b      	str	r3, [r7, #4]
    pending_events = 0; // сбрасываем события после чтения 
 8005a06:	4b06      	ldr	r3, [pc, #24]	; (8005a20 <single_button_get_events+0x40>)
 8005a08:	2200      	movs	r2, #0
 8005a0a:	601a      	str	r2, [r3, #0]
    return events; 
 8005a0c:	687b      	ldr	r3, [r7, #4]
}
 8005a0e:	4618      	mov	r0, r3
 8005a10:	370c      	adds	r7, #12
 8005a12:	46bd      	mov	sp, r7
 8005a14:	bc80      	pop	{r7}
 8005a16:	4770      	bx	lr
 8005a18:	20001165 	.word	0x20001165
 8005a1c:	20001164 	.word	0x20001164
 8005a20:	2000116c 	.word	0x2000116c

08005a24 <single_button_pack_to_buffer>:

void single_button_pack_to_buffer(uint8_t *buffer){
 8005a24:	b480      	push	{r7}
 8005a26:	b085      	sub	sp, #20
 8005a28:	af00      	add	r7, sp, #0
 8005a2a:	6078      	str	r0, [r7, #4]
    if(!buffer || !p_internal_pack_info || current_actual_count == 0) return; 
 8005a2c:	687b      	ldr	r3, [r7, #4]
 8005a2e:	2b00      	cmp	r3, #0
 8005a30:	d047      	beq.n	8005ac2 <single_button_pack_to_buffer+0x9e>
 8005a32:	4b26      	ldr	r3, [pc, #152]	; (8005acc <single_button_pack_to_buffer+0xa8>)
 8005a34:	681b      	ldr	r3, [r3, #0]
 8005a36:	2b00      	cmp	r3, #0
 8005a38:	d043      	beq.n	8005ac2 <single_button_pack_to_buffer+0x9e>
 8005a3a:	4b25      	ldr	r3, [pc, #148]	; (8005ad0 <single_button_pack_to_buffer+0xac>)
 8005a3c:	781b      	ldrb	r3, [r3, #0]
 8005a3e:	2b00      	cmp	r3, #0
 8005a40:	d03f      	beq.n	8005ac2 <single_button_pack_to_buffer+0x9e>

    // используем внешний массив pack_info и current_actual_count
    for( btn_id_t i = 0; i < current_actual_count; i++){
 8005a42:	2300      	movs	r3, #0
 8005a44:	73fb      	strb	r3, [r7, #15]
 8005a46:	e036      	b.n	8005ab6 <single_button_pack_to_buffer+0x92>
        const btn_pack_info_t *info = &p_internal_pack_info[i];
 8005a48:	4b20      	ldr	r3, [pc, #128]	; (8005acc <single_button_pack_to_buffer+0xa8>)
 8005a4a:	681a      	ldr	r2, [r3, #0]
 8005a4c:	7bfb      	ldrb	r3, [r7, #15]
 8005a4e:	005b      	lsls	r3, r3, #1
 8005a50:	4413      	add	r3, r2
 8005a52:	60bb      	str	r3, [r7, #8]
        if((debounced_state & (1U << i))==0){
 8005a54:	7bfb      	ldrb	r3, [r7, #15]
 8005a56:	2201      	movs	r2, #1
 8005a58:	409a      	lsls	r2, r3
 8005a5a:	4b1e      	ldr	r3, [pc, #120]	; (8005ad4 <single_button_pack_to_buffer+0xb0>)
 8005a5c:	681b      	ldr	r3, [r3, #0]
 8005a5e:	4013      	ands	r3, r2
 8005a60:	2b00      	cmp	r3, #0
 8005a62:	d115      	bne.n	8005a90 <single_button_pack_to_buffer+0x6c>
            buffer[info->byte_idx] &= ~info->bit_mask; // 0 = нажата
 8005a64:	68bb      	ldr	r3, [r7, #8]
 8005a66:	781b      	ldrb	r3, [r3, #0]
 8005a68:	461a      	mov	r2, r3
 8005a6a:	687b      	ldr	r3, [r7, #4]
 8005a6c:	4413      	add	r3, r2
 8005a6e:	781b      	ldrb	r3, [r3, #0]
 8005a70:	b25a      	sxtb	r2, r3
 8005a72:	68bb      	ldr	r3, [r7, #8]
 8005a74:	785b      	ldrb	r3, [r3, #1]
 8005a76:	b25b      	sxtb	r3, r3
 8005a78:	43db      	mvns	r3, r3
 8005a7a:	b25b      	sxtb	r3, r3
 8005a7c:	4013      	ands	r3, r2
 8005a7e:	b25a      	sxtb	r2, r3
 8005a80:	68bb      	ldr	r3, [r7, #8]
 8005a82:	781b      	ldrb	r3, [r3, #0]
 8005a84:	4619      	mov	r1, r3
 8005a86:	687b      	ldr	r3, [r7, #4]
 8005a88:	440b      	add	r3, r1
 8005a8a:	b2d2      	uxtb	r2, r2
 8005a8c:	701a      	strb	r2, [r3, #0]
 8005a8e:	e00f      	b.n	8005ab0 <single_button_pack_to_buffer+0x8c>
        } else {
            buffer[info->byte_idx] |= info->bit_mask; // 1 = отпущена
 8005a90:	68bb      	ldr	r3, [r7, #8]
 8005a92:	781b      	ldrb	r3, [r3, #0]
 8005a94:	461a      	mov	r2, r3
 8005a96:	687b      	ldr	r3, [r7, #4]
 8005a98:	4413      	add	r3, r2
 8005a9a:	7819      	ldrb	r1, [r3, #0]
 8005a9c:	68bb      	ldr	r3, [r7, #8]
 8005a9e:	785a      	ldrb	r2, [r3, #1]
 8005aa0:	68bb      	ldr	r3, [r7, #8]
 8005aa2:	781b      	ldrb	r3, [r3, #0]
 8005aa4:	4618      	mov	r0, r3
 8005aa6:	687b      	ldr	r3, [r7, #4]
 8005aa8:	4403      	add	r3, r0
 8005aaa:	430a      	orrs	r2, r1
 8005aac:	b2d2      	uxtb	r2, r2
 8005aae:	701a      	strb	r2, [r3, #0]
    for( btn_id_t i = 0; i < current_actual_count; i++){
 8005ab0:	7bfb      	ldrb	r3, [r7, #15]
 8005ab2:	3301      	adds	r3, #1
 8005ab4:	73fb      	strb	r3, [r7, #15]
 8005ab6:	4b06      	ldr	r3, [pc, #24]	; (8005ad0 <single_button_pack_to_buffer+0xac>)
 8005ab8:	781b      	ldrb	r3, [r3, #0]
 8005aba:	7bfa      	ldrb	r2, [r7, #15]
 8005abc:	429a      	cmp	r2, r3
 8005abe:	d3c3      	bcc.n	8005a48 <single_button_pack_to_buffer+0x24>
 8005ac0:	e000      	b.n	8005ac4 <single_button_pack_to_buffer+0xa0>
    if(!buffer || !p_internal_pack_info || current_actual_count == 0) return; 
 8005ac2:	bf00      	nop
        }
    }
}
 8005ac4:	3714      	adds	r7, #20
 8005ac6:	46bd      	mov	sp, r7
 8005ac8:	bc80      	pop	{r7}
 8005aca:	4770      	bx	lr
 8005acc:	20001160 	.word	0x20001160
 8005ad0:	20001164 	.word	0x20001164
 8005ad4:	20001168 	.word	0x20001168

08005ad8 <single_button_reset_events>:

void single_button_reset_events(void){
 8005ad8:	b480      	push	{r7}
 8005ada:	af00      	add	r7, sp, #0
    pending_events = 0; 
 8005adc:	4b03      	ldr	r3, [pc, #12]	; (8005aec <single_button_reset_events+0x14>)
 8005ade:	2200      	movs	r2, #0
 8005ae0:	601a      	str	r2, [r3, #0]
}
 8005ae2:	bf00      	nop
 8005ae4:	46bd      	mov	sp, r7
 8005ae6:	bc80      	pop	{r7}
 8005ae8:	4770      	bx	lr
 8005aea:	bf00      	nop
 8005aec:	2000116c 	.word	0x2000116c

08005af0 <single_button_set_default_buffer>:

void single_button_set_default_buffer(uint8_t *buffer, int size){
 8005af0:	b580      	push	{r7, lr}
 8005af2:	b082      	sub	sp, #8
 8005af4:	af00      	add	r7, sp, #0
 8005af6:	6078      	str	r0, [r7, #4]
 8005af8:	6039      	str	r1, [r7, #0]
    if(buffer && size > 0){
 8005afa:	687b      	ldr	r3, [r7, #4]
 8005afc:	2b00      	cmp	r3, #0
 8005afe:	d008      	beq.n	8005b12 <single_button_set_default_buffer+0x22>
 8005b00:	683b      	ldr	r3, [r7, #0]
 8005b02:	2b00      	cmp	r3, #0
 8005b04:	dd05      	ble.n	8005b12 <single_button_set_default_buffer+0x22>
        memset(buffer, 0xFF, size);
 8005b06:	683b      	ldr	r3, [r7, #0]
 8005b08:	461a      	mov	r2, r3
 8005b0a:	21ff      	movs	r1, #255	; 0xff
 8005b0c:	6878      	ldr	r0, [r7, #4]
 8005b0e:	f000 fd5f 	bl	80065d0 <memset>
    }
}
 8005b12:	bf00      	nop
 8005b14:	3708      	adds	r7, #8
 8005b16:	46bd      	mov	sp, r7
 8005b18:	bd80      	pop	{r7, pc}
	...

08005b1c <spi_init>:
// 12ns * 70 = 840ns 
#define DELAY_NOP_SPI 70


void spi_init(void)
{
 8005b1c:	b580      	push	{r7, lr}
 8005b1e:	b086      	sub	sp, #24
 8005b20:	af00      	add	r7, sp, #0
    PORT_InitTypeDef PORT_InitStructure;
    //DMA_ChannelInitTypeDef DMA_InitStr;
    //DMA_CtrlDataInitTypeDef DMA_PriCtrlStr;
    /* Enable peripheral clocks */

    RST_CLK_PCLKcmd((SPI_GPIO_CLK | _SPI_SELECT_CLK ), ENABLE);
 8005b22:	2101      	movs	r1, #1
 8005b24:	4828      	ldr	r0, [pc, #160]	; (8005bc8 <spi_init+0xac>)
 8005b26:	f7fb f985 	bl	8000e34 <RST_CLK_PCLKcmd>
   
    /* Reset all DMA settings */
    //DMA_DeInit();

    /* Configure SSP pins: FSS, CLK, RXD, TXD */
    PORT_StructInit(&PORT_InitStructure);
 8005b2a:	463b      	mov	r3, r7
 8005b2c:	4618      	mov	r0, r3
 8005b2e:	f7fb f80b 	bl	8000b48 <PORT_StructInit>
    PORT_InitStructure.PORT_OE    = PORT_OE_OUT;
 8005b32:	2301      	movs	r3, #1
 8005b34:	70bb      	strb	r3, [r7, #2]
    PORT_InitStructure.PORT_MODE  = PORT_MODE_DIGITAL;
 8005b36:	2301      	movs	r3, #1
 8005b38:	72bb      	strb	r3, [r7, #10]
    PORT_InitStructure.PORT_SPEED = PORT_SPEED_FAST;
 8005b3a:	2302      	movs	r3, #2
 8005b3c:	727b      	strb	r3, [r7, #9]
    //PORT_InitStructure.PORT_PULL_UP = PORT_PULL_UP_ON;


    // CS pin
    #if SPI_CS_ENABLE != PIN_NOT_USED
    PORT_InitStructure.PORT_FUNC  = SPI_CS_MODE;
 8005b3e:	2302      	movs	r3, #2
 8005b40:	723b      	strb	r3, [r7, #8]
    PORT_InitStructure.PORT_Pin   = ( (uint16_t)(1<<SPI_CS_PIN_Pos) );
 8005b42:	2304      	movs	r3, #4
 8005b44:	803b      	strh	r3, [r7, #0]
    PORT_Init(SPI_CS_PORT, &PORT_InitStructure);
 8005b46:	463b      	mov	r3, r7
 8005b48:	4619      	mov	r1, r3
 8005b4a:	4820      	ldr	r0, [pc, #128]	; (8005bcc <spi_init+0xb0>)
 8005b4c:	f7fa fef6 	bl	800093c <PORT_Init>
    #endif

    // spi tx
    #if SPI_SDO_ENABLE != PIN_NOT_USED
        PORT_InitStructure.PORT_Pin   = ( (uint16_t)(1<<SPI_SDO_PIN_Pos) );
 8005b50:	2301      	movs	r3, #1
 8005b52:	803b      	strh	r3, [r7, #0]
        PORT_InitStructure.PORT_FUNC  = SPI_SDO_MODE;
 8005b54:	2302      	movs	r3, #2
 8005b56:	723b      	strb	r3, [r7, #8]
        PORT_Init(SPI_SDO_PORT, &PORT_InitStructure);
 8005b58:	463b      	mov	r3, r7
 8005b5a:	4619      	mov	r1, r3
 8005b5c:	481b      	ldr	r0, [pc, #108]	; (8005bcc <spi_init+0xb0>)
 8005b5e:	f7fa feed 	bl	800093c <PORT_Init>
        #error "SPI_SDO_PORT must be defined for SPI master operation!"
    #endif

    // spi clk
    #if SPI_CLK_ENABLE != PIN_NOT_USED
    PORT_InitStructure.PORT_Pin   = ( (uint16_t)(1<<SPI_CLK_PIN_Pos) );
 8005b62:	2302      	movs	r3, #2
 8005b64:	803b      	strh	r3, [r7, #0]
    PORT_InitStructure.PORT_FUNC  = SPI_CLK_MODE;
 8005b66:	2302      	movs	r3, #2
 8005b68:	723b      	strb	r3, [r7, #8]
    PORT_Init(SPI_CLK_PORT, &PORT_InitStructure);
 8005b6a:	463b      	mov	r3, r7
 8005b6c:	4619      	mov	r1, r3
 8005b6e:	4817      	ldr	r0, [pc, #92]	; (8005bcc <spi_init+0xb0>)
 8005b70:	f7fa fee4 	bl	800093c <PORT_Init>
        PORT_InitStructure.PORT_FUNC  = SPI_SDI_MODE;
        PORT_Init(SPI_SDI_PORT, &PORT_InitStructure);
    #endif

     /* Reset all SSP settings */
    SSP_DeInit(_SPI_USE);
 8005b74:	4816      	ldr	r0, [pc, #88]	; (8005bd0 <spi_init+0xb4>)
 8005b76:	f7fb f9a7 	bl	8000ec8 <SSP_DeInit>
    SSP_BRGInit(_SPI_USE, SSP_HCLKdiv2);
 8005b7a:	2101      	movs	r1, #1
 8005b7c:	4814      	ldr	r0, [pc, #80]	; (8005bd0 <spi_init+0xb4>)
 8005b7e:	f7fb fa81 	bl	8001084 <SSP_BRGInit>

    /* SSP1 MASTER configuration */
    SSP_StructInit(&sSSP);
 8005b82:	f107 030c 	add.w	r3, r7, #12
 8005b86:	4618      	mov	r0, r3
 8005b88:	f7fb f9e5 	bl	8000f56 <SSP_StructInit>

    sSSP.SSP_SCR        = 0x2;
 8005b8c:	2302      	movs	r3, #2
 8005b8e:	81bb      	strh	r3, [r7, #12]
    sSSP.SSP_CPSDVSR    = 5;
 8005b90:	2305      	movs	r3, #5
 8005b92:	81fb      	strh	r3, [r7, #14]
    sSSP.SSP_Mode = SSP_ModeMaster;
 8005b94:	2300      	movs	r3, #0
 8005b96:	743b      	strb	r3, [r7, #16]
    sSSP.SSP_WordLength = SSP_WordLength16b;
 8005b98:	230f      	movs	r3, #15
 8005b9a:	747b      	strb	r3, [r7, #17]
    sSSP.SSP_SPH = SSP_SPH_2Edge;
 8005b9c:	2380      	movs	r3, #128	; 0x80
 8005b9e:	74bb      	strb	r3, [r7, #18]
    sSSP.SSP_SPO = SSP_SPO_High;
 8005ba0:	2340      	movs	r3, #64	; 0x40
 8005ba2:	74fb      	strb	r3, [r7, #19]
    //sSSP.SSP_SPH = SSP_SPH_1Edge;
    //sSSP.SSP_SPO = SSP_SPO_Low;
    sSSP.SSP_FRF = SSP_FRF_SPI_Motorola;
 8005ba4:	2300      	movs	r3, #0
 8005ba6:	753b      	strb	r3, [r7, #20]
    sSSP.SSP_HardwareFlowControl = SSP_HardwareFlowControl_SSE;
 8005ba8:	2302      	movs	r3, #2
 8005baa:	757b      	strb	r3, [r7, #21]
    SSP_Init(_SPI_USE, &sSSP);
 8005bac:	f107 030c 	add.w	r3, r7, #12
 8005bb0:	4619      	mov	r1, r3
 8005bb2:	4807      	ldr	r0, [pc, #28]	; (8005bd0 <spi_init+0xb4>)
 8005bb4:	f7fb f9a3 	bl	8000efe <SSP_Init>
    SSP_Cmd(_SPI_USE, ENABLE);
 8005bb8:	2101      	movs	r1, #1
 8005bba:	4805      	ldr	r0, [pc, #20]	; (8005bd0 <spi_init+0xb4>)
 8005bbc:	f7fb f9ec 	bl	8000f98 <SSP_Cmd>
	
}
 8005bc0:	bf00      	nop
 8005bc2:	3718      	adds	r7, #24
 8005bc4:	46bd      	mov	sp, r7
 8005bc6:	bd80      	pop	{r7, pc}
 8005bc8:	20000100 	.word	0x20000100
 8005bcc:	400e8000 	.word	0x400e8000
 8005bd0:	40040000 	.word	0x40040000

08005bd4 <sendSpi16>:


uint8_t sendSpi16(const uint16_t* dataTx, uint16_t* dataRx, int size)
{
 8005bd4:	b590      	push	{r4, r7, lr}
 8005bd6:	b087      	sub	sp, #28
 8005bd8:	af00      	add	r7, sp, #0
 8005bda:	60f8      	str	r0, [r7, #12]
 8005bdc:	60b9      	str	r1, [r7, #8]
 8005bde:	607a      	str	r2, [r7, #4]
    uint8_t RXPacket = 0;
 8005be0:	2300      	movs	r3, #0
 8005be2:	75fb      	strb	r3, [r7, #23]
    for(int i = 0; i< size; i++)
 8005be4:	2300      	movs	r3, #0
 8005be6:	613b      	str	r3, [r7, #16]
 8005be8:	e02a      	b.n	8005c40 <sendSpi16+0x6c>
    {
        //while((_SPI_USE->SR & SSP_FLAG_TFE) == 0 ) {} // из примера milandr
        while(SSP_GetFlagStatus(_SPI_USE, SSP_FLAG_TNF)==RESET) {}
 8005bea:	bf00      	nop
 8005bec:	2102      	movs	r1, #2
 8005bee:	4819      	ldr	r0, [pc, #100]	; (8005c54 <sendSpi16+0x80>)
 8005bf0:	f7fb fa30 	bl	8001054 <SSP_GetFlagStatus>
 8005bf4:	4603      	mov	r3, r0
 8005bf6:	2b00      	cmp	r3, #0
 8005bf8:	d0f8      	beq.n	8005bec <sendSpi16+0x18>
            SSP_SendData(_SPI_USE, dataTx[i]);
 8005bfa:	693b      	ldr	r3, [r7, #16]
 8005bfc:	005b      	lsls	r3, r3, #1
 8005bfe:	68fa      	ldr	r2, [r7, #12]
 8005c00:	4413      	add	r3, r2
 8005c02:	881b      	ldrh	r3, [r3, #0]
 8005c04:	4619      	mov	r1, r3
 8005c06:	4813      	ldr	r0, [pc, #76]	; (8005c54 <sendSpi16+0x80>)
 8005c08:	f7fb fa0a 	bl	8001020 <SSP_SendData>
        while (SSP_GetFlagStatus(_SPI_USE, SSP_FLAG_RNE) == RESET){}
 8005c0c:	bf00      	nop
 8005c0e:	2104      	movs	r1, #4
 8005c10:	4810      	ldr	r0, [pc, #64]	; (8005c54 <sendSpi16+0x80>)
 8005c12:	f7fb fa1f 	bl	8001054 <SSP_GetFlagStatus>
 8005c16:	4603      	mov	r3, r0
 8005c18:	2b00      	cmp	r3, #0
 8005c1a:	d0f8      	beq.n	8005c0e <sendSpi16+0x3a>
        //while((_SPI_USE->SR & SSP_FLAG_RNE) == 0 ) {} // из примера milandr
            dataRx[i] = SSP_ReceiveData(_SPI_USE);
 8005c1c:	693b      	ldr	r3, [r7, #16]
 8005c1e:	005b      	lsls	r3, r3, #1
 8005c20:	68ba      	ldr	r2, [r7, #8]
 8005c22:	18d4      	adds	r4, r2, r3
 8005c24:	480b      	ldr	r0, [pc, #44]	; (8005c54 <sendSpi16+0x80>)
 8005c26:	f7fb fa09 	bl	800103c <SSP_ReceiveData>
 8005c2a:	4603      	mov	r3, r0
 8005c2c:	8023      	strh	r3, [r4, #0]
            RXPacket++; 
 8005c2e:	7dfb      	ldrb	r3, [r7, #23]
 8005c30:	3301      	adds	r3, #1
 8005c32:	75fb      	strb	r3, [r7, #23]
            nopDelay(DELAY_NOP_SPI);
 8005c34:	2046      	movs	r0, #70	; 0x46
 8005c36:	f7ff fd45 	bl	80056c4 <nopDelay>
    for(int i = 0; i< size; i++)
 8005c3a:	693b      	ldr	r3, [r7, #16]
 8005c3c:	3301      	adds	r3, #1
 8005c3e:	613b      	str	r3, [r7, #16]
 8005c40:	693a      	ldr	r2, [r7, #16]
 8005c42:	687b      	ldr	r3, [r7, #4]
 8005c44:	429a      	cmp	r2, r3
 8005c46:	dbd0      	blt.n	8005bea <sendSpi16+0x16>
    }
    return RXPacket;
 8005c48:	7dfb      	ldrb	r3, [r7, #23]
}
 8005c4a:	4618      	mov	r0, r3
 8005c4c:	371c      	adds	r7, #28
 8005c4e:	46bd      	mov	sp, r7
 8005c50:	bd90      	pop	{r4, r7, pc}
 8005c52:	bf00      	nop
 8005c54:	40040000 	.word	0x40040000

08005c58 <SSP1_IRQHandler>:
#elif USER_SELECT_SPI == 2
void SSP2_IRQHandler(void)
#else
#error "USER_SELECT_SPI must be 1 or 2"
#endif
{
 8005c58:	b580      	push	{r7, lr}
 8005c5a:	af00      	add	r7, sp, #0
    if(SSP_GetITStatusMasked(_SPI_USE, SSP_IT_RT) == SET)
 8005c5c:	2102      	movs	r1, #2
 8005c5e:	4806      	ldr	r0, [pc, #24]	; (8005c78 <SSP1_IRQHandler+0x20>)
 8005c60:	f7fb f9b6 	bl	8000fd0 <SSP_GetITStatusMasked>
 8005c64:	4603      	mov	r3, r0
 8005c66:	2b01      	cmp	r3, #1
 8005c68:	d103      	bne.n	8005c72 <SSP1_IRQHandler+0x1a>
    {
        SSP_ClearITPendingBit(_SPI_USE, SSP_IT_RT);
 8005c6a:	2102      	movs	r1, #2
 8005c6c:	4802      	ldr	r0, [pc, #8]	; (8005c78 <SSP1_IRQHandler+0x20>)
 8005c6e:	f7fb f9c6 	bl	8000ffe <SSP_ClearITPendingBit>
    }
}
 8005c72:	bf00      	nop
 8005c74:	bd80      	pop	{r7, pc}
 8005c76:	bf00      	nop
 8005c78:	40040000 	.word	0x40040000

08005c7c <MySysTime>:
volatile uint32_t SystemCounter_ms; 
uint32_t flag1ms; 


uint32_t MySysTime()
{
 8005c7c:	b480      	push	{r7}
 8005c7e:	af00      	add	r7, sp, #0
    return SystemCounter_ms; 
 8005c80:	4b02      	ldr	r3, [pc, #8]	; (8005c8c <MySysTime+0x10>)
 8005c82:	681b      	ldr	r3, [r3, #0]
} 
 8005c84:	4618      	mov	r0, r3
 8005c86:	46bd      	mov	sp, r7
 8005c88:	bc80      	pop	{r7}
 8005c8a:	4770      	bx	lr
 8005c8c:	20001194 	.word	0x20001194

08005c90 <MySySTick>:
void MySySTick()
{
 8005c90:	b480      	push	{r7}
 8005c92:	af00      	add	r7, sp, #0
    SystemCounter_ms++; 
 8005c94:	4b04      	ldr	r3, [pc, #16]	; (8005ca8 <MySySTick+0x18>)
 8005c96:	681b      	ldr	r3, [r3, #0]
 8005c98:	3301      	adds	r3, #1
 8005c9a:	4a03      	ldr	r2, [pc, #12]	; (8005ca8 <MySySTick+0x18>)
 8005c9c:	6013      	str	r3, [r2, #0]
}
 8005c9e:	bf00      	nop
 8005ca0:	46bd      	mov	sp, r7
 8005ca2:	bc80      	pop	{r7}
 8005ca4:	4770      	bx	lr
 8005ca6:	bf00      	nop
 8005ca8:	20001194 	.word	0x20001194

08005cac <OneMs>:

int OneMs()
{
 8005cac:	b480      	push	{r7}
 8005cae:	af00      	add	r7, sp, #0
    return flag1ms; 
 8005cb0:	4b02      	ldr	r3, [pc, #8]	; (8005cbc <OneMs+0x10>)
 8005cb2:	681b      	ldr	r3, [r3, #0]
}
 8005cb4:	4618      	mov	r0, r3
 8005cb6:	46bd      	mov	sp, r7
 8005cb8:	bc80      	pop	{r7}
 8005cba:	4770      	bx	lr
 8005cbc:	20001198 	.word	0x20001198

08005cc0 <resetFlag1ms>:

void resetFlag1ms()
{
 8005cc0:	b480      	push	{r7}
 8005cc2:	af00      	add	r7, sp, #0
    flag1ms = 0; 
 8005cc4:	4b03      	ldr	r3, [pc, #12]	; (8005cd4 <resetFlag1ms+0x14>)
 8005cc6:	2200      	movs	r2, #0
 8005cc8:	601a      	str	r2, [r3, #0]
}
 8005cca:	bf00      	nop
 8005ccc:	46bd      	mov	sp, r7
 8005cce:	bc80      	pop	{r7}
 8005cd0:	4770      	bx	lr
 8005cd2:	bf00      	nop
 8005cd4:	20001198 	.word	0x20001198

08005cd8 <set1ms>:

void set1ms()
{
 8005cd8:	b480      	push	{r7}
 8005cda:	af00      	add	r7, sp, #0
    flag1ms = 1; 
 8005cdc:	4b03      	ldr	r3, [pc, #12]	; (8005cec <set1ms+0x14>)
 8005cde:	2201      	movs	r2, #1
 8005ce0:	601a      	str	r2, [r3, #0]
}
 8005ce2:	bf00      	nop
 8005ce4:	46bd      	mov	sp, r7
 8005ce6:	bc80      	pop	{r7}
 8005ce8:	4770      	bx	lr
 8005cea:	bf00      	nop
 8005cec:	20001198 	.word	0x20001198

08005cf0 <initTimerUpIrq>:
    TIMER_Cmd(MY_SYS_TIMER, ENABLE);
    
}

void initTimerUpIrq(uint32_t RST_CLK_PCLK_TMR, MDR_TIMER_TypeDef * TMR, int32_t counterUs)
{
 8005cf0:	b580      	push	{r7, lr}
 8005cf2:	b084      	sub	sp, #16
 8005cf4:	af00      	add	r7, sp, #0
 8005cf6:	60f8      	str	r0, [r7, #12]
 8005cf8:	60b9      	str	r1, [r7, #8]
 8005cfa:	607a      	str	r2, [r7, #4]
    PORT_InitStructure.PORT_MODE  = PORT_MODE_DIGITAL;
    PORT_InitStructure.PORT_SPEED = PORT_SPEED_FAST;
    PORT_Init(MDR_PORTA, &PORT_InitStructure); */

    // timer 
    RST_CLK_PCLKcmd(RST_CLK_PCLK_TMR, ENABLE);
 8005cfc:	2101      	movs	r1, #1
 8005cfe:	68f8      	ldr	r0, [r7, #12]
 8005d00:	f7fb f898 	bl	8000e34 <RST_CLK_PCLKcmd>
    //Делитель тактовой частоты ядра на таймер регистр MDR_RST_CLK->TIM_CLOCK
    TIMER_BRGInit(TMR, TIMER_HCLKdiv1);
 8005d04:	2100      	movs	r1, #0
 8005d06:	68b8      	ldr	r0, [r7, #8]
 8005d08:	f7fb fc08 	bl	800151c <TIMER_BRGInit>

    TIMER_DeInit(TMR);
 8005d0c:	68b8      	ldr	r0, [r7, #8]
 8005d0e:	f7fb f9f3 	bl	80010f8 <TIMER_DeInit>
    /* Initializes the TIMERx Counter */

    //Делитель частоты при счете основного счетчика PSG
    sTIM_CntInit.TIMER_Prescaler = 80-1; //1us
 8005d12:	4b19      	ldr	r3, [pc, #100]	; (8005d78 <initTimerUpIrq+0x88>)
 8005d14:	224f      	movs	r2, #79	; 0x4f
 8005d16:	805a      	strh	r2, [r3, #2]
    //Основание счета основного счетчика ARR
    sTIM_CntInit.TIMER_Period = counterUs; 
 8005d18:	687b      	ldr	r3, [r7, #4]
 8005d1a:	b29a      	uxth	r2, r3
 8005d1c:	4b16      	ldr	r3, [pc, #88]	; (8005d78 <initTimerUpIrq+0x88>)
 8005d1e:	809a      	strh	r2, [r3, #4]
    //Режим счета основного счетчика, фиксированное направление 
    // MDR_TIMERx->CNTRL [7..6] биты(CNT_MODE)
    sTIM_CntInit.TIMER_CounterMode = TIMER_CntMode_ClkFixedDir; 
 8005d20:	4b15      	ldr	r3, [pc, #84]	; (8005d78 <initTimerUpIrq+0x88>)
 8005d22:	2200      	movs	r2, #0
 8005d24:	80da      	strh	r2, [r3, #6]
    //Направление счета основного счетчика: // MDR_TIMERx->CNTRL 3 бит
    sTIM_CntInit.TIMER_CounterDirection = TIMER_CntDir_Up; 
 8005d26:	4b14      	ldr	r3, [pc, #80]	; (8005d78 <initTimerUpIrq+0x88>)
 8005d28:	2200      	movs	r2, #0
 8005d2a:	811a      	strh	r2, [r3, #8]
    //Сигналом для изменения CNT, Биты выбора источника событий:
    /// MDR_TIMERx->CNTRL 11..8 биты(EVENT_SEL)
    sTIM_CntInit.TIMER_EventSource = TIMER_EvSrc_TIM_CLK;
 8005d2c:	4b12      	ldr	r3, [pc, #72]	; (8005d78 <initTimerUpIrq+0x88>)
 8005d2e:	2200      	movs	r2, #0
 8005d30:	815a      	strh	r2, [r3, #10]
    //Частота семплирования данных FDTS:
    /// MDR_TIMERx->CNTRL 5..4 биты(FDTS)
    sTIM_CntInit.TIMER_FilterSampling = TIMER_FDTS_TIMER_CLK_div_1; 
 8005d32:	4b11      	ldr	r3, [pc, #68]	; (8005d78 <initTimerUpIrq+0x88>)
 8005d34:	2200      	movs	r2, #0
 8005d36:	819a      	strh	r2, [r3, #12]
    //Разрешение обновления ARR при завершении счета CNT
    /// MDR_TIMERx->CNTRL 1 бит (ARRB_EN)
    sTIM_CntInit.TIMER_ARR_UpdateMode = TIMER_ARR_Update_Immediately; 
 8005d38:	4b0f      	ldr	r3, [pc, #60]	; (8005d78 <initTimerUpIrq+0x88>)
 8005d3a:	2200      	movs	r2, #0
 8005d3c:	81da      	strh	r2, [r3, #14]

    //Цифровой фильтр на входе ETR.
    // MDR_BRKETR_CNTRL 1 бит (ETR FILTER[3:0])
    sTIM_CntInit.TIMER_ETR_FilterConf = TIMER_Filter_1FF_at_TIMER_CLK;
 8005d3e:	4b0e      	ldr	r3, [pc, #56]	; (8005d78 <initTimerUpIrq+0x88>)
 8005d40:	2200      	movs	r2, #0
 8005d42:	821a      	strh	r2, [r3, #16]
    //Асинхронный предделитель внешней частоты:    
    // MDR_BRKETR_CNTRL 1 бит (ETRPSC[1:0])
    sTIM_CntInit.TIMER_ETR_Prescaler = TIMER_ETR_Prescaler_None; 
 8005d44:	4b0c      	ldr	r3, [pc, #48]	; (8005d78 <initTimerUpIrq+0x88>)
 8005d46:	2200      	movs	r2, #0
 8005d48:	825a      	strh	r2, [r3, #18]
    //Инверсия входа ETR:
    // MDR_BRKETR_CNTRL 1 бит (ETR INV)
    sTIM_CntInit.TIMER_ETR_Polarity = TIMER_ETRPolarity_NonInverted;
 8005d4a:	4b0b      	ldr	r3, [pc, #44]	; (8005d78 <initTimerUpIrq+0x88>)
 8005d4c:	2200      	movs	r2, #0
 8005d4e:	829a      	strh	r2, [r3, #20]
    //Инверсия входа BRK:
    // MDR_BRKETR_CNTRL 0 бит (BRK INV)
    sTIM_CntInit.TIMER_BRK_Polarity = TIMER_BRKPolarity_NonInverted; 
 8005d50:	4b09      	ldr	r3, [pc, #36]	; (8005d78 <initTimerUpIrq+0x88>)
 8005d52:	2200      	movs	r2, #0
 8005d54:	82da      	strh	r2, [r3, #22]
    TIMER_CntInit(TMR, &sTIM_CntInit);
 8005d56:	4908      	ldr	r1, [pc, #32]	; (8005d78 <initTimerUpIrq+0x88>)
 8005d58:	68b8      	ldr	r0, [r7, #8]
 8005d5a:	f7fb fa36 	bl	80011ca <TIMER_CntInit>
   
    TIMER_ITConfig(TMR, TIMER_STATUS_CNT_ZERO, ENABLE); 
 8005d5e:	2201      	movs	r2, #1
 8005d60:	2101      	movs	r1, #1
 8005d62:	68b8      	ldr	r0, [r7, #8]
 8005d64:	f7fb fb9d 	bl	80014a2 <TIMER_ITConfig>

    TIMER_Cmd(TMR, ENABLE);
 8005d68:	2101      	movs	r1, #1
 8005d6a:	68b8      	ldr	r0, [r7, #8]
 8005d6c:	f7fb fa6c 	bl	8001248 <TIMER_Cmd>
    
}
 8005d70:	bf00      	nop
 8005d72:	3710      	adds	r7, #16
 8005d74:	46bd      	mov	sp, r7
 8005d76:	bd80      	pop	{r7, pc}
 8005d78:	2000117c 	.word	0x2000117c

08005d7c <initTimerPwm2>:


#ifdef TMR2_ON
void initTimerPwm2(){
 8005d7c:	b580      	push	{r7, lr}
 8005d7e:	b08c      	sub	sp, #48	; 0x30
 8005d80:	af00      	add	r7, sp, #0
    static gpio_pin_t pin = {   // channel 1
        .MDR_PORTx = DISPLAY_PWM_PORT,
        .pin_number = DISPLAY_PWM_PIN_Pos,
        .active_state = true,
    };
    GPIO_InitOutputOvverideMode(&pin);
 8005d82:	4848      	ldr	r0, [pc, #288]	; (8005ea4 <initTimerPwm2+0x128>)
 8005d84:	f7fe ffd5 	bl	8004d32 <GPIO_InitOutputOvverideMode>

    pin.MDR_PORTx = KREN_PWM_PORT; // channel 2
 8005d88:	4b46      	ldr	r3, [pc, #280]	; (8005ea4 <initTimerPwm2+0x128>)
 8005d8a:	4a47      	ldr	r2, [pc, #284]	; (8005ea8 <initTimerPwm2+0x12c>)
 8005d8c:	601a      	str	r2, [r3, #0]
    pin.pin_number = KREN_PWM_PIN_Pos; 
 8005d8e:	4b45      	ldr	r3, [pc, #276]	; (8005ea4 <initTimerPwm2+0x128>)
 8005d90:	2203      	movs	r2, #3
 8005d92:	605a      	str	r2, [r3, #4]
    pin.active_state = true;
 8005d94:	4b43      	ldr	r3, [pc, #268]	; (8005ea4 <initTimerPwm2+0x128>)
 8005d96:	2201      	movs	r2, #1
 8005d98:	721a      	strb	r2, [r3, #8]
    GPIO_InitOutputOvverideMode(&pin);
 8005d9a:	4842      	ldr	r0, [pc, #264]	; (8005ea4 <initTimerPwm2+0x128>)
 8005d9c:	f7fe ffc9 	bl	8004d32 <GPIO_InitOutputOvverideMode>

    // timer 
    RST_CLK_PCLKcmd(RST_CLK_PCLK_TIMER2, ENABLE);
 8005da0:	2101      	movs	r1, #1
 8005da2:	f44f 4000 	mov.w	r0, #32768	; 0x8000
 8005da6:	f7fb f845 	bl	8000e34 <RST_CLK_PCLKcmd>
    //Делитель тактовой частоты ядра на таймер регистр MDR_RST_CLK->TIM_CLOCK
    TIMER_BRGInit(MDR_TIMER2, TIMER_HCLKdiv1);
 8005daa:	2100      	movs	r1, #0
 8005dac:	483f      	ldr	r0, [pc, #252]	; (8005eac <initTimerPwm2+0x130>)
 8005dae:	f7fb fbb5 	bl	800151c <TIMER_BRGInit>

    TIMER_DeInit(MDR_TIMER2);
 8005db2:	483e      	ldr	r0, [pc, #248]	; (8005eac <initTimerPwm2+0x130>)
 8005db4:	f7fb f9a0 	bl	80010f8 <TIMER_DeInit>
    /* Initializes the TIMERx Counter */

    //Делитель частоты при счете основного счетчика PSG
    sTIM_CntInit.TIMER_Prescaler = 20; //252нс 968Гц при 4096 градациях
 8005db8:	4b3d      	ldr	r3, [pc, #244]	; (8005eb0 <initTimerPwm2+0x134>)
 8005dba:	2214      	movs	r2, #20
 8005dbc:	805a      	strh	r2, [r3, #2]
    //Основание счета основного счетчика ARR
    sTIM_CntInit.TIMER_Period = TIMER_MAX_VALUE; 
 8005dbe:	4b3c      	ldr	r3, [pc, #240]	; (8005eb0 <initTimerPwm2+0x134>)
 8005dc0:	f640 72ff 	movw	r2, #4095	; 0xfff
 8005dc4:	809a      	strh	r2, [r3, #4]
    //Режим счета основного счетчика, фиксированное направление 
    // MDR_TIMERx->CNTRL [7..6] биты(CNT_MODE)
    sTIM_CntInit.TIMER_CounterMode = TIMER_CntMode_ClkFixedDir; 
 8005dc6:	4b3a      	ldr	r3, [pc, #232]	; (8005eb0 <initTimerPwm2+0x134>)
 8005dc8:	2200      	movs	r2, #0
 8005dca:	80da      	strh	r2, [r3, #6]
    //Направление счета основного счетчика: // MDR_TIMERx->CNTRL 3 бит
    sTIM_CntInit.TIMER_CounterDirection = TIMER_CntDir_Up; 
 8005dcc:	4b38      	ldr	r3, [pc, #224]	; (8005eb0 <initTimerPwm2+0x134>)
 8005dce:	2200      	movs	r2, #0
 8005dd0:	811a      	strh	r2, [r3, #8]
    //Сигналом для изменения CNT, Биты выбора источника событий:
    /// MDR_TIMERx->CNTRL 11..8 биты(EVENT_SEL)
    sTIM_CntInit.TIMER_EventSource = TIMER_EvSrc_TIM_CLK;
 8005dd2:	4b37      	ldr	r3, [pc, #220]	; (8005eb0 <initTimerPwm2+0x134>)
 8005dd4:	2200      	movs	r2, #0
 8005dd6:	815a      	strh	r2, [r3, #10]
    //Частота семплирования данных FDTS:
    /// MDR_TIMERx->CNTRL 5..4 биты(FDTS)
    sTIM_CntInit.TIMER_FilterSampling = TIMER_FDTS_TIMER_CLK_div_1; 
 8005dd8:	4b35      	ldr	r3, [pc, #212]	; (8005eb0 <initTimerPwm2+0x134>)
 8005dda:	2200      	movs	r2, #0
 8005ddc:	819a      	strh	r2, [r3, #12]
    //Разрешение обновления ARR при завершении счета CNT
    /// MDR_TIMERx->CNTRL 1 бит (ARRB_EN)
    sTIM_CntInit.TIMER_ARR_UpdateMode = TIMER_ARR_Update_Immediately; 
 8005dde:	4b34      	ldr	r3, [pc, #208]	; (8005eb0 <initTimerPwm2+0x134>)
 8005de0:	2200      	movs	r2, #0
 8005de2:	81da      	strh	r2, [r3, #14]

    //Цифровой фильтр на входе ETR.
    // MDR_BRKETR_CNTRL 1 бит (ETR FILTER[3:0])
    sTIM_CntInit.TIMER_ETR_FilterConf = TIMER_Filter_1FF_at_TIMER_CLK;
 8005de4:	4b32      	ldr	r3, [pc, #200]	; (8005eb0 <initTimerPwm2+0x134>)
 8005de6:	2200      	movs	r2, #0
 8005de8:	821a      	strh	r2, [r3, #16]
    //Асинхронный предделитель внешней частоты:    
    // MDR_BRKETR_CNTRL 1 бит (ETRPSC[1:0])
    sTIM_CntInit.TIMER_ETR_Prescaler = TIMER_ETR_Prescaler_None; 
 8005dea:	4b31      	ldr	r3, [pc, #196]	; (8005eb0 <initTimerPwm2+0x134>)
 8005dec:	2200      	movs	r2, #0
 8005dee:	825a      	strh	r2, [r3, #18]
    //Инверсия входа ETR:
    // MDR_BRKETR_CNTRL 1 бит (ETR INV)
    sTIM_CntInit.TIMER_ETR_Polarity = TIMER_ETRPolarity_NonInverted;
 8005df0:	4b2f      	ldr	r3, [pc, #188]	; (8005eb0 <initTimerPwm2+0x134>)
 8005df2:	2200      	movs	r2, #0
 8005df4:	829a      	strh	r2, [r3, #20]
    //Инверсия входа BRK:
    // MDR_BRKETR_CNTRL 0 бит (BRK INV)
    sTIM_CntInit.TIMER_BRK_Polarity = TIMER_BRKPolarity_NonInverted; 
 8005df6:	4b2e      	ldr	r3, [pc, #184]	; (8005eb0 <initTimerPwm2+0x134>)
 8005df8:	2200      	movs	r2, #0
 8005dfa:	82da      	strh	r2, [r3, #22]
    TIMER_CntInit(MDR_TIMER2, &sTIM_CntInit);
 8005dfc:	492c      	ldr	r1, [pc, #176]	; (8005eb0 <initTimerPwm2+0x134>)
 8005dfe:	482b      	ldr	r0, [pc, #172]	; (8005eac <initTimerPwm2+0x130>)
 8005e00:	f7fb f9e3 	bl	80011ca <TIMER_CntInit>
     
    // инициализация каналов 
    TIMER_ChnInitTypeDef sTIM_ChnInit;
    TIMER_ChnStructInit(&sTIM_ChnInit);
 8005e04:	f107 0314 	add.w	r3, r7, #20
 8005e08:	4618      	mov	r0, r3
 8005e0a:	f7fb fa90 	bl	800132e <TIMER_ChnStructInit>
    sTIM_ChnInit.TIMER_CH_Mode = TIMER_CH_MODE_PWM;
 8005e0e:	2300      	movs	r3, #0
 8005e10:	82fb      	strh	r3, [r7, #22]
    sTIM_ChnInit.TIMER_CH_REF_Format = TIMER_CH_REF_Format6; 
 8005e12:	f44f 6340 	mov.w	r3, #3072	; 0xc00
 8005e16:	83fb      	strh	r3, [r7, #30]
    #ifdef TMR2_CH1
    sTIM_ChnInit.TIMER_CH_Number  = TIMER_CHANNEL1;
 8005e18:	2300      	movs	r3, #0
 8005e1a:	82bb      	strh	r3, [r7, #20]
    TIMER_ChnInit(MDR_TIMER2, &sTIM_ChnInit);
 8005e1c:	f107 0314 	add.w	r3, r7, #20
 8005e20:	4619      	mov	r1, r3
 8005e22:	4822      	ldr	r0, [pc, #136]	; (8005eac <initTimerPwm2+0x130>)
 8005e24:	f7fb fa2d 	bl	8001282 <TIMER_ChnInit>
    TIMER_SetChnCompare(MDR_TIMER2, TIMER_CHANNEL1, TIMER_MAX_VALUE>>1);
 8005e28:	f240 72ff 	movw	r2, #2047	; 0x7ff
 8005e2c:	2100      	movs	r1, #0
 8005e2e:	481f      	ldr	r0, [pc, #124]	; (8005eac <initTimerPwm2+0x130>)
 8005e30:	f7fb faad 	bl	800138e <TIMER_SetChnCompare>
    #endif 
    #ifdef TMR2_CH2
    sTIM_ChnInit.TIMER_CH_Number  = TIMER_CHANNEL2;
 8005e34:	2301      	movs	r3, #1
 8005e36:	82bb      	strh	r3, [r7, #20]
    TIMER_ChnInit(MDR_TIMER2, &sTIM_ChnInit);
 8005e38:	f107 0314 	add.w	r3, r7, #20
 8005e3c:	4619      	mov	r1, r3
 8005e3e:	481b      	ldr	r0, [pc, #108]	; (8005eac <initTimerPwm2+0x130>)
 8005e40:	f7fb fa1f 	bl	8001282 <TIMER_ChnInit>
    TIMER_SetChnCompare(MDR_TIMER2, TIMER_CHANNEL2, TIMER_MAX_VALUE>>1);
 8005e44:	f240 72ff 	movw	r2, #2047	; 0x7ff
 8005e48:	2101      	movs	r1, #1
 8005e4a:	4818      	ldr	r0, [pc, #96]	; (8005eac <initTimerPwm2+0x130>)
 8005e4c:	f7fb fa9f 	bl	800138e <TIMER_SetChnCompare>
    #endif


    /* Initializes the TIMER Channel 1,1N,2,2N,3 Output */
    TIMER_ChnOutInitTypeDef sTIM_ChnOutInit;
    TIMER_ChnOutStructInit(&sTIM_ChnOutInit);
 8005e50:	463b      	mov	r3, r7
 8005e52:	4618      	mov	r0, r3
 8005e54:	f7fb faf0 	bl	8001438 <TIMER_ChnOutStructInit>
    sTIM_ChnOutInit.TIMER_CH_DirOut_Polarity = TIMER_CHOPolarity_NonInverted;
 8005e58:	2300      	movs	r3, #0
 8005e5a:	807b      	strh	r3, [r7, #2]
    sTIM_ChnOutInit.TIMER_CH_DirOut_Source   = TIMER_CH_OutSrc_REF;
 8005e5c:	2302      	movs	r3, #2
 8005e5e:	80bb      	strh	r3, [r7, #4]
    sTIM_ChnOutInit.TIMER_CH_DirOut_Mode     = TIMER_CH_OutMode_Output;
 8005e60:	2301      	movs	r3, #1
 8005e62:	80fb      	strh	r3, [r7, #6]
    sTIM_ChnOutInit.TIMER_CH_NegOut_Polarity = TIMER_CHOPolarity_NonInverted;
 8005e64:	2300      	movs	r3, #0
 8005e66:	813b      	strh	r3, [r7, #8]
    sTIM_ChnOutInit.TIMER_CH_NegOut_Source   = TIMER_CH_OutSrc_REF;
 8005e68:	2302      	movs	r3, #2
 8005e6a:	817b      	strh	r3, [r7, #10]
    sTIM_ChnOutInit.TIMER_CH_NegOut_Mode     = TIMER_CH_OutMode_Output;
 8005e6c:	2301      	movs	r3, #1
 8005e6e:	81bb      	strh	r3, [r7, #12]
    #ifdef TMR2_CH1
    sTIM_ChnOutInit.TIMER_CH_Number          = TIMER_CHANNEL1;
 8005e70:	2300      	movs	r3, #0
 8005e72:	803b      	strh	r3, [r7, #0]
    TIMER_ChnOutInit(MDR_TIMER2, &sTIM_ChnOutInit);
 8005e74:	463b      	mov	r3, r7
 8005e76:	4619      	mov	r1, r3
 8005e78:	480c      	ldr	r0, [pc, #48]	; (8005eac <initTimerPwm2+0x130>)
 8005e7a:	f7fb fa9f 	bl	80013bc <TIMER_ChnOutInit>
    #endif
    #ifdef TMR2_CH2
    sTIM_ChnOutInit.TIMER_CH_Number          = TIMER_CHANNEL2;
 8005e7e:	2301      	movs	r3, #1
 8005e80:	803b      	strh	r3, [r7, #0]
    TIMER_ChnOutInit(MDR_TIMER2, &sTIM_ChnOutInit);
 8005e82:	463b      	mov	r3, r7
 8005e84:	4619      	mov	r1, r3
 8005e86:	4809      	ldr	r0, [pc, #36]	; (8005eac <initTimerPwm2+0x130>)
 8005e88:	f7fb fa98 	bl	80013bc <TIMER_ChnOutInit>
    sTIM_ChnOutInit.TIMER_CH_Number          = TIMER_CHANNEL4;
    TIMER_ChnOutInit(MDR_TIMER2, &sTIM_ChnOutInit);
    #endif

    /* Enable TIMER clock */
    TIMER_BRGInit(MDR_TIMER2,TIMER_HCLKdiv1);
 8005e8c:	2100      	movs	r1, #0
 8005e8e:	4807      	ldr	r0, [pc, #28]	; (8005eac <initTimerPwm2+0x130>)
 8005e90:	f7fb fb44 	bl	800151c <TIMER_BRGInit>

    /* Enable TIMER */
    TIMER_Cmd(MDR_TIMER2,ENABLE);
 8005e94:	2101      	movs	r1, #1
 8005e96:	4805      	ldr	r0, [pc, #20]	; (8005eac <initTimerPwm2+0x130>)
 8005e98:	f7fb f9d6 	bl	8001248 <TIMER_Cmd>
}
 8005e9c:	bf00      	nop
 8005e9e:	3730      	adds	r7, #48	; 0x30
 8005ea0:	46bd      	mov	sp, r7
 8005ea2:	bd80      	pop	{r7, pc}
 8005ea4:	2000070c 	.word	0x2000070c
 8005ea8:	400a8000 	.word	0x400a8000
 8005eac:	40078000 	.word	0x40078000
 8005eb0:	2000117c 	.word	0x2000117c

08005eb4 <initTimerPwm3>:
#endif //TMR2


#ifdef TMR3_ON
void initTimerPwm3(){
 8005eb4:	b580      	push	{r7, lr}
 8005eb6:	b08c      	sub	sp, #48	; 0x30
 8005eb8:	af00      	add	r7, sp, #0
    static gpio_pin_t pin = {
        .MDR_PORTx = LED_PWM_PORT,
        .pin_number = LED_PWM_PIN_Pos,
        .active_state = true
    };
    GPIO_InitOutputOvverideMode(&pin);
 8005eba:	4838      	ldr	r0, [pc, #224]	; (8005f9c <initTimerPwm3+0xe8>)
 8005ebc:	f7fe ff39 	bl	8004d32 <GPIO_InitOutputOvverideMode>

    // timer 
    RST_CLK_PCLKcmd(RST_CLK_PCLK_TIMER3, ENABLE);
 8005ec0:	2101      	movs	r1, #1
 8005ec2:	f44f 3080 	mov.w	r0, #65536	; 0x10000
 8005ec6:	f7fa ffb5 	bl	8000e34 <RST_CLK_PCLKcmd>
    //Делитель тактовой частоты ядра на таймер регистр MDR_RST_CLK->TIM_CLOCK
    TIMER_BRGInit(MDR_TIMER3, TIMER_HCLKdiv1);
 8005eca:	2100      	movs	r1, #0
 8005ecc:	4834      	ldr	r0, [pc, #208]	; (8005fa0 <initTimerPwm3+0xec>)
 8005ece:	f7fb fb25 	bl	800151c <TIMER_BRGInit>

    TIMER_DeInit(MDR_TIMER3);
 8005ed2:	4833      	ldr	r0, [pc, #204]	; (8005fa0 <initTimerPwm3+0xec>)
 8005ed4:	f7fb f910 	bl	80010f8 <TIMER_DeInit>
    /* Initializes the TIMERx Counter */

    //Делитель частоты при счете основного счетчика PSG
    sTIM_CntInit.TIMER_Prescaler = 20; //252нс 968Гц при 4096 градациях
 8005ed8:	4b32      	ldr	r3, [pc, #200]	; (8005fa4 <initTimerPwm3+0xf0>)
 8005eda:	2214      	movs	r2, #20
 8005edc:	805a      	strh	r2, [r3, #2]
    //Основание счета основного счетчика ARR
    sTIM_CntInit.TIMER_Period = TIMER_MAX_VALUE; 
 8005ede:	4b31      	ldr	r3, [pc, #196]	; (8005fa4 <initTimerPwm3+0xf0>)
 8005ee0:	f640 72ff 	movw	r2, #4095	; 0xfff
 8005ee4:	809a      	strh	r2, [r3, #4]
    //Режим счета основного счетчика, фиксированное направление 
    // MDR_TIMERx->CNTRL [7..6] биты(CNT_MODE)
    sTIM_CntInit.TIMER_CounterMode = TIMER_CntMode_ClkFixedDir; 
 8005ee6:	4b2f      	ldr	r3, [pc, #188]	; (8005fa4 <initTimerPwm3+0xf0>)
 8005ee8:	2200      	movs	r2, #0
 8005eea:	80da      	strh	r2, [r3, #6]
    //Направление счета основного счетчика: // MDR_TIMERx->CNTRL 3 бит
    sTIM_CntInit.TIMER_CounterDirection = TIMER_CntDir_Up; 
 8005eec:	4b2d      	ldr	r3, [pc, #180]	; (8005fa4 <initTimerPwm3+0xf0>)
 8005eee:	2200      	movs	r2, #0
 8005ef0:	811a      	strh	r2, [r3, #8]
    //Сигналом для изменения CNT, Биты выбора источника событий:
    /// MDR_TIMERx->CNTRL 11..8 биты(EVENT_SEL)
    sTIM_CntInit.TIMER_EventSource = TIMER_EvSrc_TIM_CLK;
 8005ef2:	4b2c      	ldr	r3, [pc, #176]	; (8005fa4 <initTimerPwm3+0xf0>)
 8005ef4:	2200      	movs	r2, #0
 8005ef6:	815a      	strh	r2, [r3, #10]
    //Частота семплирования данных FDTS:
    /// MDR_TIMERx->CNTRL 5..4 биты(FDTS)
    sTIM_CntInit.TIMER_FilterSampling = TIMER_FDTS_TIMER_CLK_div_1; 
 8005ef8:	4b2a      	ldr	r3, [pc, #168]	; (8005fa4 <initTimerPwm3+0xf0>)
 8005efa:	2200      	movs	r2, #0
 8005efc:	819a      	strh	r2, [r3, #12]
    //Разрешение обновления ARR при завершении счета CNT
    /// MDR_TIMERx->CNTRL 1 бит (ARRB_EN)
    sTIM_CntInit.TIMER_ARR_UpdateMode = TIMER_ARR_Update_Immediately; 
 8005efe:	4b29      	ldr	r3, [pc, #164]	; (8005fa4 <initTimerPwm3+0xf0>)
 8005f00:	2200      	movs	r2, #0
 8005f02:	81da      	strh	r2, [r3, #14]

    //Цифровой фильтр на входе ETR.
    // MDR_BRKETR_CNTRL 1 бит (ETR FILTER[3:0])
    sTIM_CntInit.TIMER_ETR_FilterConf = TIMER_Filter_1FF_at_TIMER_CLK;
 8005f04:	4b27      	ldr	r3, [pc, #156]	; (8005fa4 <initTimerPwm3+0xf0>)
 8005f06:	2200      	movs	r2, #0
 8005f08:	821a      	strh	r2, [r3, #16]
    //Асинхронный предделитель внешней частоты:    
    // MDR_BRKETR_CNTRL 1 бит (ETRPSC[1:0])
    sTIM_CntInit.TIMER_ETR_Prescaler = TIMER_ETR_Prescaler_None; 
 8005f0a:	4b26      	ldr	r3, [pc, #152]	; (8005fa4 <initTimerPwm3+0xf0>)
 8005f0c:	2200      	movs	r2, #0
 8005f0e:	825a      	strh	r2, [r3, #18]
    //Инверсия входа ETR:
    // MDR_BRKETR_CNTRL 1 бит (ETR INV)
    sTIM_CntInit.TIMER_ETR_Polarity = TIMER_ETRPolarity_NonInverted;
 8005f10:	4b24      	ldr	r3, [pc, #144]	; (8005fa4 <initTimerPwm3+0xf0>)
 8005f12:	2200      	movs	r2, #0
 8005f14:	829a      	strh	r2, [r3, #20]
    //Инверсия входа BRK:
    // MDR_BRKETR_CNTRL 0 бит (BRK INV)
    sTIM_CntInit.TIMER_BRK_Polarity = TIMER_BRKPolarity_NonInverted; 
 8005f16:	4b23      	ldr	r3, [pc, #140]	; (8005fa4 <initTimerPwm3+0xf0>)
 8005f18:	2200      	movs	r2, #0
 8005f1a:	82da      	strh	r2, [r3, #22]
    TIMER_CntInit(MDR_TIMER3, &sTIM_CntInit);
 8005f1c:	4921      	ldr	r1, [pc, #132]	; (8005fa4 <initTimerPwm3+0xf0>)
 8005f1e:	4820      	ldr	r0, [pc, #128]	; (8005fa0 <initTimerPwm3+0xec>)
 8005f20:	f7fb f953 	bl	80011ca <TIMER_CntInit>
     
    // инициализация каналов 
    TIMER_ChnInitTypeDef sTIM_ChnInit;
    TIMER_ChnStructInit(&sTIM_ChnInit);
 8005f24:	f107 0314 	add.w	r3, r7, #20
 8005f28:	4618      	mov	r0, r3
 8005f2a:	f7fb fa00 	bl	800132e <TIMER_ChnStructInit>
    sTIM_ChnInit.TIMER_CH_Mode = TIMER_CH_MODE_PWM;
 8005f2e:	2300      	movs	r3, #0
 8005f30:	82fb      	strh	r3, [r7, #22]
    sTIM_ChnInit.TIMER_CH_REF_Format = TIMER_CH_REF_Format6; 
 8005f32:	f44f 6340 	mov.w	r3, #3072	; 0xc00
 8005f36:	83fb      	strh	r3, [r7, #30]
    TIMER_ChnInit(MDR_TIMER3, &sTIM_ChnInit);
    TIMER_SetChnCompare(MDR_TIMER3, TIMER_CHANNEL3, TIMER_MAX_VALUE>>1);
    #endif

    #ifdef TMR3_CH4
    sTIM_ChnInit.TIMER_CH_Number = TIMER_CHANNEL4;
 8005f38:	2303      	movs	r3, #3
 8005f3a:	82bb      	strh	r3, [r7, #20]
    TIMER_ChnInit(MDR_TIMER3, &sTIM_ChnInit);
 8005f3c:	f107 0314 	add.w	r3, r7, #20
 8005f40:	4619      	mov	r1, r3
 8005f42:	4817      	ldr	r0, [pc, #92]	; (8005fa0 <initTimerPwm3+0xec>)
 8005f44:	f7fb f99d 	bl	8001282 <TIMER_ChnInit>
    TIMER_SetChnCompare(MDR_TIMER3, TIMER_CHANNEL4, TIMER_MAX_VALUE>>1);
 8005f48:	f240 72ff 	movw	r2, #2047	; 0x7ff
 8005f4c:	2103      	movs	r1, #3
 8005f4e:	4814      	ldr	r0, [pc, #80]	; (8005fa0 <initTimerPwm3+0xec>)
 8005f50:	f7fb fa1d 	bl	800138e <TIMER_SetChnCompare>
    #endif

    /* Initializes the TIMER Channel 1,1N,2,2N,3 Output */
    TIMER_ChnOutInitTypeDef sTIM_ChnOutInit;
    TIMER_ChnOutStructInit(&sTIM_ChnOutInit);
 8005f54:	463b      	mov	r3, r7
 8005f56:	4618      	mov	r0, r3
 8005f58:	f7fb fa6e 	bl	8001438 <TIMER_ChnOutStructInit>
    sTIM_ChnOutInit.TIMER_CH_DirOut_Polarity = TIMER_CHOPolarity_NonInverted;
 8005f5c:	2300      	movs	r3, #0
 8005f5e:	807b      	strh	r3, [r7, #2]
    sTIM_ChnOutInit.TIMER_CH_DirOut_Source   = TIMER_CH_OutSrc_REF;
 8005f60:	2302      	movs	r3, #2
 8005f62:	80bb      	strh	r3, [r7, #4]
    sTIM_ChnOutInit.TIMER_CH_DirOut_Mode     = TIMER_CH_OutMode_Output;
 8005f64:	2301      	movs	r3, #1
 8005f66:	80fb      	strh	r3, [r7, #6]
    sTIM_ChnOutInit.TIMER_CH_NegOut_Polarity = TIMER_CHOPolarity_NonInverted;
 8005f68:	2300      	movs	r3, #0
 8005f6a:	813b      	strh	r3, [r7, #8]
    sTIM_ChnOutInit.TIMER_CH_NegOut_Source   = TIMER_CH_OutSrc_REF;
 8005f6c:	2302      	movs	r3, #2
 8005f6e:	817b      	strh	r3, [r7, #10]
    sTIM_ChnOutInit.TIMER_CH_NegOut_Mode     = TIMER_CH_OutMode_Output;
 8005f70:	2301      	movs	r3, #1
 8005f72:	81bb      	strh	r3, [r7, #12]
    sTIM_ChnOutInit.TIMER_CH_Number          = TIMER_CHANNEL3;
    TIMER_ChnOutInit(MDR_TIMER3, &sTIM_ChnOutInit);
    #endif
    
    #ifdef TMR3_CH4
    sTIM_ChnOutInit.TIMER_CH_Number          = TIMER_CHANNEL4;
 8005f74:	2303      	movs	r3, #3
 8005f76:	803b      	strh	r3, [r7, #0]
    TIMER_ChnOutInit(MDR_TIMER3, &sTIM_ChnOutInit);
 8005f78:	463b      	mov	r3, r7
 8005f7a:	4619      	mov	r1, r3
 8005f7c:	4808      	ldr	r0, [pc, #32]	; (8005fa0 <initTimerPwm3+0xec>)
 8005f7e:	f7fb fa1d 	bl	80013bc <TIMER_ChnOutInit>
    #endif

    /* Enable TIMER clock */
    TIMER_BRGInit(MDR_TIMER3,TIMER_HCLKdiv1);
 8005f82:	2100      	movs	r1, #0
 8005f84:	4806      	ldr	r0, [pc, #24]	; (8005fa0 <initTimerPwm3+0xec>)
 8005f86:	f7fb fac9 	bl	800151c <TIMER_BRGInit>

    /* Enable TIMER */
    TIMER_Cmd(MDR_TIMER3,ENABLE);
 8005f8a:	2101      	movs	r1, #1
 8005f8c:	4804      	ldr	r0, [pc, #16]	; (8005fa0 <initTimerPwm3+0xec>)
 8005f8e:	f7fb f95b 	bl	8001248 <TIMER_Cmd>
}
 8005f92:	bf00      	nop
 8005f94:	3730      	adds	r7, #48	; 0x30
 8005f96:	46bd      	mov	sp, r7
 8005f98:	bd80      	pop	{r7, pc}
 8005f9a:	bf00      	nop
 8005f9c:	20000718 	.word	0x20000718
 8005fa0:	40080000 	.word	0x40080000
 8005fa4:	2000117c 	.word	0x2000117c

08005fa8 <Reset_Handler>:
 *    __data_start__: VMA of start of the section to copy to
 *    __data_end__: VMA of end of the section to copy to
 *
 *  All addresses must be aligned to 4 bytes boundary.
 */
	ldr	r1, =__etext
 8005fa8:	4909      	ldr	r1, [pc, #36]	; (8005fd0 <Reset_Handler+0x28>)
	ldr	r2, =__data_start__
 8005faa:	4a0a      	ldr	r2, [pc, #40]	; (8005fd4 <Reset_Handler+0x2c>)
	ldr	r3, =__data_end__
 8005fac:	4b0a      	ldr	r3, [pc, #40]	; (8005fd8 <Reset_Handler+0x30>)

.L_loop1:
	cmp	r2, r3
 8005fae:	429a      	cmp	r2, r3
	ittt	lt
 8005fb0:	bfbe      	ittt	lt
	ldrlt	r0, [r1], #4
 8005fb2:	f851 0b04 	ldrlt.w	r0, [r1], #4
	strlt	r0, [r2], #4
 8005fb6:	f842 0b04 	strlt.w	r0, [r2], #4
	blt	.L_loop1
 8005fba:	e7f8      	blt.n	8005fae <Reset_Handler+0x6>
 *    __bss_start__: start of the BSS section.
 *    __bss_end__: end of the BSS section.
 *
 *  Both addresses must be aligned to 4 bytes boundary.
 */
	ldr	r1, =__bss_start__
 8005fbc:	4907      	ldr	r1, [pc, #28]	; (8005fdc <Reset_Handler+0x34>)
	ldr	r2, =__bss_end__
 8005fbe:	4a08      	ldr	r2, [pc, #32]	; (8005fe0 <Reset_Handler+0x38>)

	movs	r0, #0
 8005fc0:	2000      	movs	r0, #0
.L_loop3:
	cmp	r1, r2
 8005fc2:	4291      	cmp	r1, r2
	itt	lt
 8005fc4:	bfbc      	itt	lt
	strlt	r0, [r1], #4
 8005fc6:	f841 0b04 	strlt.w	r0, [r1], #4
	blt	.L_loop3
 8005fca:	e7fa      	blt.n	8005fc2 <Reset_Handler+0x1a>
#endif

#ifndef __START
#define __START _start
#endif
	bl	__START
 8005fcc:	f7ff f824 	bl	8005018 <main>
	ldr	r1, =__etext
 8005fd0:	08006914 	.word	0x08006914
	ldr	r2, =__data_start__
 8005fd4:	20000000 	.word	0x20000000
	ldr	r3, =__data_end__
 8005fd8:	20000724 	.word	0x20000724
	ldr	r1, =__bss_start__
 8005fdc:	20000724 	.word	0x20000724
	ldr	r2, =__bss_end__
 8005fe0:	2000119c 	.word	0x2000119c

08005fe4 <Default_Handler>:
	.align	1
	.thumb_func
	.weak	Default_Handler
	.type	Default_Handler, %function
Default_Handler:
	b	.
 8005fe4:	e7fe      	b.n	8005fe4 <Default_Handler>
 8005fe6:	bf00      	nop

08005fe8 <__aeabi_frsub>:
 8005fe8:	f080 4000 	eor.w	r0, r0, #2147483648	; 0x80000000
 8005fec:	e002      	b.n	8005ff4 <__addsf3>
 8005fee:	bf00      	nop

08005ff0 <__aeabi_fsub>:
 8005ff0:	f081 4100 	eor.w	r1, r1, #2147483648	; 0x80000000

08005ff4 <__addsf3>:
 8005ff4:	0042      	lsls	r2, r0, #1
 8005ff6:	bf1f      	itttt	ne
 8005ff8:	ea5f 0341 	movsne.w	r3, r1, lsl #1
 8005ffc:	ea92 0f03 	teqne	r2, r3
 8006000:	ea7f 6c22 	mvnsne.w	ip, r2, asr #24
 8006004:	ea7f 6c23 	mvnsne.w	ip, r3, asr #24
 8006008:	d06a      	beq.n	80060e0 <__addsf3+0xec>
 800600a:	ea4f 6212 	mov.w	r2, r2, lsr #24
 800600e:	ebd2 6313 	rsbs	r3, r2, r3, lsr #24
 8006012:	bfc1      	itttt	gt
 8006014:	18d2      	addgt	r2, r2, r3
 8006016:	4041      	eorgt	r1, r0
 8006018:	4048      	eorgt	r0, r1
 800601a:	4041      	eorgt	r1, r0
 800601c:	bfb8      	it	lt
 800601e:	425b      	neglt	r3, r3
 8006020:	2b19      	cmp	r3, #25
 8006022:	bf88      	it	hi
 8006024:	4770      	bxhi	lr
 8006026:	f010 4f00 	tst.w	r0, #2147483648	; 0x80000000
 800602a:	f440 0000 	orr.w	r0, r0, #8388608	; 0x800000
 800602e:	f020 407f 	bic.w	r0, r0, #4278190080	; 0xff000000
 8006032:	bf18      	it	ne
 8006034:	4240      	negne	r0, r0
 8006036:	f011 4f00 	tst.w	r1, #2147483648	; 0x80000000
 800603a:	f441 0100 	orr.w	r1, r1, #8388608	; 0x800000
 800603e:	f021 417f 	bic.w	r1, r1, #4278190080	; 0xff000000
 8006042:	bf18      	it	ne
 8006044:	4249      	negne	r1, r1
 8006046:	ea92 0f03 	teq	r2, r3
 800604a:	d03f      	beq.n	80060cc <__addsf3+0xd8>
 800604c:	f1a2 0201 	sub.w	r2, r2, #1
 8006050:	fa41 fc03 	asr.w	ip, r1, r3
 8006054:	eb10 000c 	adds.w	r0, r0, ip
 8006058:	f1c3 0320 	rsb	r3, r3, #32
 800605c:	fa01 f103 	lsl.w	r1, r1, r3
 8006060:	f000 4300 	and.w	r3, r0, #2147483648	; 0x80000000
 8006064:	d502      	bpl.n	800606c <__addsf3+0x78>
 8006066:	4249      	negs	r1, r1
 8006068:	eb60 0040 	sbc.w	r0, r0, r0, lsl #1
 800606c:	f5b0 0f00 	cmp.w	r0, #8388608	; 0x800000
 8006070:	d313      	bcc.n	800609a <__addsf3+0xa6>
 8006072:	f1b0 7f80 	cmp.w	r0, #16777216	; 0x1000000
 8006076:	d306      	bcc.n	8006086 <__addsf3+0x92>
 8006078:	0840      	lsrs	r0, r0, #1
 800607a:	ea4f 0131 	mov.w	r1, r1, rrx
 800607e:	f102 0201 	add.w	r2, r2, #1
 8006082:	2afe      	cmp	r2, #254	; 0xfe
 8006084:	d251      	bcs.n	800612a <__addsf3+0x136>
 8006086:	f1b1 4f00 	cmp.w	r1, #2147483648	; 0x80000000
 800608a:	eb40 50c2 	adc.w	r0, r0, r2, lsl #23
 800608e:	bf08      	it	eq
 8006090:	f020 0001 	biceq.w	r0, r0, #1
 8006094:	ea40 0003 	orr.w	r0, r0, r3
 8006098:	4770      	bx	lr
 800609a:	0049      	lsls	r1, r1, #1
 800609c:	eb40 0000 	adc.w	r0, r0, r0
 80060a0:	3a01      	subs	r2, #1
 80060a2:	bf28      	it	cs
 80060a4:	f5b0 0f00 	cmpcs.w	r0, #8388608	; 0x800000
 80060a8:	d2ed      	bcs.n	8006086 <__addsf3+0x92>
 80060aa:	fab0 fc80 	clz	ip, r0
 80060ae:	f1ac 0c08 	sub.w	ip, ip, #8
 80060b2:	ebb2 020c 	subs.w	r2, r2, ip
 80060b6:	fa00 f00c 	lsl.w	r0, r0, ip
 80060ba:	bfaa      	itet	ge
 80060bc:	eb00 50c2 	addge.w	r0, r0, r2, lsl #23
 80060c0:	4252      	neglt	r2, r2
 80060c2:	4318      	orrge	r0, r3
 80060c4:	bfbc      	itt	lt
 80060c6:	40d0      	lsrlt	r0, r2
 80060c8:	4318      	orrlt	r0, r3
 80060ca:	4770      	bx	lr
 80060cc:	f092 0f00 	teq	r2, #0
 80060d0:	f481 0100 	eor.w	r1, r1, #8388608	; 0x800000
 80060d4:	bf06      	itte	eq
 80060d6:	f480 0000 	eoreq.w	r0, r0, #8388608	; 0x800000
 80060da:	3201      	addeq	r2, #1
 80060dc:	3b01      	subne	r3, #1
 80060de:	e7b5      	b.n	800604c <__addsf3+0x58>
 80060e0:	ea4f 0341 	mov.w	r3, r1, lsl #1
 80060e4:	ea7f 6c22 	mvns.w	ip, r2, asr #24
 80060e8:	bf18      	it	ne
 80060ea:	ea7f 6c23 	mvnsne.w	ip, r3, asr #24
 80060ee:	d021      	beq.n	8006134 <__addsf3+0x140>
 80060f0:	ea92 0f03 	teq	r2, r3
 80060f4:	d004      	beq.n	8006100 <__addsf3+0x10c>
 80060f6:	f092 0f00 	teq	r2, #0
 80060fa:	bf08      	it	eq
 80060fc:	4608      	moveq	r0, r1
 80060fe:	4770      	bx	lr
 8006100:	ea90 0f01 	teq	r0, r1
 8006104:	bf1c      	itt	ne
 8006106:	2000      	movne	r0, #0
 8006108:	4770      	bxne	lr
 800610a:	f012 4f7f 	tst.w	r2, #4278190080	; 0xff000000
 800610e:	d104      	bne.n	800611a <__addsf3+0x126>
 8006110:	0040      	lsls	r0, r0, #1
 8006112:	bf28      	it	cs
 8006114:	f040 4000 	orrcs.w	r0, r0, #2147483648	; 0x80000000
 8006118:	4770      	bx	lr
 800611a:	f112 7200 	adds.w	r2, r2, #33554432	; 0x2000000
 800611e:	bf3c      	itt	cc
 8006120:	f500 0000 	addcc.w	r0, r0, #8388608	; 0x800000
 8006124:	4770      	bxcc	lr
 8006126:	f000 4300 	and.w	r3, r0, #2147483648	; 0x80000000
 800612a:	f043 40fe 	orr.w	r0, r3, #2130706432	; 0x7f000000
 800612e:	f440 0000 	orr.w	r0, r0, #8388608	; 0x800000
 8006132:	4770      	bx	lr
 8006134:	ea7f 6222 	mvns.w	r2, r2, asr #24
 8006138:	bf16      	itet	ne
 800613a:	4608      	movne	r0, r1
 800613c:	ea7f 6323 	mvnseq.w	r3, r3, asr #24
 8006140:	4601      	movne	r1, r0
 8006142:	0242      	lsls	r2, r0, #9
 8006144:	bf06      	itte	eq
 8006146:	ea5f 2341 	movseq.w	r3, r1, lsl #9
 800614a:	ea90 0f01 	teqeq	r0, r1
 800614e:	f440 0080 	orrne.w	r0, r0, #4194304	; 0x400000
 8006152:	4770      	bx	lr

08006154 <__aeabi_ui2f>:
 8006154:	f04f 0300 	mov.w	r3, #0
 8006158:	e004      	b.n	8006164 <__aeabi_i2f+0x8>
 800615a:	bf00      	nop

0800615c <__aeabi_i2f>:
 800615c:	f010 4300 	ands.w	r3, r0, #2147483648	; 0x80000000
 8006160:	bf48      	it	mi
 8006162:	4240      	negmi	r0, r0
 8006164:	ea5f 0c00 	movs.w	ip, r0
 8006168:	bf08      	it	eq
 800616a:	4770      	bxeq	lr
 800616c:	f043 4396 	orr.w	r3, r3, #1258291200	; 0x4b000000
 8006170:	4601      	mov	r1, r0
 8006172:	f04f 0000 	mov.w	r0, #0
 8006176:	e01c      	b.n	80061b2 <__aeabi_l2f+0x2a>

08006178 <__aeabi_ul2f>:
 8006178:	ea50 0201 	orrs.w	r2, r0, r1
 800617c:	bf08      	it	eq
 800617e:	4770      	bxeq	lr
 8006180:	f04f 0300 	mov.w	r3, #0
 8006184:	e00a      	b.n	800619c <__aeabi_l2f+0x14>
 8006186:	bf00      	nop

08006188 <__aeabi_l2f>:
 8006188:	ea50 0201 	orrs.w	r2, r0, r1
 800618c:	bf08      	it	eq
 800618e:	4770      	bxeq	lr
 8006190:	f011 4300 	ands.w	r3, r1, #2147483648	; 0x80000000
 8006194:	d502      	bpl.n	800619c <__aeabi_l2f+0x14>
 8006196:	4240      	negs	r0, r0
 8006198:	eb61 0141 	sbc.w	r1, r1, r1, lsl #1
 800619c:	ea5f 0c01 	movs.w	ip, r1
 80061a0:	bf02      	ittt	eq
 80061a2:	4684      	moveq	ip, r0
 80061a4:	4601      	moveq	r1, r0
 80061a6:	2000      	moveq	r0, #0
 80061a8:	f043 43b6 	orr.w	r3, r3, #1526726656	; 0x5b000000
 80061ac:	bf08      	it	eq
 80061ae:	f1a3 5380 	subeq.w	r3, r3, #268435456	; 0x10000000
 80061b2:	f5a3 0300 	sub.w	r3, r3, #8388608	; 0x800000
 80061b6:	fabc f28c 	clz	r2, ip
 80061ba:	3a08      	subs	r2, #8
 80061bc:	eba3 53c2 	sub.w	r3, r3, r2, lsl #23
 80061c0:	db10      	blt.n	80061e4 <__aeabi_l2f+0x5c>
 80061c2:	fa01 fc02 	lsl.w	ip, r1, r2
 80061c6:	4463      	add	r3, ip
 80061c8:	fa00 fc02 	lsl.w	ip, r0, r2
 80061cc:	f1c2 0220 	rsb	r2, r2, #32
 80061d0:	f1bc 4f00 	cmp.w	ip, #2147483648	; 0x80000000
 80061d4:	fa20 f202 	lsr.w	r2, r0, r2
 80061d8:	eb43 0002 	adc.w	r0, r3, r2
 80061dc:	bf08      	it	eq
 80061de:	f020 0001 	biceq.w	r0, r0, #1
 80061e2:	4770      	bx	lr
 80061e4:	f102 0220 	add.w	r2, r2, #32
 80061e8:	fa01 fc02 	lsl.w	ip, r1, r2
 80061ec:	f1c2 0220 	rsb	r2, r2, #32
 80061f0:	ea50 004c 	orrs.w	r0, r0, ip, lsl #1
 80061f4:	fa21 f202 	lsr.w	r2, r1, r2
 80061f8:	eb43 0002 	adc.w	r0, r3, r2
 80061fc:	bf08      	it	eq
 80061fe:	ea20 70dc 	biceq.w	r0, r0, ip, lsr #31
 8006202:	4770      	bx	lr

08006204 <__aeabi_fmul>:
 8006204:	f04f 0cff 	mov.w	ip, #255	; 0xff
 8006208:	ea1c 52d0 	ands.w	r2, ip, r0, lsr #23
 800620c:	bf1e      	ittt	ne
 800620e:	ea1c 53d1 	andsne.w	r3, ip, r1, lsr #23
 8006212:	ea92 0f0c 	teqne	r2, ip
 8006216:	ea93 0f0c 	teqne	r3, ip
 800621a:	d06f      	beq.n	80062fc <__aeabi_fmul+0xf8>
 800621c:	441a      	add	r2, r3
 800621e:	ea80 0c01 	eor.w	ip, r0, r1
 8006222:	0240      	lsls	r0, r0, #9
 8006224:	bf18      	it	ne
 8006226:	ea5f 2141 	movsne.w	r1, r1, lsl #9
 800622a:	d01e      	beq.n	800626a <__aeabi_fmul+0x66>
 800622c:	f04f 6300 	mov.w	r3, #134217728	; 0x8000000
 8006230:	ea43 1050 	orr.w	r0, r3, r0, lsr #5
 8006234:	ea43 1151 	orr.w	r1, r3, r1, lsr #5
 8006238:	fba0 3101 	umull	r3, r1, r0, r1
 800623c:	f00c 4000 	and.w	r0, ip, #2147483648	; 0x80000000
 8006240:	f5b1 0f00 	cmp.w	r1, #8388608	; 0x800000
 8006244:	bf3e      	ittt	cc
 8006246:	0049      	lslcc	r1, r1, #1
 8006248:	ea41 71d3 	orrcc.w	r1, r1, r3, lsr #31
 800624c:	005b      	lslcc	r3, r3, #1
 800624e:	ea40 0001 	orr.w	r0, r0, r1
 8006252:	f162 027f 	sbc.w	r2, r2, #127	; 0x7f
 8006256:	2afd      	cmp	r2, #253	; 0xfd
 8006258:	d81d      	bhi.n	8006296 <__aeabi_fmul+0x92>
 800625a:	f1b3 4f00 	cmp.w	r3, #2147483648	; 0x80000000
 800625e:	eb40 50c2 	adc.w	r0, r0, r2, lsl #23
 8006262:	bf08      	it	eq
 8006264:	f020 0001 	biceq.w	r0, r0, #1
 8006268:	4770      	bx	lr
 800626a:	f090 0f00 	teq	r0, #0
 800626e:	f00c 4c00 	and.w	ip, ip, #2147483648	; 0x80000000
 8006272:	bf08      	it	eq
 8006274:	0249      	lsleq	r1, r1, #9
 8006276:	ea4c 2050 	orr.w	r0, ip, r0, lsr #9
 800627a:	ea40 2051 	orr.w	r0, r0, r1, lsr #9
 800627e:	3a7f      	subs	r2, #127	; 0x7f
 8006280:	bfc2      	ittt	gt
 8006282:	f1d2 03ff 	rsbsgt	r3, r2, #255	; 0xff
 8006286:	ea40 50c2 	orrgt.w	r0, r0, r2, lsl #23
 800628a:	4770      	bxgt	lr
 800628c:	f440 0000 	orr.w	r0, r0, #8388608	; 0x800000
 8006290:	f04f 0300 	mov.w	r3, #0
 8006294:	3a01      	subs	r2, #1
 8006296:	dc5d      	bgt.n	8006354 <__aeabi_fmul+0x150>
 8006298:	f112 0f19 	cmn.w	r2, #25
 800629c:	bfdc      	itt	le
 800629e:	f000 4000 	andle.w	r0, r0, #2147483648	; 0x80000000
 80062a2:	4770      	bxle	lr
 80062a4:	f1c2 0200 	rsb	r2, r2, #0
 80062a8:	0041      	lsls	r1, r0, #1
 80062aa:	fa21 f102 	lsr.w	r1, r1, r2
 80062ae:	f1c2 0220 	rsb	r2, r2, #32
 80062b2:	fa00 fc02 	lsl.w	ip, r0, r2
 80062b6:	ea5f 0031 	movs.w	r0, r1, rrx
 80062ba:	f140 0000 	adc.w	r0, r0, #0
 80062be:	ea53 034c 	orrs.w	r3, r3, ip, lsl #1
 80062c2:	bf08      	it	eq
 80062c4:	ea20 70dc 	biceq.w	r0, r0, ip, lsr #31
 80062c8:	4770      	bx	lr
 80062ca:	f092 0f00 	teq	r2, #0
 80062ce:	f000 4c00 	and.w	ip, r0, #2147483648	; 0x80000000
 80062d2:	bf02      	ittt	eq
 80062d4:	0040      	lsleq	r0, r0, #1
 80062d6:	f410 0f00 	tsteq.w	r0, #8388608	; 0x800000
 80062da:	3a01      	subeq	r2, #1
 80062dc:	d0f9      	beq.n	80062d2 <__aeabi_fmul+0xce>
 80062de:	ea40 000c 	orr.w	r0, r0, ip
 80062e2:	f093 0f00 	teq	r3, #0
 80062e6:	f001 4c00 	and.w	ip, r1, #2147483648	; 0x80000000
 80062ea:	bf02      	ittt	eq
 80062ec:	0049      	lsleq	r1, r1, #1
 80062ee:	f411 0f00 	tsteq.w	r1, #8388608	; 0x800000
 80062f2:	3b01      	subeq	r3, #1
 80062f4:	d0f9      	beq.n	80062ea <__aeabi_fmul+0xe6>
 80062f6:	ea41 010c 	orr.w	r1, r1, ip
 80062fa:	e78f      	b.n	800621c <__aeabi_fmul+0x18>
 80062fc:	ea0c 53d1 	and.w	r3, ip, r1, lsr #23
 8006300:	ea92 0f0c 	teq	r2, ip
 8006304:	bf18      	it	ne
 8006306:	ea93 0f0c 	teqne	r3, ip
 800630a:	d00a      	beq.n	8006322 <__aeabi_fmul+0x11e>
 800630c:	f030 4c00 	bics.w	ip, r0, #2147483648	; 0x80000000
 8006310:	bf18      	it	ne
 8006312:	f031 4c00 	bicsne.w	ip, r1, #2147483648	; 0x80000000
 8006316:	d1d8      	bne.n	80062ca <__aeabi_fmul+0xc6>
 8006318:	ea80 0001 	eor.w	r0, r0, r1
 800631c:	f000 4000 	and.w	r0, r0, #2147483648	; 0x80000000
 8006320:	4770      	bx	lr
 8006322:	f090 0f00 	teq	r0, #0
 8006326:	bf17      	itett	ne
 8006328:	f090 4f00 	teqne	r0, #2147483648	; 0x80000000
 800632c:	4608      	moveq	r0, r1
 800632e:	f091 0f00 	teqne	r1, #0
 8006332:	f091 4f00 	teqne	r1, #2147483648	; 0x80000000
 8006336:	d014      	beq.n	8006362 <__aeabi_fmul+0x15e>
 8006338:	ea92 0f0c 	teq	r2, ip
 800633c:	d101      	bne.n	8006342 <__aeabi_fmul+0x13e>
 800633e:	0242      	lsls	r2, r0, #9
 8006340:	d10f      	bne.n	8006362 <__aeabi_fmul+0x15e>
 8006342:	ea93 0f0c 	teq	r3, ip
 8006346:	d103      	bne.n	8006350 <__aeabi_fmul+0x14c>
 8006348:	024b      	lsls	r3, r1, #9
 800634a:	bf18      	it	ne
 800634c:	4608      	movne	r0, r1
 800634e:	d108      	bne.n	8006362 <__aeabi_fmul+0x15e>
 8006350:	ea80 0001 	eor.w	r0, r0, r1
 8006354:	f000 4000 	and.w	r0, r0, #2147483648	; 0x80000000
 8006358:	f040 40fe 	orr.w	r0, r0, #2130706432	; 0x7f000000
 800635c:	f440 0000 	orr.w	r0, r0, #8388608	; 0x800000
 8006360:	4770      	bx	lr
 8006362:	f040 40fe 	orr.w	r0, r0, #2130706432	; 0x7f000000
 8006366:	f440 0040 	orr.w	r0, r0, #12582912	; 0xc00000
 800636a:	4770      	bx	lr

0800636c <__aeabi_fdiv>:
 800636c:	f04f 0cff 	mov.w	ip, #255	; 0xff
 8006370:	ea1c 52d0 	ands.w	r2, ip, r0, lsr #23
 8006374:	bf1e      	ittt	ne
 8006376:	ea1c 53d1 	andsne.w	r3, ip, r1, lsr #23
 800637a:	ea92 0f0c 	teqne	r2, ip
 800637e:	ea93 0f0c 	teqne	r3, ip
 8006382:	d069      	beq.n	8006458 <__aeabi_fdiv+0xec>
 8006384:	eba2 0203 	sub.w	r2, r2, r3
 8006388:	ea80 0c01 	eor.w	ip, r0, r1
 800638c:	0249      	lsls	r1, r1, #9
 800638e:	ea4f 2040 	mov.w	r0, r0, lsl #9
 8006392:	d037      	beq.n	8006404 <__aeabi_fdiv+0x98>
 8006394:	f04f 5380 	mov.w	r3, #268435456	; 0x10000000
 8006398:	ea43 1111 	orr.w	r1, r3, r1, lsr #4
 800639c:	ea43 1310 	orr.w	r3, r3, r0, lsr #4
 80063a0:	f00c 4000 	and.w	r0, ip, #2147483648	; 0x80000000
 80063a4:	428b      	cmp	r3, r1
 80063a6:	bf38      	it	cc
 80063a8:	005b      	lslcc	r3, r3, #1
 80063aa:	f142 027d 	adc.w	r2, r2, #125	; 0x7d
 80063ae:	f44f 0c00 	mov.w	ip, #8388608	; 0x800000
 80063b2:	428b      	cmp	r3, r1
 80063b4:	bf24      	itt	cs
 80063b6:	1a5b      	subcs	r3, r3, r1
 80063b8:	ea40 000c 	orrcs.w	r0, r0, ip
 80063bc:	ebb3 0f51 	cmp.w	r3, r1, lsr #1
 80063c0:	bf24      	itt	cs
 80063c2:	eba3 0351 	subcs.w	r3, r3, r1, lsr #1
 80063c6:	ea40 005c 	orrcs.w	r0, r0, ip, lsr #1
 80063ca:	ebb3 0f91 	cmp.w	r3, r1, lsr #2
 80063ce:	bf24      	itt	cs
 80063d0:	eba3 0391 	subcs.w	r3, r3, r1, lsr #2
 80063d4:	ea40 009c 	orrcs.w	r0, r0, ip, lsr #2
 80063d8:	ebb3 0fd1 	cmp.w	r3, r1, lsr #3
 80063dc:	bf24      	itt	cs
 80063de:	eba3 03d1 	subcs.w	r3, r3, r1, lsr #3
 80063e2:	ea40 00dc 	orrcs.w	r0, r0, ip, lsr #3
 80063e6:	011b      	lsls	r3, r3, #4
 80063e8:	bf18      	it	ne
 80063ea:	ea5f 1c1c 	movsne.w	ip, ip, lsr #4
 80063ee:	d1e0      	bne.n	80063b2 <__aeabi_fdiv+0x46>
 80063f0:	2afd      	cmp	r2, #253	; 0xfd
 80063f2:	f63f af50 	bhi.w	8006296 <__aeabi_fmul+0x92>
 80063f6:	428b      	cmp	r3, r1
 80063f8:	eb40 50c2 	adc.w	r0, r0, r2, lsl #23
 80063fc:	bf08      	it	eq
 80063fe:	f020 0001 	biceq.w	r0, r0, #1
 8006402:	4770      	bx	lr
 8006404:	f00c 4c00 	and.w	ip, ip, #2147483648	; 0x80000000
 8006408:	ea4c 2050 	orr.w	r0, ip, r0, lsr #9
 800640c:	327f      	adds	r2, #127	; 0x7f
 800640e:	bfc2      	ittt	gt
 8006410:	f1d2 03ff 	rsbsgt	r3, r2, #255	; 0xff
 8006414:	ea40 50c2 	orrgt.w	r0, r0, r2, lsl #23
 8006418:	4770      	bxgt	lr
 800641a:	f440 0000 	orr.w	r0, r0, #8388608	; 0x800000
 800641e:	f04f 0300 	mov.w	r3, #0
 8006422:	3a01      	subs	r2, #1
 8006424:	e737      	b.n	8006296 <__aeabi_fmul+0x92>
 8006426:	f092 0f00 	teq	r2, #0
 800642a:	f000 4c00 	and.w	ip, r0, #2147483648	; 0x80000000
 800642e:	bf02      	ittt	eq
 8006430:	0040      	lsleq	r0, r0, #1
 8006432:	f410 0f00 	tsteq.w	r0, #8388608	; 0x800000
 8006436:	3a01      	subeq	r2, #1
 8006438:	d0f9      	beq.n	800642e <__aeabi_fdiv+0xc2>
 800643a:	ea40 000c 	orr.w	r0, r0, ip
 800643e:	f093 0f00 	teq	r3, #0
 8006442:	f001 4c00 	and.w	ip, r1, #2147483648	; 0x80000000
 8006446:	bf02      	ittt	eq
 8006448:	0049      	lsleq	r1, r1, #1
 800644a:	f411 0f00 	tsteq.w	r1, #8388608	; 0x800000
 800644e:	3b01      	subeq	r3, #1
 8006450:	d0f9      	beq.n	8006446 <__aeabi_fdiv+0xda>
 8006452:	ea41 010c 	orr.w	r1, r1, ip
 8006456:	e795      	b.n	8006384 <__aeabi_fdiv+0x18>
 8006458:	ea0c 53d1 	and.w	r3, ip, r1, lsr #23
 800645c:	ea92 0f0c 	teq	r2, ip
 8006460:	d108      	bne.n	8006474 <__aeabi_fdiv+0x108>
 8006462:	0242      	lsls	r2, r0, #9
 8006464:	f47f af7d 	bne.w	8006362 <__aeabi_fmul+0x15e>
 8006468:	ea93 0f0c 	teq	r3, ip
 800646c:	f47f af70 	bne.w	8006350 <__aeabi_fmul+0x14c>
 8006470:	4608      	mov	r0, r1
 8006472:	e776      	b.n	8006362 <__aeabi_fmul+0x15e>
 8006474:	ea93 0f0c 	teq	r3, ip
 8006478:	d104      	bne.n	8006484 <__aeabi_fdiv+0x118>
 800647a:	024b      	lsls	r3, r1, #9
 800647c:	f43f af4c 	beq.w	8006318 <__aeabi_fmul+0x114>
 8006480:	4608      	mov	r0, r1
 8006482:	e76e      	b.n	8006362 <__aeabi_fmul+0x15e>
 8006484:	f030 4c00 	bics.w	ip, r0, #2147483648	; 0x80000000
 8006488:	bf18      	it	ne
 800648a:	f031 4c00 	bicsne.w	ip, r1, #2147483648	; 0x80000000
 800648e:	d1ca      	bne.n	8006426 <__aeabi_fdiv+0xba>
 8006490:	f030 4200 	bics.w	r2, r0, #2147483648	; 0x80000000
 8006494:	f47f af5c 	bne.w	8006350 <__aeabi_fmul+0x14c>
 8006498:	f031 4300 	bics.w	r3, r1, #2147483648	; 0x80000000
 800649c:	f47f af3c 	bne.w	8006318 <__aeabi_fmul+0x114>
 80064a0:	e75f      	b.n	8006362 <__aeabi_fmul+0x15e>
 80064a2:	bf00      	nop

080064a4 <__aeabi_f2uiz>:
 80064a4:	0042      	lsls	r2, r0, #1
 80064a6:	d20e      	bcs.n	80064c6 <__aeabi_f2uiz+0x22>
 80064a8:	f1b2 4ffe 	cmp.w	r2, #2130706432	; 0x7f000000
 80064ac:	d30b      	bcc.n	80064c6 <__aeabi_f2uiz+0x22>
 80064ae:	f04f 039e 	mov.w	r3, #158	; 0x9e
 80064b2:	ebb3 6212 	subs.w	r2, r3, r2, lsr #24
 80064b6:	d409      	bmi.n	80064cc <__aeabi_f2uiz+0x28>
 80064b8:	ea4f 2300 	mov.w	r3, r0, lsl #8
 80064bc:	f043 4300 	orr.w	r3, r3, #2147483648	; 0x80000000
 80064c0:	fa23 f002 	lsr.w	r0, r3, r2
 80064c4:	4770      	bx	lr
 80064c6:	f04f 0000 	mov.w	r0, #0
 80064ca:	4770      	bx	lr
 80064cc:	f112 0f61 	cmn.w	r2, #97	; 0x61
 80064d0:	d101      	bne.n	80064d6 <__aeabi_f2uiz+0x32>
 80064d2:	0242      	lsls	r2, r0, #9
 80064d4:	d102      	bne.n	80064dc <__aeabi_f2uiz+0x38>
 80064d6:	f04f 30ff 	mov.w	r0, #4294967295	; 0xffffffff
 80064da:	4770      	bx	lr
 80064dc:	f04f 0000 	mov.w	r0, #0
 80064e0:	4770      	bx	lr
 80064e2:	bf00      	nop

080064e4 <memcpy>:
 80064e4:	4684      	mov	ip, r0
 80064e6:	ea41 0300 	orr.w	r3, r1, r0
 80064ea:	f013 0303 	ands.w	r3, r3, #3
 80064ee:	d149      	bne.n	8006584 <memcpy+0xa0>
 80064f0:	3a40      	subs	r2, #64	; 0x40
 80064f2:	d323      	bcc.n	800653c <memcpy+0x58>
 80064f4:	680b      	ldr	r3, [r1, #0]
 80064f6:	6003      	str	r3, [r0, #0]
 80064f8:	684b      	ldr	r3, [r1, #4]
 80064fa:	6043      	str	r3, [r0, #4]
 80064fc:	688b      	ldr	r3, [r1, #8]
 80064fe:	6083      	str	r3, [r0, #8]
 8006500:	68cb      	ldr	r3, [r1, #12]
 8006502:	60c3      	str	r3, [r0, #12]
 8006504:	690b      	ldr	r3, [r1, #16]
 8006506:	6103      	str	r3, [r0, #16]
 8006508:	694b      	ldr	r3, [r1, #20]
 800650a:	6143      	str	r3, [r0, #20]
 800650c:	698b      	ldr	r3, [r1, #24]
 800650e:	6183      	str	r3, [r0, #24]
 8006510:	69cb      	ldr	r3, [r1, #28]
 8006512:	61c3      	str	r3, [r0, #28]
 8006514:	6a0b      	ldr	r3, [r1, #32]
 8006516:	6203      	str	r3, [r0, #32]
 8006518:	6a4b      	ldr	r3, [r1, #36]	; 0x24
 800651a:	6243      	str	r3, [r0, #36]	; 0x24
 800651c:	6a8b      	ldr	r3, [r1, #40]	; 0x28
 800651e:	6283      	str	r3, [r0, #40]	; 0x28
 8006520:	6acb      	ldr	r3, [r1, #44]	; 0x2c
 8006522:	62c3      	str	r3, [r0, #44]	; 0x2c
 8006524:	6b0b      	ldr	r3, [r1, #48]	; 0x30
 8006526:	6303      	str	r3, [r0, #48]	; 0x30
 8006528:	6b4b      	ldr	r3, [r1, #52]	; 0x34
 800652a:	6343      	str	r3, [r0, #52]	; 0x34
 800652c:	6b8b      	ldr	r3, [r1, #56]	; 0x38
 800652e:	6383      	str	r3, [r0, #56]	; 0x38
 8006530:	6bcb      	ldr	r3, [r1, #60]	; 0x3c
 8006532:	63c3      	str	r3, [r0, #60]	; 0x3c
 8006534:	3040      	adds	r0, #64	; 0x40
 8006536:	3140      	adds	r1, #64	; 0x40
 8006538:	3a40      	subs	r2, #64	; 0x40
 800653a:	d2db      	bcs.n	80064f4 <memcpy+0x10>
 800653c:	3230      	adds	r2, #48	; 0x30
 800653e:	d30b      	bcc.n	8006558 <memcpy+0x74>
 8006540:	680b      	ldr	r3, [r1, #0]
 8006542:	6003      	str	r3, [r0, #0]
 8006544:	684b      	ldr	r3, [r1, #4]
 8006546:	6043      	str	r3, [r0, #4]
 8006548:	688b      	ldr	r3, [r1, #8]
 800654a:	6083      	str	r3, [r0, #8]
 800654c:	68cb      	ldr	r3, [r1, #12]
 800654e:	60c3      	str	r3, [r0, #12]
 8006550:	3010      	adds	r0, #16
 8006552:	3110      	adds	r1, #16
 8006554:	3a10      	subs	r2, #16
 8006556:	d2f3      	bcs.n	8006540 <memcpy+0x5c>
 8006558:	320c      	adds	r2, #12
 800655a:	d305      	bcc.n	8006568 <memcpy+0x84>
 800655c:	f851 3b04 	ldr.w	r3, [r1], #4
 8006560:	f840 3b04 	str.w	r3, [r0], #4
 8006564:	3a04      	subs	r2, #4
 8006566:	d2f9      	bcs.n	800655c <memcpy+0x78>
 8006568:	3204      	adds	r2, #4
 800656a:	d008      	beq.n	800657e <memcpy+0x9a>
 800656c:	07d2      	lsls	r2, r2, #31
 800656e:	bf1c      	itt	ne
 8006570:	f811 3b01 	ldrbne.w	r3, [r1], #1
 8006574:	f800 3b01 	strbne.w	r3, [r0], #1
 8006578:	d301      	bcc.n	800657e <memcpy+0x9a>
 800657a:	880b      	ldrh	r3, [r1, #0]
 800657c:	8003      	strh	r3, [r0, #0]
 800657e:	4660      	mov	r0, ip
 8006580:	4770      	bx	lr
 8006582:	bf00      	nop
 8006584:	2a08      	cmp	r2, #8
 8006586:	d313      	bcc.n	80065b0 <memcpy+0xcc>
 8006588:	078b      	lsls	r3, r1, #30
 800658a:	d0b1      	beq.n	80064f0 <memcpy+0xc>
 800658c:	f010 0303 	ands.w	r3, r0, #3
 8006590:	d0ae      	beq.n	80064f0 <memcpy+0xc>
 8006592:	f1c3 0304 	rsb	r3, r3, #4
 8006596:	1ad2      	subs	r2, r2, r3
 8006598:	07db      	lsls	r3, r3, #31
 800659a:	bf1c      	itt	ne
 800659c:	f811 3b01 	ldrbne.w	r3, [r1], #1
 80065a0:	f800 3b01 	strbne.w	r3, [r0], #1
 80065a4:	d3a4      	bcc.n	80064f0 <memcpy+0xc>
 80065a6:	f831 3b02 	ldrh.w	r3, [r1], #2
 80065aa:	f820 3b02 	strh.w	r3, [r0], #2
 80065ae:	e79f      	b.n	80064f0 <memcpy+0xc>
 80065b0:	3a04      	subs	r2, #4
 80065b2:	d3d9      	bcc.n	8006568 <memcpy+0x84>
 80065b4:	3a01      	subs	r2, #1
 80065b6:	f811 3b01 	ldrb.w	r3, [r1], #1
 80065ba:	f800 3b01 	strb.w	r3, [r0], #1
 80065be:	d2f9      	bcs.n	80065b4 <memcpy+0xd0>
 80065c0:	780b      	ldrb	r3, [r1, #0]
 80065c2:	7003      	strb	r3, [r0, #0]
 80065c4:	784b      	ldrb	r3, [r1, #1]
 80065c6:	7043      	strb	r3, [r0, #1]
 80065c8:	788b      	ldrb	r3, [r1, #2]
 80065ca:	7083      	strb	r3, [r0, #2]
 80065cc:	4660      	mov	r0, ip
 80065ce:	4770      	bx	lr

080065d0 <memset>:
 80065d0:	0783      	lsls	r3, r0, #30
 80065d2:	b530      	push	{r4, r5, lr}
 80065d4:	d048      	beq.n	8006668 <memset+0x98>
 80065d6:	1e54      	subs	r4, r2, #1
 80065d8:	2a00      	cmp	r2, #0
 80065da:	d03f      	beq.n	800665c <memset+0x8c>
 80065dc:	4603      	mov	r3, r0
 80065de:	b2ca      	uxtb	r2, r1
 80065e0:	e001      	b.n	80065e6 <memset+0x16>
 80065e2:	3c01      	subs	r4, #1
 80065e4:	d33a      	bcc.n	800665c <memset+0x8c>
 80065e6:	f803 2b01 	strb.w	r2, [r3], #1
 80065ea:	079d      	lsls	r5, r3, #30
 80065ec:	d1f9      	bne.n	80065e2 <memset+0x12>
 80065ee:	2c03      	cmp	r4, #3
 80065f0:	d92d      	bls.n	800664e <memset+0x7e>
 80065f2:	b2cd      	uxtb	r5, r1
 80065f4:	ea45 2505 	orr.w	r5, r5, r5, lsl #8
 80065f8:	2c0f      	cmp	r4, #15
 80065fa:	ea45 4505 	orr.w	r5, r5, r5, lsl #16
 80065fe:	d936      	bls.n	800666e <memset+0x9e>
 8006600:	f1a4 0210 	sub.w	r2, r4, #16
 8006604:	f022 0c0f 	bic.w	ip, r2, #15
 8006608:	f103 0e20 	add.w	lr, r3, #32
 800660c:	44e6      	add	lr, ip
 800660e:	ea4f 1c12 	mov.w	ip, r2, lsr #4
 8006612:	f103 0210 	add.w	r2, r3, #16
 8006616:	e942 5504 	strd	r5, r5, [r2, #-16]
 800661a:	e942 5502 	strd	r5, r5, [r2, #-8]
 800661e:	3210      	adds	r2, #16
 8006620:	4572      	cmp	r2, lr
 8006622:	d1f8      	bne.n	8006616 <memset+0x46>
 8006624:	f10c 0201 	add.w	r2, ip, #1
 8006628:	f014 0f0c 	tst.w	r4, #12
 800662c:	eb03 1202 	add.w	r2, r3, r2, lsl #4
 8006630:	f004 0c0f 	and.w	ip, r4, #15
 8006634:	d013      	beq.n	800665e <memset+0x8e>
 8006636:	f1ac 0304 	sub.w	r3, ip, #4
 800663a:	f023 0303 	bic.w	r3, r3, #3
 800663e:	3304      	adds	r3, #4
 8006640:	4413      	add	r3, r2
 8006642:	f842 5b04 	str.w	r5, [r2], #4
 8006646:	4293      	cmp	r3, r2
 8006648:	d1fb      	bne.n	8006642 <memset+0x72>
 800664a:	f00c 0403 	and.w	r4, ip, #3
 800664e:	b12c      	cbz	r4, 800665c <memset+0x8c>
 8006650:	b2ca      	uxtb	r2, r1
 8006652:	441c      	add	r4, r3
 8006654:	f803 2b01 	strb.w	r2, [r3], #1
 8006658:	429c      	cmp	r4, r3
 800665a:	d1fb      	bne.n	8006654 <memset+0x84>
 800665c:	bd30      	pop	{r4, r5, pc}
 800665e:	4664      	mov	r4, ip
 8006660:	4613      	mov	r3, r2
 8006662:	2c00      	cmp	r4, #0
 8006664:	d1f4      	bne.n	8006650 <memset+0x80>
 8006666:	e7f9      	b.n	800665c <memset+0x8c>
 8006668:	4603      	mov	r3, r0
 800666a:	4614      	mov	r4, r2
 800666c:	e7bf      	b.n	80065ee <memset+0x1e>
 800666e:	461a      	mov	r2, r3
 8006670:	46a4      	mov	ip, r4
 8006672:	e7e0      	b.n	8006636 <memset+0x66>
 8006674:	0000      	movs	r0, r0
	...

08006678 <__eeprom_write_veneer>:
 8006678:	f85f f000 	ldr.w	pc, [pc]	; 800667c <__eeprom_write_veneer+0x4>
 800667c:	200005b9 	.word	0x200005b9

08006680 <__eeprom_clear_veneer>:
 8006680:	f85f f000 	ldr.w	pc, [pc]	; 8006684 <__eeprom_clear_veneer+0x4>
 8006684:	20000571 	.word	0x20000571
 8006688:	2000074c 	.word	0x2000074c
 800668c:	20000760 	.word	0x20000760

08006690 <encoder2_pins>:
 8006690:	400b0000 00000003 00000001 400b0000     ...@...........@
 80066a0:	00000004 00000001                       ........

080066a8 <encoder1_pins>:
 80066a8:	400b0000 00000000 00000001 400b0000     ...@...........@
 80066b8:	00000001 00000001                       ........

080066c0 <encoder_buttons>:
 80066c0:	400b0000 00000002 00000001 400b0000     ...@...........@
 80066d0:	00000005 00000001 400b8000 00000000     ...........@....
 80066e0:	00000001 400b8000 00000001 00000001     .......@........
 80066f0:	400b8000 00000002 00000001              ...@........

080066fc <encoder_pack_info>:
 80066fc:	40008000 10002000 00000800              ...@. ......

08006708 <disp_reset_pin>:
 8006708:	400a8000 00000000 00000001              ...@........

08006714 <linearization>:
	...
 8006720:	00010001 00020002 00040003 00050004     ................
 8006730:	00080006 000a0009 000d000c 0010000f     ................
 8006740:	00140012 00180016 001d001a 0022001f     ..............".
 8006750:	00270024 002d002a 00330030 003a0037     $.'.*.-.0.3.7.:.
 8006760:	0041003e 00490045 0051004d 005a0055     >.A.E.I.M.Q.U.Z.
 8006770:	0063005e 006c0067 00760071 0081007b     ^.c.g.l.q.v.{...
 8006780:	008c0086 00970091 00a3009d 00b000a9     ................
 8006790:	00bc00b6 00ca00c3 00d800d1 00e600df     ................
 80067a0:	00f500ee 010500fd 0115010d 0125011d     ..............%.
 80067b0:	0136012e 0148013f 015a0151 016d0163     ..6.?.H.Q.Z.c.m.
 80067c0:	01800176 0194018a 01a8019e 01bd01b2     v...............
 80067d0:	01d201c7 01e801dd 01fe01f3 0215020a     ................
 80067e0:	022d0221 02450239 025e0251 0277026a     !.-.9.E.Q.^.j.w.
 80067f0:	02910284 02ab029e 02c602b8 02e102d3     ................
 8006800:	02fd02ef 031a030b 03370328 03550346     ........(.7.F.U.
 8006810:	03730364 03920382 03b103a2 03d203c1     d.s.............
 8006820:	03f203e2 04130403 04350424 04580446     ........$.5.F.X.
 8006830:	047b0469 049e048c 04c204b0 04e704d5     i.{.............
 8006840:	050d04fa 0533051f 05590546 0580056d     ......3.F.Y.m...
 8006850:	05a80594 05d005bc 05f905e5 0623060e     ..............#.
 8006860:	064d0638 06780663 06a4068e 06d006b9     8.M.c.x.........
 8006870:	06fc06e6 072a0713 07570740 0786076f     ......*.@.W.o...
 8006880:	07b5079d 07e507cd 081507fd 0846082e     ..............F.
 8006890:	0878085f 08aa0891 08dd08c4 091108f7     _.x.............
 80068a0:	0945092b 097a095f 09af0994 09e509ca     +.E._.z.........
 80068b0:	0a1c0a00 0a530a37 0a8b0a6f 0ac40aa7     ....7.S.o.......
 80068c0:	0afd0ae0 0b370b1a 0b710b54 0bad0b8f     ......7.T.q.....
 80068d0:	0be80bca 0c250c07 0c620c43 0ca00c81     ......%.C.b.....
 80068e0:	0cde0cbf 0d1d0cfe 0d5d0d3d 0d9d0d7d     ........=.].}...
 80068f0:	0dde0dbe 0e200dff 0e620e41 0ea50e84     ...... .A.b.....
 8006900:	0ee90ec7 0f2e0f0b 0f730f50 0fb80f95     ........P.s.....
 8006910:	10000fdb                                ....

Disassembly of section .data:

20000000 <EEPROM_ReadByte>:
  *             @arg EEPROM_Main_Bank_Select:      The EEPROM Main Bank selector.
  *             @arg EEPROM_Info_Bank_Select:      The EEPROM Information Bank selector.
  * @retval The selected EEPROM memory value.
  */
__RAMFUNC uint8_t EEPROM_ReadByte(uint32_t Address, EEPROM_Mem_Bank BankSelector)
{
20000000:	b480      	push	{r7}
20000002:	b087      	sub	sp, #28
20000004:	af00      	add	r7, sp, #0
20000006:	6078      	str	r0, [r7, #4]
20000008:	460b      	mov	r3, r1
2000000a:	70fb      	strb	r3, [r7, #3]
    uint32_t Command;
    uint32_t Shift;

    assert_param(IS_EEPROM_BANK_SELECTOR(BankSelector));

    MDR_EEPROM->KEY = EEPROM_REG_ACCESS_KEY;
2000000c:	4b21      	ldr	r3, [pc, #132]	; (20000094 <EEPROM_ReadByte+0x94>)
2000000e:	4a22      	ldr	r2, [pc, #136]	; (20000098 <EEPROM_ReadByte+0x98>)
20000010:	611a      	str	r2, [r3, #16]
    Command = (MDR_EEPROM->CMD & EEPROM_CMD_DELAY_Msk) | EEPROM_CMD_CON;
20000012:	4b20      	ldr	r3, [pc, #128]	; (20000094 <EEPROM_ReadByte+0x94>)
20000014:	681b      	ldr	r3, [r3, #0]
20000016:	f003 0338 	and.w	r3, r3, #56	; 0x38
2000001a:	f043 0301 	orr.w	r3, r3, #1
2000001e:	617b      	str	r3, [r7, #20]
    Command |= (BankSelector == EEPROM_Info_Bank_Select) ? EEPROM_CMD_IFREN : 0;
20000020:	78fb      	ldrb	r3, [r7, #3]
20000022:	2b01      	cmp	r3, #1
20000024:	d102      	bne.n	2000002c <EEPROM_ReadByte+0x2c>
20000026:	f44f 7300 	mov.w	r3, #512	; 0x200
2000002a:	e000      	b.n	2000002e <EEPROM_ReadByte+0x2e>
2000002c:	2300      	movs	r3, #0
2000002e:	697a      	ldr	r2, [r7, #20]
20000030:	4313      	orrs	r3, r2
20000032:	617b      	str	r3, [r7, #20]
    MDR_EEPROM->CMD = Command;
20000034:	4a17      	ldr	r2, [pc, #92]	; (20000094 <EEPROM_ReadByte+0x94>)
20000036:	697b      	ldr	r3, [r7, #20]
20000038:	6013      	str	r3, [r2, #0]
    MDR_EEPROM->ADR = Address;
2000003a:	4a16      	ldr	r2, [pc, #88]	; (20000094 <EEPROM_ReadByte+0x94>)
2000003c:	687b      	ldr	r3, [r7, #4]
2000003e:	6053      	str	r3, [r2, #4]
    MDR_EEPROM->CMD = Command | EEPROM_CMD_XE | EEPROM_CMD_YE | EEPROM_CMD_SE;
20000040:	4a14      	ldr	r2, [pc, #80]	; (20000094 <EEPROM_ReadByte+0x94>)
20000042:	697b      	ldr	r3, [r7, #20]
20000044:	f443 73e0 	orr.w	r3, r3, #448	; 0x1c0
20000048:	6013      	str	r3, [r2, #0]
    MDR_EEPROM->DO;   /* Idle Reading for Delay */
2000004a:	4b12      	ldr	r3, [pc, #72]	; (20000094 <EEPROM_ReadByte+0x94>)
2000004c:	68db      	ldr	r3, [r3, #12]
    MDR_EEPROM->DO;   /* Idle Reading for Delay */
2000004e:	4b11      	ldr	r3, [pc, #68]	; (20000094 <EEPROM_ReadByte+0x94>)
20000050:	68db      	ldr	r3, [r3, #12]
    MDR_EEPROM->DO;   /* Idle Reading for Delay */
20000052:	4b10      	ldr	r3, [pc, #64]	; (20000094 <EEPROM_ReadByte+0x94>)
20000054:	68db      	ldr	r3, [r3, #12]
    Data = MDR_EEPROM->DO;
20000056:	4b0f      	ldr	r3, [pc, #60]	; (20000094 <EEPROM_ReadByte+0x94>)
20000058:	68db      	ldr	r3, [r3, #12]
2000005a:	613b      	str	r3, [r7, #16]
    Command &= EEPROM_CMD_DELAY_Msk;
2000005c:	697b      	ldr	r3, [r7, #20]
2000005e:	f003 0338 	and.w	r3, r3, #56	; 0x38
20000062:	617b      	str	r3, [r7, #20]
    MDR_EEPROM->CMD = Command;
20000064:	4a0b      	ldr	r2, [pc, #44]	; (20000094 <EEPROM_ReadByte+0x94>)
20000066:	697b      	ldr	r3, [r7, #20]
20000068:	6013      	str	r3, [r2, #0]
    MDR_EEPROM->KEY = 0;
2000006a:	4b0a      	ldr	r3, [pc, #40]	; (20000094 <EEPROM_ReadByte+0x94>)
2000006c:	2200      	movs	r2, #0
2000006e:	611a      	str	r2, [r3, #16]

    Shift = (Address & 3) * 8;
20000070:	687b      	ldr	r3, [r7, #4]
20000072:	f003 0303 	and.w	r3, r3, #3
20000076:	00db      	lsls	r3, r3, #3
20000078:	60fb      	str	r3, [r7, #12]
    Data >>= Shift;
2000007a:	693a      	ldr	r2, [r7, #16]
2000007c:	68fb      	ldr	r3, [r7, #12]
2000007e:	fa22 f303 	lsr.w	r3, r2, r3
20000082:	613b      	str	r3, [r7, #16]

    return (uint8_t)Data;
20000084:	693b      	ldr	r3, [r7, #16]
20000086:	b2db      	uxtb	r3, r3
}
20000088:	4618      	mov	r0, r3
2000008a:	371c      	adds	r7, #28
2000008c:	46bd      	mov	sp, r7
2000008e:	bc80      	pop	{r7}
20000090:	4770      	bx	lr
20000092:	bf00      	nop
20000094:	40018000 	.word	0x40018000
20000098:	8aaa5551 	.word	0x8aaa5551

2000009c <EEPROM_ReadHalfWord>:
  *             @arg EEPROM_Main_Bank_Select:      The EEPROM Main Bank selector.
  *             @arg EEPROM_Info_Bank_Select:      The EEPROM Information Bank selector.
  * @retval The selected EEPROM memory value.
  */
__RAMFUNC uint16_t EEPROM_ReadHalfWord(uint32_t Address, EEPROM_Mem_Bank BankSelector)
{
2000009c:	b480      	push	{r7}
2000009e:	b087      	sub	sp, #28
200000a0:	af00      	add	r7, sp, #0
200000a2:	6078      	str	r0, [r7, #4]
200000a4:	460b      	mov	r3, r1
200000a6:	70fb      	strb	r3, [r7, #3]
    uint32_t Shift;

    assert_param(IS_EEPROM_BANK_SELECTOR(BankSelector));
    assert_param(IS_TWO_BYTE_ALLIGNED(Address));

    MDR_EEPROM->KEY = EEPROM_REG_ACCESS_KEY;
200000a8:	4b21      	ldr	r3, [pc, #132]	; (20000130 <EEPROM_ReadHalfWord+0x94>)
200000aa:	4a22      	ldr	r2, [pc, #136]	; (20000134 <EEPROM_ReadHalfWord+0x98>)
200000ac:	611a      	str	r2, [r3, #16]
    Command = (MDR_EEPROM->CMD & EEPROM_CMD_DELAY_Msk) | EEPROM_CMD_CON;
200000ae:	4b20      	ldr	r3, [pc, #128]	; (20000130 <EEPROM_ReadHalfWord+0x94>)
200000b0:	681b      	ldr	r3, [r3, #0]
200000b2:	f003 0338 	and.w	r3, r3, #56	; 0x38
200000b6:	f043 0301 	orr.w	r3, r3, #1
200000ba:	617b      	str	r3, [r7, #20]
    Command |= (BankSelector == EEPROM_Info_Bank_Select) ? EEPROM_CMD_IFREN : 0;
200000bc:	78fb      	ldrb	r3, [r7, #3]
200000be:	2b01      	cmp	r3, #1
200000c0:	d102      	bne.n	200000c8 <EEPROM_ReadHalfWord+0x2c>
200000c2:	f44f 7300 	mov.w	r3, #512	; 0x200
200000c6:	e000      	b.n	200000ca <EEPROM_ReadHalfWord+0x2e>
200000c8:	2300      	movs	r3, #0
200000ca:	697a      	ldr	r2, [r7, #20]
200000cc:	4313      	orrs	r3, r2
200000ce:	617b      	str	r3, [r7, #20]
    MDR_EEPROM->CMD = Command;
200000d0:	4a17      	ldr	r2, [pc, #92]	; (20000130 <EEPROM_ReadHalfWord+0x94>)
200000d2:	697b      	ldr	r3, [r7, #20]
200000d4:	6013      	str	r3, [r2, #0]
    MDR_EEPROM->ADR = Address;
200000d6:	4a16      	ldr	r2, [pc, #88]	; (20000130 <EEPROM_ReadHalfWord+0x94>)
200000d8:	687b      	ldr	r3, [r7, #4]
200000da:	6053      	str	r3, [r2, #4]
    MDR_EEPROM->CMD = Command | EEPROM_CMD_XE | EEPROM_CMD_YE | EEPROM_CMD_SE;
200000dc:	4a14      	ldr	r2, [pc, #80]	; (20000130 <EEPROM_ReadHalfWord+0x94>)
200000de:	697b      	ldr	r3, [r7, #20]
200000e0:	f443 73e0 	orr.w	r3, r3, #448	; 0x1c0
200000e4:	6013      	str	r3, [r2, #0]
    MDR_EEPROM->DO;   /* Idle Reading for Delay */
200000e6:	4b12      	ldr	r3, [pc, #72]	; (20000130 <EEPROM_ReadHalfWord+0x94>)
200000e8:	68db      	ldr	r3, [r3, #12]
    MDR_EEPROM->DO;   /* Idle Reading for Delay */
200000ea:	4b11      	ldr	r3, [pc, #68]	; (20000130 <EEPROM_ReadHalfWord+0x94>)
200000ec:	68db      	ldr	r3, [r3, #12]
    MDR_EEPROM->DO;   /* Idle Reading for Delay */
200000ee:	4b10      	ldr	r3, [pc, #64]	; (20000130 <EEPROM_ReadHalfWord+0x94>)
200000f0:	68db      	ldr	r3, [r3, #12]
    Data = MDR_EEPROM->DO;
200000f2:	4b0f      	ldr	r3, [pc, #60]	; (20000130 <EEPROM_ReadHalfWord+0x94>)
200000f4:	68db      	ldr	r3, [r3, #12]
200000f6:	613b      	str	r3, [r7, #16]
    Command &= EEPROM_CMD_DELAY_Msk;
200000f8:	697b      	ldr	r3, [r7, #20]
200000fa:	f003 0338 	and.w	r3, r3, #56	; 0x38
200000fe:	617b      	str	r3, [r7, #20]
    MDR_EEPROM->CMD = Command;
20000100:	4a0b      	ldr	r2, [pc, #44]	; (20000130 <EEPROM_ReadHalfWord+0x94>)
20000102:	697b      	ldr	r3, [r7, #20]
20000104:	6013      	str	r3, [r2, #0]
    MDR_EEPROM->KEY = 0;
20000106:	4b0a      	ldr	r3, [pc, #40]	; (20000130 <EEPROM_ReadHalfWord+0x94>)
20000108:	2200      	movs	r2, #0
2000010a:	611a      	str	r2, [r3, #16]

    Shift = (Address & 2) * 8;
2000010c:	687b      	ldr	r3, [r7, #4]
2000010e:	f003 0302 	and.w	r3, r3, #2
20000112:	00db      	lsls	r3, r3, #3
20000114:	60fb      	str	r3, [r7, #12]
    Data >>= Shift;
20000116:	693a      	ldr	r2, [r7, #16]
20000118:	68fb      	ldr	r3, [r7, #12]
2000011a:	fa22 f303 	lsr.w	r3, r2, r3
2000011e:	613b      	str	r3, [r7, #16]

    return (uint16_t)Data;
20000120:	693b      	ldr	r3, [r7, #16]
20000122:	b29b      	uxth	r3, r3
}
20000124:	4618      	mov	r0, r3
20000126:	371c      	adds	r7, #28
20000128:	46bd      	mov	sp, r7
2000012a:	bc80      	pop	{r7}
2000012c:	4770      	bx	lr
2000012e:	bf00      	nop
20000130:	40018000 	.word	0x40018000
20000134:	8aaa5551 	.word	0x8aaa5551

20000138 <EEPROM_ReadWord>:
  *             @arg EEPROM_Main_Bank_Select:      The EEPROM Main Bank selector.
  *             @arg EEPROM_Info_Bank_Select:      The EEPROM Information Bank selector.
  * @retval The selected EEPROM memory value.
  */
__RAMFUNC uint32_t EEPROM_ReadWord(uint32_t Address, EEPROM_Mem_Bank BankSelector)
{
20000138:	b480      	push	{r7}
2000013a:	b085      	sub	sp, #20
2000013c:	af00      	add	r7, sp, #0
2000013e:	6078      	str	r0, [r7, #4]
20000140:	460b      	mov	r3, r1
20000142:	70fb      	strb	r3, [r7, #3]
    uint32_t Data;

    assert_param(IS_EEPROM_BANK_SELECTOR(BankSelector));
    assert_param(IS_FOUR_BYTE_ALLIGNED(Address));

    MDR_EEPROM->KEY = EEPROM_REG_ACCESS_KEY;
20000144:	4b1b      	ldr	r3, [pc, #108]	; (200001b4 <EEPROM_ReadWord+0x7c>)
20000146:	4a1c      	ldr	r2, [pc, #112]	; (200001b8 <EEPROM_ReadWord+0x80>)
20000148:	611a      	str	r2, [r3, #16]
    Command = (MDR_EEPROM->CMD & EEPROM_CMD_DELAY_Msk) | EEPROM_CMD_CON;
2000014a:	4b1a      	ldr	r3, [pc, #104]	; (200001b4 <EEPROM_ReadWord+0x7c>)
2000014c:	681b      	ldr	r3, [r3, #0]
2000014e:	f003 0338 	and.w	r3, r3, #56	; 0x38
20000152:	f043 0301 	orr.w	r3, r3, #1
20000156:	60fb      	str	r3, [r7, #12]
    Command |= (BankSelector == EEPROM_Info_Bank_Select) ? EEPROM_CMD_IFREN : 0;
20000158:	78fb      	ldrb	r3, [r7, #3]
2000015a:	2b01      	cmp	r3, #1
2000015c:	d102      	bne.n	20000164 <EEPROM_ReadWord+0x2c>
2000015e:	f44f 7300 	mov.w	r3, #512	; 0x200
20000162:	e000      	b.n	20000166 <EEPROM_ReadWord+0x2e>
20000164:	2300      	movs	r3, #0
20000166:	68fa      	ldr	r2, [r7, #12]
20000168:	4313      	orrs	r3, r2
2000016a:	60fb      	str	r3, [r7, #12]
    MDR_EEPROM->CMD = Command;
2000016c:	4a11      	ldr	r2, [pc, #68]	; (200001b4 <EEPROM_ReadWord+0x7c>)
2000016e:	68fb      	ldr	r3, [r7, #12]
20000170:	6013      	str	r3, [r2, #0]
    MDR_EEPROM->ADR = Address;
20000172:	4a10      	ldr	r2, [pc, #64]	; (200001b4 <EEPROM_ReadWord+0x7c>)
20000174:	687b      	ldr	r3, [r7, #4]
20000176:	6053      	str	r3, [r2, #4]
    MDR_EEPROM->CMD = Command | EEPROM_CMD_XE | EEPROM_CMD_YE | EEPROM_CMD_SE;
20000178:	4a0e      	ldr	r2, [pc, #56]	; (200001b4 <EEPROM_ReadWord+0x7c>)
2000017a:	68fb      	ldr	r3, [r7, #12]
2000017c:	f443 73e0 	orr.w	r3, r3, #448	; 0x1c0
20000180:	6013      	str	r3, [r2, #0]
    MDR_EEPROM->DO;   /* Idle Reading for Delay */
20000182:	4b0c      	ldr	r3, [pc, #48]	; (200001b4 <EEPROM_ReadWord+0x7c>)
20000184:	68db      	ldr	r3, [r3, #12]
    MDR_EEPROM->DO;   /* Idle Reading for Delay */
20000186:	4b0b      	ldr	r3, [pc, #44]	; (200001b4 <EEPROM_ReadWord+0x7c>)
20000188:	68db      	ldr	r3, [r3, #12]
    MDR_EEPROM->DO;   /* Idle Reading for Delay */
2000018a:	4b0a      	ldr	r3, [pc, #40]	; (200001b4 <EEPROM_ReadWord+0x7c>)
2000018c:	68db      	ldr	r3, [r3, #12]
    Data = MDR_EEPROM->DO;
2000018e:	4b09      	ldr	r3, [pc, #36]	; (200001b4 <EEPROM_ReadWord+0x7c>)
20000190:	68db      	ldr	r3, [r3, #12]
20000192:	60bb      	str	r3, [r7, #8]
    Command &= EEPROM_CMD_DELAY_Msk;
20000194:	68fb      	ldr	r3, [r7, #12]
20000196:	f003 0338 	and.w	r3, r3, #56	; 0x38
2000019a:	60fb      	str	r3, [r7, #12]
    MDR_EEPROM->CMD = Command;
2000019c:	4a05      	ldr	r2, [pc, #20]	; (200001b4 <EEPROM_ReadWord+0x7c>)
2000019e:	68fb      	ldr	r3, [r7, #12]
200001a0:	6013      	str	r3, [r2, #0]
    MDR_EEPROM->KEY = 0;
200001a2:	4b04      	ldr	r3, [pc, #16]	; (200001b4 <EEPROM_ReadWord+0x7c>)
200001a4:	2200      	movs	r2, #0
200001a6:	611a      	str	r2, [r3, #16]

    return Data;
200001a8:	68bb      	ldr	r3, [r7, #8]
}
200001aa:	4618      	mov	r0, r3
200001ac:	3714      	adds	r7, #20
200001ae:	46bd      	mov	sp, r7
200001b0:	bc80      	pop	{r7}
200001b2:	4770      	bx	lr
200001b4:	40018000 	.word	0x40018000
200001b8:	8aaa5551 	.word	0x8aaa5551

200001bc <EEPROM_ErasePage>:
  *             @arg EEPROM_Main_Bank_Select:      The EEPROM Main Bank selector.
  *             @arg EEPROM_Info_Bank_Select:      The EEPROM Information Bank selector.
  * @retval None
  */
__RAMFUNC void EEPROM_ErasePage(uint32_t Address, EEPROM_Mem_Bank BankSelector)
{
200001bc:	b580      	push	{r7, lr}
200001be:	b084      	sub	sp, #16
200001c0:	af00      	add	r7, sp, #0
200001c2:	6078      	str	r0, [r7, #4]
200001c4:	460b      	mov	r3, r1
200001c6:	70fb      	strb	r3, [r7, #3]
    assert_param(IS_EEPROM_BANK_SELECTOR(BankSelector));

    (void)DelayConstUs; 
    //DelayConstUs = DELAY_PROGRAM_GET_CONST_US((uint32_t)FLASH_PROG_FREQ_MHZ*1E6);

    MDR_EEPROM->KEY = EEPROM_REG_ACCESS_KEY;
200001c8:	4b31      	ldr	r3, [pc, #196]	; (20000290 <EEPROM_ErasePage+0xd4>)
200001ca:	4a32      	ldr	r2, [pc, #200]	; (20000294 <EEPROM_ErasePage+0xd8>)
200001cc:	611a      	str	r2, [r3, #16]
    Command = (MDR_EEPROM->CMD & EEPROM_CMD_DELAY_Msk) | EEPROM_CMD_CON;
200001ce:	4b30      	ldr	r3, [pc, #192]	; (20000290 <EEPROM_ErasePage+0xd4>)
200001d0:	681b      	ldr	r3, [r3, #0]
200001d2:	f003 0338 	and.w	r3, r3, #56	; 0x38
200001d6:	f043 0301 	orr.w	r3, r3, #1
200001da:	60fb      	str	r3, [r7, #12]
    Command |= (BankSelector == EEPROM_Info_Bank_Select) ? EEPROM_CMD_IFREN : 0;
200001dc:	78fb      	ldrb	r3, [r7, #3]
200001de:	2b01      	cmp	r3, #1
200001e0:	d102      	bne.n	200001e8 <EEPROM_ErasePage+0x2c>
200001e2:	f44f 7300 	mov.w	r3, #512	; 0x200
200001e6:	e000      	b.n	200001ea <EEPROM_ErasePage+0x2e>
200001e8:	2300      	movs	r3, #0
200001ea:	68fa      	ldr	r2, [r7, #12]
200001ec:	4313      	orrs	r3, r2
200001ee:	60fb      	str	r3, [r7, #12]
    MDR_EEPROM->CMD = Command;
200001f0:	4a27      	ldr	r2, [pc, #156]	; (20000290 <EEPROM_ErasePage+0xd4>)
200001f2:	68fb      	ldr	r3, [r7, #12]
200001f4:	6013      	str	r3, [r2, #0]

    for (Offset = 0; Offset < (4 << 2); Offset += 4)
200001f6:	2300      	movs	r3, #0
200001f8:	60bb      	str	r3, [r7, #8]
200001fa:	e033      	b.n	20000264 <EEPROM_ErasePage+0xa8>
    {
        MDR_EEPROM->ADR = Address + Offset;     // Page Address 
200001fc:	4924      	ldr	r1, [pc, #144]	; (20000290 <EEPROM_ErasePage+0xd4>)
200001fe:	687a      	ldr	r2, [r7, #4]
20000200:	68bb      	ldr	r3, [r7, #8]
20000202:	4413      	add	r3, r2
20000204:	604b      	str	r3, [r1, #4]
        MDR_EEPROM->DI = 0;
20000206:	4b22      	ldr	r3, [pc, #136]	; (20000290 <EEPROM_ErasePage+0xd4>)
20000208:	2200      	movs	r2, #0
2000020a:	609a      	str	r2, [r3, #8]
        Command |= EEPROM_CMD_XE | EEPROM_CMD_ERASE;
2000020c:	68fb      	ldr	r3, [r7, #12]
2000020e:	f443 6388 	orr.w	r3, r3, #1088	; 0x440
20000212:	60fb      	str	r3, [r7, #12]
        MDR_EEPROM->CMD = Command;
20000214:	4a1e      	ldr	r2, [pc, #120]	; (20000290 <EEPROM_ErasePage+0xd4>)
20000216:	68fb      	ldr	r3, [r7, #12]
20000218:	6013      	str	r3, [r2, #0]
        ProgramDelay(GET_US_LOOPS(5));          // Wait for 5 us 
2000021a:	2006      	movs	r0, #6
2000021c:	f000 f976 	bl	2000050c <ProgramDelay>
        //DELAY_PROGRAM_WaitLoopsAsm(DELAY_PROGRAM_GET_US_LOOPS(5, DelayConstUs));       // Wait for 5 us 
        Command |= EEPROM_CMD_NVSTR;
20000220:	68fb      	ldr	r3, [r7, #12]
20000222:	f443 5300 	orr.w	r3, r3, #8192	; 0x2000
20000226:	60fb      	str	r3, [r7, #12]
        MDR_EEPROM->CMD = Command;
20000228:	4a19      	ldr	r2, [pc, #100]	; (20000290 <EEPROM_ErasePage+0xd4>)
2000022a:	68fb      	ldr	r3, [r7, #12]
2000022c:	6013      	str	r3, [r2, #0]
        ProgramDelay(GET_US_LOOPS(40000));          // Wait for 40000 us 
2000022e:	f24d 0055 	movw	r0, #53333	; 0xd055
20000232:	f000 f96b 	bl	2000050c <ProgramDelay>
        //DELAY_PROGRAM_WaitLoopsAsm(DELAY_PROGRAM_GET_US_LOOPS(30000, DelayConstUs));   // Wait for 30 ms 
        Command &= ~EEPROM_CMD_ERASE;
20000236:	68fb      	ldr	r3, [r7, #12]
20000238:	f423 6380 	bic.w	r3, r3, #1024	; 0x400
2000023c:	60fb      	str	r3, [r7, #12]
        MDR_EEPROM->CMD = Command;
2000023e:	4a14      	ldr	r2, [pc, #80]	; (20000290 <EEPROM_ErasePage+0xd4>)
20000240:	68fb      	ldr	r3, [r7, #12]
20000242:	6013      	str	r3, [r2, #0]
        ProgramDelay(GET_US_LOOPS(5));          // Wait for 5 us 
20000244:	2006      	movs	r0, #6
20000246:	f000 f961 	bl	2000050c <ProgramDelay>
        //DELAY_PROGRAM_WaitLoopsAsm(DELAY_PROGRAM_GET_US_LOOPS(5, DelayConstUs));       // Wait for 5 us 
        Command &= ~(EEPROM_CMD_XE | EEPROM_CMD_NVSTR);
2000024a:	68fb      	ldr	r3, [r7, #12]
2000024c:	f423 5301 	bic.w	r3, r3, #8256	; 0x2040
20000250:	60fb      	str	r3, [r7, #12]
        MDR_EEPROM->CMD = Command;
20000252:	4a0f      	ldr	r2, [pc, #60]	; (20000290 <EEPROM_ErasePage+0xd4>)
20000254:	68fb      	ldr	r3, [r7, #12]
20000256:	6013      	str	r3, [r2, #0]
        ProgramDelay(GET_US_LOOPS(1));          // Wait for 1 us 
20000258:	2001      	movs	r0, #1
2000025a:	f000 f957 	bl	2000050c <ProgramDelay>
    for (Offset = 0; Offset < (4 << 2); Offset += 4)
2000025e:	68bb      	ldr	r3, [r7, #8]
20000260:	3304      	adds	r3, #4
20000262:	60bb      	str	r3, [r7, #8]
20000264:	68bb      	ldr	r3, [r7, #8]
20000266:	2b0f      	cmp	r3, #15
20000268:	d9c8      	bls.n	200001fc <EEPROM_ErasePage+0x40>
        //DELAY_PROGRAM_WaitLoopsAsm(DELAY_PROGRAM_GET_US_LOOPS(1, DelayConstUs));       // Wait for 1 us 
    }

    Command &= EEPROM_CMD_DELAY_Msk;
2000026a:	68fb      	ldr	r3, [r7, #12]
2000026c:	f003 0338 	and.w	r3, r3, #56	; 0x38
20000270:	60fb      	str	r3, [r7, #12]
    MDR_EEPROM->CMD = Command;
20000272:	4a07      	ldr	r2, [pc, #28]	; (20000290 <EEPROM_ErasePage+0xd4>)
20000274:	68fb      	ldr	r3, [r7, #12]
20000276:	6013      	str	r3, [r2, #0]
    MDR_EEPROM->KEY = 0;
20000278:	4b05      	ldr	r3, [pc, #20]	; (20000290 <EEPROM_ErasePage+0xd4>)
2000027a:	2200      	movs	r2, #0
2000027c:	611a      	str	r2, [r3, #16]
    
    ProgramDelay(GET_US_LOOPS(4000));          // Wait for 4 ms 
2000027e:	f241 40d5 	movw	r0, #5333	; 0x14d5
20000282:	f000 f943 	bl	2000050c <ProgramDelay>
    //DELAY_PROGRAM_WaitLoopsAsm(DELAY_PROGRAM_GET_US_LOOPS(4000, DelayConstUs));        // Wait for 4 ms 
}
20000286:	bf00      	nop
20000288:	3710      	adds	r7, #16
2000028a:	46bd      	mov	sp, r7
2000028c:	bd80      	pop	{r7, pc}
2000028e:	bf00      	nop
20000290:	40018000 	.word	0x40018000
20000294:	8aaa5551 	.word	0x8aaa5551

20000298 <EEPROM_EraseAllPages>:
  *             @arg EEPROM_Main_Bank_Select:      The EEPROM Main Bank selector.
  *             @arg EEPROM_All_Banks_Select:      The EEPROM Main and Information Banks selector.
  * @retval None
  */
__RAMFUNC void EEPROM_EraseAllPages(EEPROM_Mem_Bank BankSelector)
{
20000298:	b580      	push	{r7, lr}
2000029a:	b084      	sub	sp, #16
2000029c:	af00      	add	r7, sp, #0
2000029e:	4603      	mov	r3, r0
200002a0:	71fb      	strb	r3, [r7, #7]
    assert_param(IS_EEPROM_ERASE_SELECTOR(BankSelector));

    //DelayConstUs = DELAY_PROGRAM_GET_CONST_US((uint32_t)FLASH_PROG_FREQ_MHZ*1E6);
    (void)DelayConstUs; 

    MDR_EEPROM->KEY = EEPROM_REG_ACCESS_KEY;
200002a2:	4b30      	ldr	r3, [pc, #192]	; (20000364 <EEPROM_EraseAllPages+0xcc>)
200002a4:	4a30      	ldr	r2, [pc, #192]	; (20000368 <EEPROM_EraseAllPages+0xd0>)
200002a6:	611a      	str	r2, [r3, #16]
    Command = (MDR_EEPROM->CMD & EEPROM_CMD_DELAY_Msk) | EEPROM_CMD_CON;
200002a8:	4b2e      	ldr	r3, [pc, #184]	; (20000364 <EEPROM_EraseAllPages+0xcc>)
200002aa:	681b      	ldr	r3, [r3, #0]
200002ac:	f003 0338 	and.w	r3, r3, #56	; 0x38
200002b0:	f043 0301 	orr.w	r3, r3, #1
200002b4:	60fb      	str	r3, [r7, #12]
    Command |= (BankSelector == EEPROM_All_Banks_Select) ? EEPROM_CMD_IFREN : 0;
200002b6:	79fb      	ldrb	r3, [r7, #7]
200002b8:	2b02      	cmp	r3, #2
200002ba:	d102      	bne.n	200002c2 <EEPROM_EraseAllPages+0x2a>
200002bc:	f44f 7300 	mov.w	r3, #512	; 0x200
200002c0:	e000      	b.n	200002c4 <EEPROM_EraseAllPages+0x2c>
200002c2:	2300      	movs	r3, #0
200002c4:	68fa      	ldr	r2, [r7, #12]
200002c6:	4313      	orrs	r3, r2
200002c8:	60fb      	str	r3, [r7, #12]

    MDR_EEPROM->CMD = Command;
200002ca:	4a26      	ldr	r2, [pc, #152]	; (20000364 <EEPROM_EraseAllPages+0xcc>)
200002cc:	68fb      	ldr	r3, [r7, #12]
200002ce:	6013      	str	r3, [r2, #0]

    for (Offset = 0; Offset < (4 << 2); Offset += 4)
200002d0:	2300      	movs	r3, #0
200002d2:	60bb      	str	r3, [r7, #8]
200002d4:	e031      	b.n	2000033a <EEPROM_EraseAllPages+0xa2>
    {
        MDR_EEPROM->ADR = Offset;
200002d6:	4a23      	ldr	r2, [pc, #140]	; (20000364 <EEPROM_EraseAllPages+0xcc>)
200002d8:	68bb      	ldr	r3, [r7, #8]
200002da:	6053      	str	r3, [r2, #4]
        MDR_EEPROM->DI = 0;
200002dc:	4b21      	ldr	r3, [pc, #132]	; (20000364 <EEPROM_EraseAllPages+0xcc>)
200002de:	2200      	movs	r2, #0
200002e0:	609a      	str	r2, [r3, #8]
        Command |= EEPROM_CMD_XE | EEPROM_CMD_MAS1 | EEPROM_CMD_ERASE;
200002e2:	68fb      	ldr	r3, [r7, #12]
200002e4:	f443 6344 	orr.w	r3, r3, #3136	; 0xc40
200002e8:	60fb      	str	r3, [r7, #12]
        MDR_EEPROM->CMD = Command;
200002ea:	4a1e      	ldr	r2, [pc, #120]	; (20000364 <EEPROM_EraseAllPages+0xcc>)
200002ec:	68fb      	ldr	r3, [r7, #12]
200002ee:	6013      	str	r3, [r2, #0]
        ProgramDelay(GET_US_LOOPS(5));          /* Wait for 5 us */
200002f0:	2006      	movs	r0, #6
200002f2:	f000 f90b 	bl	2000050c <ProgramDelay>
        //DELAY_PROGRAM_WaitLoopsAsm(DELAY_PROGRAM_GET_US_LOOPS(5, DelayConstUs));       /* Wait for 5 us */
        Command |= EEPROM_CMD_NVSTR;
200002f6:	68fb      	ldr	r3, [r7, #12]
200002f8:	f443 5300 	orr.w	r3, r3, #8192	; 0x2000
200002fc:	60fb      	str	r3, [r7, #12]
        MDR_EEPROM->CMD = Command;
200002fe:	4a19      	ldr	r2, [pc, #100]	; (20000364 <EEPROM_EraseAllPages+0xcc>)
20000300:	68fb      	ldr	r3, [r7, #12]
20000302:	6013      	str	r3, [r2, #0]
        ProgramDelay(GET_US_LOOPS(40000));          /* Wait for 40000 us */
20000304:	f24d 0055 	movw	r0, #53333	; 0xd055
20000308:	f000 f900 	bl	2000050c <ProgramDelay>
        //DELAY_PROGRAM_WaitLoopsAsm(DELAY_PROGRAM_GET_US_LOOPS(30000, DelayConstUs));   /* Wait for 30 ms */
        Command &= ~EEPROM_CMD_ERASE;
2000030c:	68fb      	ldr	r3, [r7, #12]
2000030e:	f423 6380 	bic.w	r3, r3, #1024	; 0x400
20000312:	60fb      	str	r3, [r7, #12]
        MDR_EEPROM->CMD = Command;
20000314:	4a13      	ldr	r2, [pc, #76]	; (20000364 <EEPROM_EraseAllPages+0xcc>)
20000316:	68fb      	ldr	r3, [r7, #12]
20000318:	6013      	str	r3, [r2, #0]
        ProgramDelay(GET_US_LOOPS(100));          /* Wait for 100 us */
2000031a:	2085      	movs	r0, #133	; 0x85
2000031c:	f000 f8f6 	bl	2000050c <ProgramDelay>
        //DELAY_PROGRAM_WaitLoopsAsm(DELAY_PROGRAM_GET_US_LOOPS(100, DelayConstUs));     /* Wait for 100 us */
        Command &= ~(EEPROM_CMD_XE | EEPROM_CMD_MAS1 | EEPROM_CMD_NVSTR);
20000320:	68fb      	ldr	r3, [r7, #12]
20000322:	f423 5321 	bic.w	r3, r3, #10304	; 0x2840
20000326:	60fb      	str	r3, [r7, #12]
        MDR_EEPROM->CMD = Command;
20000328:	4a0e      	ldr	r2, [pc, #56]	; (20000364 <EEPROM_EraseAllPages+0xcc>)
2000032a:	68fb      	ldr	r3, [r7, #12]
2000032c:	6013      	str	r3, [r2, #0]
        ProgramDelay(GET_US_LOOPS(1));          /* Wait for 1 us */
2000032e:	2001      	movs	r0, #1
20000330:	f000 f8ec 	bl	2000050c <ProgramDelay>
    for (Offset = 0; Offset < (4 << 2); Offset += 4)
20000334:	68bb      	ldr	r3, [r7, #8]
20000336:	3304      	adds	r3, #4
20000338:	60bb      	str	r3, [r7, #8]
2000033a:	68bb      	ldr	r3, [r7, #8]
2000033c:	2b0f      	cmp	r3, #15
2000033e:	d9ca      	bls.n	200002d6 <EEPROM_EraseAllPages+0x3e>
        //DELAY_PROGRAM_WaitLoopsAsm(DELAY_PROGRAM_GET_US_LOOPS(1, DelayConstUs));       /* Wait for 1 us */
    }

    Command &= EEPROM_CMD_DELAY_Msk;
20000340:	68fb      	ldr	r3, [r7, #12]
20000342:	f003 0338 	and.w	r3, r3, #56	; 0x38
20000346:	60fb      	str	r3, [r7, #12]
    MDR_EEPROM->CMD = Command;
20000348:	4a06      	ldr	r2, [pc, #24]	; (20000364 <EEPROM_EraseAllPages+0xcc>)
2000034a:	68fb      	ldr	r3, [r7, #12]
2000034c:	6013      	str	r3, [r2, #0]
    MDR_EEPROM->KEY = 0;
2000034e:	4b05      	ldr	r3, [pc, #20]	; (20000364 <EEPROM_EraseAllPages+0xcc>)
20000350:	2200      	movs	r2, #0
20000352:	611a      	str	r2, [r3, #16]

    ProgramDelay(GET_US_LOOPS(4000));          /* Wait for 4 ms */
20000354:	f241 40d5 	movw	r0, #5333	; 0x14d5
20000358:	f000 f8d8 	bl	2000050c <ProgramDelay>
    //DELAY_PROGRAM_WaitLoopsAsm(DELAY_PROGRAM_GET_US_LOOPS(4000, DelayConstUs));        /* Wait for 4 ms */
}
2000035c:	bf00      	nop
2000035e:	3710      	adds	r7, #16
20000360:	46bd      	mov	sp, r7
20000362:	bd80      	pop	{r7, pc}
20000364:	40018000 	.word	0x40018000
20000368:	8aaa5551 	.word	0x8aaa5551

2000036c <EEPROM_ProgramByte>:
  *             @arg EEPROM_Info_Bank_Select:      The EEPROM Information Bank selector.
  * @param  Data: The data value to be programmed.
  * @retval None
  */
__RAMFUNC void EEPROM_ProgramByte(uint32_t Address, EEPROM_Mem_Bank BankSelector, uint32_t Data)
{
2000036c:	b580      	push	{r7, lr}
2000036e:	b088      	sub	sp, #32
20000370:	af00      	add	r7, sp, #0
20000372:	60f8      	str	r0, [r7, #12]
20000374:	460b      	mov	r3, r1
20000376:	607a      	str	r2, [r7, #4]
20000378:	72fb      	strb	r3, [r7, #11]
    uint32_t Tmp;
    uint32_t Shift;

    assert_param(IS_EEPROM_BANK_SELECTOR(BankSelector));

    Shift = (Address & 3) * 8;
2000037a:	68fb      	ldr	r3, [r7, #12]
2000037c:	f003 0303 	and.w	r3, r3, #3
20000380:	00db      	lsls	r3, r3, #3
20000382:	61fb      	str	r3, [r7, #28]
    Data = Data << Shift;
20000384:	687a      	ldr	r2, [r7, #4]
20000386:	69fb      	ldr	r3, [r7, #28]
20000388:	fa02 f303 	lsl.w	r3, r2, r3
2000038c:	607b      	str	r3, [r7, #4]
    Mask = 0xFF << Shift;
2000038e:	22ff      	movs	r2, #255	; 0xff
20000390:	69fb      	ldr	r3, [r7, #28]
20000392:	fa02 f303 	lsl.w	r3, r2, r3
20000396:	61bb      	str	r3, [r7, #24]

    Tmp = EEPROM_ReadWord(Address, BankSelector);
20000398:	7afb      	ldrb	r3, [r7, #11]
2000039a:	4619      	mov	r1, r3
2000039c:	68f8      	ldr	r0, [r7, #12]
2000039e:	f7ff fecb 	bl	20000138 <EEPROM_ReadWord>
200003a2:	6178      	str	r0, [r7, #20]

    EEPROM_ProgramWord(Address, BankSelector, (Tmp & ~Mask) | (Data & Mask));
200003a4:	69bb      	ldr	r3, [r7, #24]
200003a6:	43da      	mvns	r2, r3
200003a8:	697b      	ldr	r3, [r7, #20]
200003aa:	401a      	ands	r2, r3
200003ac:	6879      	ldr	r1, [r7, #4]
200003ae:	69bb      	ldr	r3, [r7, #24]
200003b0:	400b      	ands	r3, r1
200003b2:	431a      	orrs	r2, r3
200003b4:	7afb      	ldrb	r3, [r7, #11]
200003b6:	4619      	mov	r1, r3
200003b8:	68f8      	ldr	r0, [r7, #12]
200003ba:	f000 f832 	bl	20000422 <EEPROM_ProgramWord>
}
200003be:	bf00      	nop
200003c0:	3720      	adds	r7, #32
200003c2:	46bd      	mov	sp, r7
200003c4:	bd80      	pop	{r7, pc}

200003c6 <EEPROM_ProgramHalfWord>:
  *             @arg EEPROM_Info_Bank_Select:      The EEPROM Information Bank selector.
  * @param  Data: The data value to be programmed.
  * @retval None
  */
__RAMFUNC void EEPROM_ProgramHalfWord(uint32_t Address, EEPROM_Mem_Bank BankSelector, uint32_t Data)
{
200003c6:	b580      	push	{r7, lr}
200003c8:	b088      	sub	sp, #32
200003ca:	af00      	add	r7, sp, #0
200003cc:	60f8      	str	r0, [r7, #12]
200003ce:	460b      	mov	r3, r1
200003d0:	607a      	str	r2, [r7, #4]
200003d2:	72fb      	strb	r3, [r7, #11]
    uint32_t Shift;

    assert_param(IS_EEPROM_BANK_SELECTOR(BankSelector));
    assert_param(IS_TWO_BYTE_ALLIGNED(Address));

    Shift = (Address & 2) * 8;
200003d4:	68fb      	ldr	r3, [r7, #12]
200003d6:	f003 0302 	and.w	r3, r3, #2
200003da:	00db      	lsls	r3, r3, #3
200003dc:	61fb      	str	r3, [r7, #28]
    Data = Data << Shift;
200003de:	687a      	ldr	r2, [r7, #4]
200003e0:	69fb      	ldr	r3, [r7, #28]
200003e2:	fa02 f303 	lsl.w	r3, r2, r3
200003e6:	607b      	str	r3, [r7, #4]
    Mask = 0xFFFF << Shift;
200003e8:	f64f 72ff 	movw	r2, #65535	; 0xffff
200003ec:	69fb      	ldr	r3, [r7, #28]
200003ee:	fa02 f303 	lsl.w	r3, r2, r3
200003f2:	61bb      	str	r3, [r7, #24]

    Tmp = EEPROM_ReadWord(Address, BankSelector);
200003f4:	7afb      	ldrb	r3, [r7, #11]
200003f6:	4619      	mov	r1, r3
200003f8:	68f8      	ldr	r0, [r7, #12]
200003fa:	f7ff fe9d 	bl	20000138 <EEPROM_ReadWord>
200003fe:	6178      	str	r0, [r7, #20]

    EEPROM_ProgramWord(Address, BankSelector, (Tmp & ~Mask) | (Data & Mask));
20000400:	69bb      	ldr	r3, [r7, #24]
20000402:	43da      	mvns	r2, r3
20000404:	697b      	ldr	r3, [r7, #20]
20000406:	401a      	ands	r2, r3
20000408:	6879      	ldr	r1, [r7, #4]
2000040a:	69bb      	ldr	r3, [r7, #24]
2000040c:	400b      	ands	r3, r1
2000040e:	431a      	orrs	r2, r3
20000410:	7afb      	ldrb	r3, [r7, #11]
20000412:	4619      	mov	r1, r3
20000414:	68f8      	ldr	r0, [r7, #12]
20000416:	f000 f804 	bl	20000422 <EEPROM_ProgramWord>
}
2000041a:	bf00      	nop
2000041c:	3720      	adds	r7, #32
2000041e:	46bd      	mov	sp, r7
20000420:	bd80      	pop	{r7, pc}

20000422 <EEPROM_ProgramWord>:
  *             @arg EEPROM_Info_Bank_Select:      The EEPROM Information Bank selector.
  * @param  Data: The data value to be programmed.
  * @retval None
  */
__RAMFUNC void EEPROM_ProgramWord(uint32_t Address, EEPROM_Mem_Bank BankSelector, uint32_t Data)
{
20000422:	b580      	push	{r7, lr}
20000424:	b086      	sub	sp, #24
20000426:	af00      	add	r7, sp, #0
20000428:	60f8      	str	r0, [r7, #12]
2000042a:	460b      	mov	r3, r1
2000042c:	607a      	str	r2, [r7, #4]
2000042e:	72fb      	strb	r3, [r7, #11]

    (void)DelayConstUs;
    //DelayConstUs = DELAY_PROGRAM_GET_CONST_US((uint32_t)FLASH_PROG_FREQ_MHZ*1E6);


    MDR_EEPROM->KEY = EEPROM_REG_ACCESS_KEY;
20000430:	4b31      	ldr	r3, [pc, #196]	; (200004f8 <EEPROM_ProgramWord+0xd6>)
20000432:	4a32      	ldr	r2, [pc, #200]	; (200004fc <EEPROM_ProgramWord+0xda>)
20000434:	611a      	str	r2, [r3, #16]
    Command = MDR_EEPROM->CMD & EEPROM_CMD_DELAY_Msk;
20000436:	4b30      	ldr	r3, [pc, #192]	; (200004f8 <EEPROM_ProgramWord+0xd6>)
20000438:	681b      	ldr	r3, [r3, #0]
2000043a:	f003 0338 	and.w	r3, r3, #56	; 0x38
2000043e:	617b      	str	r3, [r7, #20]
    Command |= EEPROM_CMD_CON;
20000440:	697b      	ldr	r3, [r7, #20]
20000442:	f043 0301 	orr.w	r3, r3, #1
20000446:	617b      	str	r3, [r7, #20]
    Command |= (BankSelector == EEPROM_Info_Bank_Select) ? EEPROM_CMD_IFREN : 0;
20000448:	7afb      	ldrb	r3, [r7, #11]
2000044a:	2b01      	cmp	r3, #1
2000044c:	d102      	bne.n	20000454 <EEPROM_ProgramWord+0x32>
2000044e:	f44f 7300 	mov.w	r3, #512	; 0x200
20000452:	e000      	b.n	20000456 <EEPROM_ProgramWord+0x34>
20000454:	2300      	movs	r3, #0
20000456:	697a      	ldr	r2, [r7, #20]
20000458:	4313      	orrs	r3, r2
2000045a:	617b      	str	r3, [r7, #20]
    MDR_EEPROM->CMD = Command;
2000045c:	4a26      	ldr	r2, [pc, #152]	; (200004f8 <EEPROM_ProgramWord+0xd6>)
2000045e:	697b      	ldr	r3, [r7, #20]
20000460:	6013      	str	r3, [r2, #0]
    MDR_EEPROM->ADR = Address;
20000462:	4a25      	ldr	r2, [pc, #148]	; (200004f8 <EEPROM_ProgramWord+0xd6>)
20000464:	68fb      	ldr	r3, [r7, #12]
20000466:	6053      	str	r3, [r2, #4]
    MDR_EEPROM->DI  = Data;
20000468:	4a23      	ldr	r2, [pc, #140]	; (200004f8 <EEPROM_ProgramWord+0xd6>)
2000046a:	687b      	ldr	r3, [r7, #4]
2000046c:	6093      	str	r3, [r2, #8]
    Command |= EEPROM_CMD_XE | EEPROM_CMD_PROG;
2000046e:	697b      	ldr	r3, [r7, #20]
20000470:	f443 5382 	orr.w	r3, r3, #4160	; 0x1040
20000474:	617b      	str	r3, [r7, #20]
    MDR_EEPROM->CMD = Command;
20000476:	4a20      	ldr	r2, [pc, #128]	; (200004f8 <EEPROM_ProgramWord+0xd6>)
20000478:	697b      	ldr	r3, [r7, #20]
2000047a:	6013      	str	r3, [r2, #0]
    ProgramDelay(GET_US_LOOPS(5));
2000047c:	2006      	movs	r0, #6
2000047e:	f000 f845 	bl	2000050c <ProgramDelay>
    //DELAY_PROGRAM_WaitLoopsAsm(DELAY_PROGRAM_GET_US_LOOPS(5, DelayConstUs));       /* Wait for 5 us */
    Command |= EEPROM_CMD_NVSTR;
20000482:	697b      	ldr	r3, [r7, #20]
20000484:	f443 5300 	orr.w	r3, r3, #8192	; 0x2000
20000488:	617b      	str	r3, [r7, #20]
    MDR_EEPROM->CMD = Command;
2000048a:	4a1b      	ldr	r2, [pc, #108]	; (200004f8 <EEPROM_ProgramWord+0xd6>)
2000048c:	697b      	ldr	r3, [r7, #20]
2000048e:	6013      	str	r3, [r2, #0]
    ProgramDelay(GET_US_LOOPS(10));
20000490:	200d      	movs	r0, #13
20000492:	f000 f83b 	bl	2000050c <ProgramDelay>
    //DELAY_PROGRAM_WaitLoopsAsm(DELAY_PROGRAM_GET_US_LOOPS(10, DelayConstUs));      /* Wait for 10 us */
    Command |= EEPROM_CMD_YE;
20000496:	697b      	ldr	r3, [r7, #20]
20000498:	f043 0380 	orr.w	r3, r3, #128	; 0x80
2000049c:	617b      	str	r3, [r7, #20]
    MDR_EEPROM->CMD = Command;
2000049e:	4a16      	ldr	r2, [pc, #88]	; (200004f8 <EEPROM_ProgramWord+0xd6>)
200004a0:	697b      	ldr	r3, [r7, #20]
200004a2:	6013      	str	r3, [r2, #0]
    ProgramDelay(GET_US_LOOPS(30));
200004a4:	2028      	movs	r0, #40	; 0x28
200004a6:	f000 f831 	bl	2000050c <ProgramDelay>
    //DELAY_PROGRAM_WaitLoopsAsm(DELAY_PROGRAM_GET_US_LOOPS(30, DelayConstUs));      /* Wait for 30 us */
    Command &= ~EEPROM_CMD_YE;
200004aa:	697b      	ldr	r3, [r7, #20]
200004ac:	f023 0380 	bic.w	r3, r3, #128	; 0x80
200004b0:	617b      	str	r3, [r7, #20]
    MDR_EEPROM->CMD = Command;
200004b2:	4a11      	ldr	r2, [pc, #68]	; (200004f8 <EEPROM_ProgramWord+0xd6>)
200004b4:	697b      	ldr	r3, [r7, #20]
200004b6:	6013      	str	r3, [r2, #0]
    Command &= ~EEPROM_CMD_PROG;
200004b8:	697b      	ldr	r3, [r7, #20]
200004ba:	f423 5380 	bic.w	r3, r3, #4096	; 0x1000
200004be:	617b      	str	r3, [r7, #20]
    MDR_EEPROM->CMD = Command;
200004c0:	4a0d      	ldr	r2, [pc, #52]	; (200004f8 <EEPROM_ProgramWord+0xd6>)
200004c2:	697b      	ldr	r3, [r7, #20]
200004c4:	6013      	str	r3, [r2, #0]
    ProgramDelay(GET_US_LOOPS(5));
200004c6:	2006      	movs	r0, #6
200004c8:	f000 f820 	bl	2000050c <ProgramDelay>
    //DELAY_PROGRAM_WaitLoopsAsm(DELAY_PROGRAM_GET_US_LOOPS(5, DelayConstUs));       /* Wait for 5 us */
    Command &= ~(EEPROM_CMD_XE | EEPROM_CMD_NVSTR);
200004cc:	697b      	ldr	r3, [r7, #20]
200004ce:	f423 5301 	bic.w	r3, r3, #8256	; 0x2040
200004d2:	617b      	str	r3, [r7, #20]
    MDR_EEPROM->CMD = Command;
200004d4:	4a08      	ldr	r2, [pc, #32]	; (200004f8 <EEPROM_ProgramWord+0xd6>)
200004d6:	697b      	ldr	r3, [r7, #20]
200004d8:	6013      	str	r3, [r2, #0]
    ProgramDelay(GET_US_LOOPS(1));
200004da:	2001      	movs	r0, #1
200004dc:	f000 f816 	bl	2000050c <ProgramDelay>
    //DELAY_PROGRAM_WaitLoopsAsm(DELAY_PROGRAM_GET_US_LOOPS(1, DelayConstUs));       /* Wait for 1 us */

    MDR_EEPROM->CMD = Command & EEPROM_CMD_DELAY_Msk;
200004e0:	4a05      	ldr	r2, [pc, #20]	; (200004f8 <EEPROM_ProgramWord+0xd6>)
200004e2:	697b      	ldr	r3, [r7, #20]
200004e4:	f003 0338 	and.w	r3, r3, #56	; 0x38
200004e8:	6013      	str	r3, [r2, #0]
    MDR_EEPROM->KEY = 0;
200004ea:	4b03      	ldr	r3, [pc, #12]	; (200004f8 <EEPROM_ProgramWord+0xd6>)
200004ec:	2200      	movs	r2, #0
200004ee:	611a      	str	r2, [r3, #16]
}
200004f0:	bf00      	nop
200004f2:	3718      	adds	r7, #24
200004f4:	46bd      	mov	sp, r7
200004f6:	bd80      	pop	{r7, pc}
200004f8:	40018000 	.word	0x40018000
200004fc:	8aaa5551 	.word	0x8aaa5551

20000500 <EEPROM_UpdateDCache>:
  *          ASM implementation is used for MCU MDR32F1QI (errata 0007).
  * @param   None
  * @retval  None
  */
__RAMFUNC void EEPROM_UpdateDCache(void)
{
20000500:	b580      	push	{r7, lr}
20000502:	af00      	add	r7, sp, #0
#if defined (USE_MDR32F9xI) || defined (USE_MDR32FG16S1QI)
    EEPROM_UpdateDCacheC();
20000504:	f000 f818 	bl	20000538 <EEPROM_UpdateDCacheC>
#elif defined (USE_MDR32F1QI)
    EEPROM_UpdateDCacheAsm();
#endif
}
20000508:	bf00      	nop
2000050a:	bd80      	pop	{r7, pc}

2000050c <ProgramDelay>:
{
2000050c:	b480      	push	{r7}
2000050e:	b085      	sub	sp, #20
20000510:	af00      	add	r7, sp, #0
20000512:	6078      	str	r0, [r7, #4]
  for (i = 0; i < Loops; i++)
20000514:	2300      	movs	r3, #0
20000516:	60fb      	str	r3, [r7, #12]
20000518:	e004      	b.n	20000524 <ProgramDelay+0x18>
  __ASM volatile ("nop");
2000051a:	bf00      	nop
}
2000051c:	bf00      	nop
2000051e:	68fb      	ldr	r3, [r7, #12]
20000520:	3301      	adds	r3, #1
20000522:	60fb      	str	r3, [r7, #12]
20000524:	68fb      	ldr	r3, [r7, #12]
20000526:	687a      	ldr	r2, [r7, #4]
20000528:	429a      	cmp	r2, r3
2000052a:	d8f6      	bhi.n	2000051a <ProgramDelay+0xe>
}
2000052c:	bf00      	nop
2000052e:	bf00      	nop
20000530:	3714      	adds	r7, #20
20000532:	46bd      	mov	sp, r7
20000534:	bc80      	pop	{r7}
20000536:	4770      	bx	lr

20000538 <EEPROM_UpdateDCacheC>:
  * @warning This C-style function is only used for MCU MDR32F9Q2I, MDR1986VE94GI and MDR32FG16S1QI.
  * @param   None
  * @retval  None
  */
__RAMFUNC __STATIC_INLINE void EEPROM_UpdateDCacheC(void)
{
20000538:	b480      	push	{r7}
2000053a:	b085      	sub	sp, #20
2000053c:	af00      	add	r7, sp, #0
    volatile uint32_t i, tmp;
    volatile uint32_t *ptr_eeprom = (uint32_t *) (EEPROM_START_ADDR);
2000053e:	f04f 6300 	mov.w	r3, #134217728	; 0x8000000
20000542:	60fb      	str	r3, [r7, #12]
    else
    {
        i = 5;
    }
#else
    i = 5;
20000544:	2305      	movs	r3, #5
20000546:	60bb      	str	r3, [r7, #8]
#endif /* #if defined (USE_MDR32FG16S1QI) */
    
    /* Reading EEPROM memory to update the data cache */
    for(; i > 0; i--)
20000548:	e008      	b.n	2000055c <EEPROM_UpdateDCacheC+0x24>
    {
        tmp = ptr_eeprom[i << 2];
2000054a:	68bb      	ldr	r3, [r7, #8]
2000054c:	011b      	lsls	r3, r3, #4
2000054e:	68fa      	ldr	r2, [r7, #12]
20000550:	4413      	add	r3, r2
20000552:	681b      	ldr	r3, [r3, #0]
20000554:	607b      	str	r3, [r7, #4]
    for(; i > 0; i--)
20000556:	68bb      	ldr	r3, [r7, #8]
20000558:	3b01      	subs	r3, #1
2000055a:	60bb      	str	r3, [r7, #8]
2000055c:	68bb      	ldr	r3, [r7, #8]
2000055e:	2b00      	cmp	r3, #0
20000560:	d1f3      	bne.n	2000054a <EEPROM_UpdateDCacheC+0x12>
    }
    (void)tmp;
20000562:	687b      	ldr	r3, [r7, #4]
}
20000564:	bf00      	nop
20000566:	3714      	adds	r7, #20
20000568:	46bd      	mov	sp, r7
2000056a:	bc80      	pop	{r7}
2000056c:	4770      	bx	lr
2000056e:	bf00      	nop

20000570 <eeprom_clear>:
{
20000570:	b580      	push	{r7, lr}
20000572:	b086      	sub	sp, #24
20000574:	af00      	add	r7, sp, #0
20000576:	6078      	str	r0, [r7, #4]
20000578:	2301      	movs	r3, #1
2000057a:	60fb      	str	r3, [r7, #12]
  __ASM volatile ("MSR faultmask, %0" : : "r" (faultMask) : "memory");
2000057c:	68fb      	ldr	r3, [r7, #12]
2000057e:	f383 8813 	msr	FAULTMASK, r3
}
20000582:	bf00      	nop
    int res = EEPROM_OK;  
20000584:	2301      	movs	r3, #1
20000586:	617b      	str	r3, [r7, #20]
    Eeprom_adress = adressPage;
20000588:	4a09      	ldr	r2, [pc, #36]	; (200005b0 <eeprom_clear+0x40>)
2000058a:	687b      	ldr	r3, [r7, #4]
2000058c:	6013      	str	r3, [r2, #0]
	EEPROM_ErasePage(Eeprom_adress, BANK_SELECTOR);
2000058e:	4b08      	ldr	r3, [pc, #32]	; (200005b0 <eeprom_clear+0x40>)
20000590:	681b      	ldr	r3, [r3, #0]
20000592:	2100      	movs	r1, #0
20000594:	4618      	mov	r0, r3
20000596:	4b07      	ldr	r3, [pc, #28]	; (200005b4 <eeprom_clear+0x44>)
20000598:	4798      	blx	r3
2000059a:	2300      	movs	r3, #0
2000059c:	613b      	str	r3, [r7, #16]
  __ASM volatile ("MSR faultmask, %0" : : "r" (faultMask) : "memory");
2000059e:	693b      	ldr	r3, [r7, #16]
200005a0:	f383 8813 	msr	FAULTMASK, r3
}
200005a4:	bf00      	nop
    return res;
200005a6:	697b      	ldr	r3, [r7, #20]
}
200005a8:	4618      	mov	r0, r3
200005aa:	3718      	adds	r7, #24
200005ac:	46bd      	mov	sp, r7
200005ae:	bd80      	pop	{r7, pc}
200005b0:	200010d8 	.word	0x200010d8
200005b4:	200001bd 	.word	0x200001bd

200005b8 <eeprom_write>:
{
200005b8:	b580      	push	{r7, lr}
200005ba:	b088      	sub	sp, #32
200005bc:	af00      	add	r7, sp, #0
200005be:	60f8      	str	r0, [r7, #12]
200005c0:	60b9      	str	r1, [r7, #8]
200005c2:	607a      	str	r2, [r7, #4]
    int res = EEPROM_OK; 
200005c4:	2301      	movs	r3, #1
200005c6:	61bb      	str	r3, [r7, #24]
200005c8:	2301      	movs	r3, #1
200005ca:	617b      	str	r3, [r7, #20]
  __ASM volatile ("MSR faultmask, %0" : : "r" (faultMask) : "memory");
200005cc:	697b      	ldr	r3, [r7, #20]
200005ce:	f383 8813 	msr	FAULTMASK, r3
}
200005d2:	bf00      	nop
	Eeprom_adress = adressPage; 
200005d4:	4a13      	ldr	r2, [pc, #76]	; (20000624 <eeprom_write+0x6c>)
200005d6:	68fb      	ldr	r3, [r7, #12]
200005d8:	6013      	str	r3, [r2, #0]
    for(int i=0; i<len; i++)
200005da:	2300      	movs	r3, #0
200005dc:	61fb      	str	r3, [r7, #28]
200005de:	e011      	b.n	20000604 <eeprom_write+0x4c>
        EEPROM_ProgramWord(Eeprom_adress+(i*4), BANK_SELECTOR,  data[i]);
200005e0:	69fb      	ldr	r3, [r7, #28]
200005e2:	009b      	lsls	r3, r3, #2
200005e4:	461a      	mov	r2, r3
200005e6:	4b0f      	ldr	r3, [pc, #60]	; (20000624 <eeprom_write+0x6c>)
200005e8:	681b      	ldr	r3, [r3, #0]
200005ea:	18d0      	adds	r0, r2, r3
200005ec:	69fb      	ldr	r3, [r7, #28]
200005ee:	009b      	lsls	r3, r3, #2
200005f0:	68ba      	ldr	r2, [r7, #8]
200005f2:	4413      	add	r3, r2
200005f4:	681b      	ldr	r3, [r3, #0]
200005f6:	461a      	mov	r2, r3
200005f8:	2100      	movs	r1, #0
200005fa:	4b0b      	ldr	r3, [pc, #44]	; (20000628 <eeprom_write+0x70>)
200005fc:	4798      	blx	r3
    for(int i=0; i<len; i++)
200005fe:	69fb      	ldr	r3, [r7, #28]
20000600:	3301      	adds	r3, #1
20000602:	61fb      	str	r3, [r7, #28]
20000604:	69fa      	ldr	r2, [r7, #28]
20000606:	687b      	ldr	r3, [r7, #4]
20000608:	429a      	cmp	r2, r3
2000060a:	dbe9      	blt.n	200005e0 <eeprom_write+0x28>
2000060c:	2300      	movs	r3, #0
2000060e:	613b      	str	r3, [r7, #16]
  __ASM volatile ("MSR faultmask, %0" : : "r" (faultMask) : "memory");
20000610:	693b      	ldr	r3, [r7, #16]
20000612:	f383 8813 	msr	FAULTMASK, r3
}
20000616:	bf00      	nop
    return res; 
20000618:	69bb      	ldr	r3, [r7, #24]
}
2000061a:	4618      	mov	r0, r3
2000061c:	3720      	adds	r7, #32
2000061e:	46bd      	mov	sp, r7
20000620:	bd80      	pop	{r7, pc}
20000622:	bf00      	nop
20000624:	200010d8 	.word	0x200010d8
20000628:	20000423 	.word	0x20000423

2000062c <SystemCoreClock>:
2000062c:	007a1200                                ..z.

20000630 <encoders_enble_flag>:
20000630:	01010101 00000001                       ........

20000638 <cfg_single_buttons>:
20000638:	00000005 080066c0 20000630 080066fc     .....f..0.. .f..
20000648:	00000001                                ....

2000064c <ILI9322_DEFAULT_CONFIG>:
2000064c:	00060101 00000000 00000000 00000000     ................
2000065c:	00000101 04000001 07070707 07070707     ................
2000066c:	07070707 07070707 00000880              ............

20000678 <cfg_display>:
20000678:	08006708 2000064c                       .g..L.. 

20000680 <rx_buf>:
20000680:	00000000 00000001 00000002 00000003     ................
20000690:	00000004 00000005 00000006 00000007     ................
200006a0:	00000008 00000009 0000000a 0000000b     ................
200006b0:	0000000c 0000000d 0000000e 0000000f     ................

200006c0 <tx_buf>:
200006c0:	00000010 00000011 00000012 00000013     ................
200006d0:	00000014 00000015 00000016 00000017     ................
200006e0:	00000018 00000019 0000001a 0000001b     ................
200006f0:	0000001c 0000001d 0000001e 0000001f     ................

20000700 <pin>:
20000700:	400a8000 00000002 00000001              ...@........

2000070c <pin.1>:
2000070c:	400a8000 00000001 00000001              ...@........

20000718 <pin.0>:
20000718:	400b0000 00000007 00000001              ...@........
